three_other_constraints_for_tomato_production_Feb_March_2020,other_constraints_for_tomato_production_Feb_March_2020,level_of_severity_tomato_production_Feb_March_2020,PARENT_KEY,KEY
Plant_diseases_,,High,uuid:a8bc8744-46f6-45a7-84eb-19febbd60cc1/SCLAMP_EA_Questionaire/Long_rain_season/Feb_March_2020[2],uuid:a8bc8744-46f6-45a7-84eb-19febbd60cc1/SCLAMP_EA_Questionaire/Long_rain_season/Feb_March_2020[2]/constraints_for_tomato_production_Feb_March_2020[1]
Cut_worm,,Low,uuid:a3ccb1fc-001f-4975-9b72-afabca6a6a2e/SCLAMP_EA_Questionaire/Long_rain_season/Feb_March_2020[1],uuid:a3ccb1fc-001f-4975-9b72-afabca6a6a2e/SCLAMP_EA_Questionaire/Long_rain_season/Feb_March_2020[1]/constraints_for_tomato_production_Feb_March_2020[1]
Cut_worm,,Medium,uuid:6a3d918a-96b5-4483-90ca-c8ffc63bcf7f/SCLAMP_EA_Questionaire/Long_rain_season/Feb_March_2020[3],uuid:6a3d918a-96b5-4483-90ca-c8ffc63bcf7f/SCLAMP_EA_Questionaire/Long_rain_season/Feb_March_2020[3]/constraints_for_tomato_production_Feb_March_2020[1]
Plant_diseases_,,Low,uuid:6a3d918a-96b5-4483-90ca-c8ffc63bcf7f/SCLAMP_EA_Questionaire/Long_rain_season/Feb_March_2020[3],uuid:6a3d918a-96b5-4483-90ca-c8ffc63bcf7f/SCLAMP_EA_Questionaire/Long_rain_season/Feb_March_2020[3]/constraints_for_tomato_production_Feb_March_2020[2]
other,Pests that destroy the base (area that is close to the soil) of the plant,Medium,uuid:4539cd93-da37-444c-a03c-ab3229edda1b/SCLAMP_EA_Questionaire/Long_rain_season/Feb_March_2020[1],uuid:4539cd93-da37-444c-a03c-ab3229edda1b/SCLAMP_EA_Questionaire/Long_rain_season/Feb_March_2020[1]/constraints_for_tomato_production_Feb_March_2020[1]
Cut_worm,,Low,uuid:f78c9d9c-207e-4bf0-9bef-1d6a34f2a9ba/SCLAMP_EA_Questionaire/Long_rain_season/Feb_March_2020[2],uuid:f78c9d9c-207e-4bf0-9bef-1d6a34f2a9ba/SCLAMP_EA_Questionaire/Long_rain_season/Feb_March_2020[2]/constraints_for_tomato_production_Feb_March_2020[1]
other,Falling off of the leaves,Low,uuid:f78c9d9c-207e-4bf0-9bef-1d6a34f2a9ba/SCLAMP_EA_Questionaire/Long_rain_season/Feb_March_2020[2],uuid:f78c9d9c-207e-4bf0-9bef-1d6a34f2a9ba/SCLAMP_EA_Questionaire/Long_rain_season/Feb_March_2020[2]/constraints_for_tomato_production_Feb_March_2020[2]
other,Drying of plants,High,uuid:47874c59-ec6e-4ee9-a583-f75e61074196/SCLAMP_EA_Questionaire/Long_rain_season/Feb_March_2020[2],uuid:47874c59-ec6e-4ee9-a583-f75e61074196/SCLAMP_EA_Questionaire/Long_rain_season/Feb_March_2020[2]/constraints_for_tomato_production_Feb_March_2020[1]
Ballworm,,Medium,uuid:47874c59-ec6e-4ee9-a583-f75e61074196/SCLAMP_EA_Questionaire/Long_rain_season/Feb_March_2020[2],uuid:47874c59-ec6e-4ee9-a583-f75e61074196/SCLAMP_EA_Questionaire/Long_rain_season/Feb_March_2020[2]/constraints_for_tomato_production_Feb_March_2020[2]
other,Yellowing of leaves,Medium,uuid:5a10310c-170c-4ec9-abcb-00272c02fea4/SCLAMP_EA_Questionaire/Long_rain_season/Feb_March_2020[2],uuid:5a10310c-170c-4ec9-abcb-00272c02fea4/SCLAMP_EA_Questionaire/Long_rain_season/Feb_March_2020[2]/constraints_for_tomato_production_Feb_March_2020[1]
Too_much_rain,,High,uuid:5a10310c-170c-4ec9-abcb-00272c02fea4/SCLAMP_EA_Questionaire/Long_rain_season/Feb_March_2020[2],uuid:5a10310c-170c-4ec9-abcb-00272c02fea4/SCLAMP_EA_Questionaire/Long_rain_season/Feb_March_2020[2]/constraints_for_tomato_production_Feb_March_2020[2]
Ballworm,,Medium,uuid:e299f4eb-8fda-4c6d-9ce8-244fff556ffa/SCLAMP_EA_Questionaire/Long_rain_season/Feb_March_2020[1],uuid:e299f4eb-8fda-4c6d-9ce8-244fff556ffa/SCLAMP_EA_Questionaire/Long_rain_season/Feb_March_2020[1]/constraints_for_tomato_production_Feb_March_2020[1]
other,Burns on the bottom of the fruit,Low,uuid:e299f4eb-8fda-4c6d-9ce8-244fff556ffa/SCLAMP_EA_Questionaire/Long_rain_season/Feb_March_2020[1],uuid:e299f4eb-8fda-4c6d-9ce8-244fff556ffa/SCLAMP_EA_Questionaire/Long_rain_season/Feb_March_2020[1]/constraints_for_tomato_production_Feb_March_2020[2]
Ballworm,,Medium,uuid:1a9ec839-9334-4076-9d8b-4f84d65c60c2/SCLAMP_EA_Questionaire/Long_rain_season/Feb_March_2020[2],uuid:1a9ec839-9334-4076-9d8b-4f84d65c60c2/SCLAMP_EA_Questionaire/Long_rain_season/Feb_March_2020[2]/constraints_for_tomato_production_Feb_March_2020[1]
Soil_fertility_exhaustion_,,Low,uuid:1a9ec839-9334-4076-9d8b-4f84d65c60c2/SCLAMP_EA_Questionaire/Long_rain_season/Feb_March_2020[2],uuid:1a9ec839-9334-4076-9d8b-4f84d65c60c2/SCLAMP_EA_Questionaire/Long_rain_season/Feb_March_2020[2]/constraints_for_tomato_production_Feb_March_2020[2]
other,Drying of plants,Medium,uuid:eaadad04-4464-49cd-a2bd-d1a3c8aa52d3/SCLAMP_EA_Questionaire/Long_rain_season/Feb_March_2020[2],uuid:eaadad04-4464-49cd-a2bd-d1a3c8aa52d3/SCLAMP_EA_Questionaire/Long_rain_season/Feb_March_2020[2]/constraints_for_tomato_production_Feb_March_2020[1]
other,Drying of plants,High,uuid:43b7710e-d047-4b4e-bf1f-60bd68ed68b2/SCLAMP_EA_Questionaire/Long_rain_season/Feb_March_2020[1],uuid:43b7710e-d047-4b4e-bf1f-60bd68ed68b2/SCLAMP_EA_Questionaire/Long_rain_season/Feb_March_2020[1]/constraints_for_tomato_production_Feb_March_2020[1]
Other_leaf_miners_Lirimyza_spec,,Low,uuid:57b8fcb2-2b67-49c3-8021-63d05217bd33/SCLAMP_EA_Questionaire/Long_rain_season/Feb_March_2020[2],uuid:57b8fcb2-2b67-49c3-8021-63d05217bd33/SCLAMP_EA_Questionaire/Long_rain_season/Feb_March_2020[2]/constraints_for_tomato_production_Feb_March_2020[1]
other,Rotting of fruit,Medium,uuid:57b8fcb2-2b67-49c3-8021-63d05217bd33/SCLAMP_EA_Questionaire/Long_rain_season/Feb_March_2020[2],uuid:57b8fcb2-2b67-49c3-8021-63d05217bd33/SCLAMP_EA_Questionaire/Long_rain_season/Feb_March_2020[2]/constraints_for_tomato_production_Feb_March_2020[2]
other,Drying of leaves,High,uuid:4b4915f1-666c-463a-957c-897ecff93c31/SCLAMP_EA_Questionaire/Long_rain_season/Feb_March_2020[1],uuid:4b4915f1-666c-463a-957c-897ecff93c31/SCLAMP_EA_Questionaire/Long_rain_season/Feb_March_2020[1]/constraints_for_tomato_production_Feb_March_2020[1]
Ballworm,,Medium,uuid:d9cfae01-f338-4bca-a087-16ef9947f586/SCLAMP_EA_Questionaire/Long_rain_season/Feb_March_2020[2],uuid:d9cfae01-f338-4bca-a087-16ef9947f586/SCLAMP_EA_Questionaire/Long_rain_season/Feb_March_2020[2]/constraints_for_tomato_production_Feb_March_2020[1]
other,Wilting,Medium,uuid:d9cfae01-f338-4bca-a087-16ef9947f586/SCLAMP_EA_Questionaire/Long_rain_season/Feb_March_2020[2],uuid:d9cfae01-f338-4bca-a087-16ef9947f586/SCLAMP_EA_Questionaire/Long_rain_season/Feb_March_2020[2]/constraints_for_tomato_production_Feb_March_2020[2]
Cut_worm,,Medium,uuid:0b0d192a-5bab-4215-a5d9-acca65d1aa98/SCLAMP_EA_Questionaire/Long_rain_season/Feb_March_2020[1],uuid:0b0d192a-5bab-4215-a5d9-acca65d1aa98/SCLAMP_EA_Questionaire/Long_rain_season/Feb_March_2020[1]/constraints_for_tomato_production_Feb_March_2020[1]
Ballworm,,Medium,uuid:0b0d192a-5bab-4215-a5d9-acca65d1aa98/SCLAMP_EA_Questionaire/Long_rain_season/Feb_March_2020[1],uuid:0b0d192a-5bab-4215-a5d9-acca65d1aa98/SCLAMP_EA_Questionaire/Long_rain_season/Feb_March_2020[1]/constraints_for_tomato_production_Feb_March_2020[2]
other,Falling off of leaves and flowers,High,uuid:0b0d192a-5bab-4215-a5d9-acca65d1aa98/SCLAMP_EA_Questionaire/Long_rain_season/Feb_March_2020[1],uuid:0b0d192a-5bab-4215-a5d9-acca65d1aa98/SCLAMP_EA_Questionaire/Long_rain_season/Feb_March_2020[1]/constraints_for_tomato_production_Feb_March_2020[3]
other,Drying of the plants,Medium,uuid:903ef8da-3ef5-4aed-a642-1fb56ecca819/SCLAMP_EA_Questionaire/Long_rain_season/Feb_March_2020[3],uuid:903ef8da-3ef5-4aed-a642-1fb56ecca819/SCLAMP_EA_Questionaire/Long_rain_season/Feb_March_2020[3]/constraints_for_tomato_production_Feb_March_2020[1]
other,Drying of leaves,Medium,uuid:8d005c78-2678-40b8-85f2-847500b8d603/SCLAMP_EA_Questionaire/Long_rain_season/Feb_March_2020[2],uuid:8d005c78-2678-40b8-85f2-847500b8d603/SCLAMP_EA_Questionaire/Long_rain_season/Feb_March_2020[2]/constraints_for_tomato_production_Feb_March_2020[1]
other,Rotting of the fruit,Low,uuid:8d005c78-2678-40b8-85f2-847500b8d603/SCLAMP_EA_Questionaire/Long_rain_season/Feb_March_2020[2],uuid:8d005c78-2678-40b8-85f2-847500b8d603/SCLAMP_EA_Questionaire/Long_rain_season/Feb_March_2020[2]/constraints_for_tomato_production_Feb_March_2020[2]
Ballworm,,Medium,uuid:706361f5-93fc-4792-a155-95133b358e6e/SCLAMP_EA_Questionaire/Long_rain_season/Feb_March_2020[2],uuid:706361f5-93fc-4792-a155-95133b358e6e/SCLAMP_EA_Questionaire/Long_rain_season/Feb_March_2020[2]/constraints_for_tomato_production_Feb_March_2020[1]
Plant_diseases_,,High,uuid:706361f5-93fc-4792-a155-95133b358e6e/SCLAMP_EA_Questionaire/Long_rain_season/Feb_March_2020[2],uuid:706361f5-93fc-4792-a155-95133b358e6e/SCLAMP_EA_Questionaire/Long_rain_season/Feb_March_2020[2]/constraints_for_tomato_production_Feb_March_2020[2]
Soil_fertility_exhaustion_,,Medium,uuid:706361f5-93fc-4792-a155-95133b358e6e/SCLAMP_EA_Questionaire/Long_rain_season/Feb_March_2020[2],uuid:706361f5-93fc-4792-a155-95133b358e6e/SCLAMP_EA_Questionaire/Long_rain_season/Feb_March_2020[2]/constraints_for_tomato_production_Feb_March_2020[3]
Too_much_rain,,Medium,uuid:11ab4f84-6da2-4af9-b6ac-94a76465934c/SCLAMP_EA_Questionaire/Long_rain_season/Feb_March_2020[3],uuid:11ab4f84-6da2-4af9-b6ac-94a76465934c/SCLAMP_EA_Questionaire/Long_rain_season/Feb_March_2020[3]/constraints_for_tomato_production_Feb_March_2020[1]
other,Rotting of fruits,High,uuid:11ab4f84-6da2-4af9-b6ac-94a76465934c/SCLAMP_EA_Questionaire/Long_rain_season/Feb_March_2020[3],uuid:11ab4f84-6da2-4af9-b6ac-94a76465934c/SCLAMP_EA_Questionaire/Long_rain_season/Feb_March_2020[3]/constraints_for_tomato_production_Feb_March_2020[2]
Plant_diseases_,,High,uuid:b274dff4-d26b-4575-bc67-002c4ed769a7/SCLAMP_EA_Questionaire/Long_rain_season/Feb_March_2020[2],uuid:b274dff4-d26b-4575-bc67-002c4ed769a7/SCLAMP_EA_Questionaire/Long_rain_season/Feb_March_2020[2]/constraints_for_tomato_production_Feb_March_2020[1]
Plant_diseases_,,High,uuid:0cafa010-dd3e-4b35-92d9-02cf799ad342/SCLAMP_EA_Questionaire/Long_rain_season/Feb_March_2020[2],uuid:0cafa010-dd3e-4b35-92d9-02cf799ad342/SCLAMP_EA_Questionaire/Long_rain_season/Feb_March_2020[2]/constraints_for_tomato_production_Feb_March_2020[1]
Too_much_rain,,High,uuid:f6b6da6c-f4e9-412f-9f35-dbf1601dd087/SCLAMP_EA_Questionaire/Long_rain_season/Feb_March_2020[2],uuid:f6b6da6c-f4e9-412f-9f35-dbf1601dd087/SCLAMP_EA_Questionaire/Long_rain_season/Feb_March_2020[2]/constraints_for_tomato_production_Feb_March_2020[1]
Plant_diseases_,,High,uuid:eadc2067-16c3-4a6c-a3ee-5b82aab8063d/SCLAMP_EA_Questionaire/Long_rain_season/Feb_March_2020[2],uuid:eadc2067-16c3-4a6c-a3ee-5b82aab8063d/SCLAMP_EA_Questionaire/Long_rain_season/Feb_March_2020[2]/constraints_for_tomato_production_Feb_March_2020[1]
Plant_diseases_,,High,uuid:5314ad27-7f11-4c87-ab6b-baf35d397e26/SCLAMP_EA_Questionaire/Long_rain_season/Feb_March_2020[2],uuid:5314ad27-7f11-4c87-ab6b-baf35d397e26/SCLAMP_EA_Questionaire/Long_rain_season/Feb_March_2020[2]/constraints_for_tomato_production_Feb_March_2020[1]
Plant_diseases_,,High,uuid:a09a56a3-2458-454b-b319-93a1748d397c/SCLAMP_EA_Questionaire/Long_rain_season/Feb_March_2020[5],uuid:a09a56a3-2458-454b-b319-93a1748d397c/SCLAMP_EA_Questionaire/Long_rain_season/Feb_March_2020[5]/constraints_for_tomato_production_Feb_March_2020[1]
Plant_diseases_,,High,uuid:fd9997a8-5c57-493d-8d68-c383c018aceb/SCLAMP_EA_Questionaire/Long_rain_season/Feb_March_2020[2],uuid:fd9997a8-5c57-493d-8d68-c383c018aceb/SCLAMP_EA_Questionaire/Long_rain_season/Feb_March_2020[2]/constraints_for_tomato_production_Feb_March_2020[1]
Plant_diseases_,,Medium,uuid:fd9997a8-5c57-493d-8d68-c383c018aceb/SCLAMP_EA_Questionaire/Long_rain_season/Feb_March_2020[3],uuid:fd9997a8-5c57-493d-8d68-c383c018aceb/SCLAMP_EA_Questionaire/Long_rain_season/Feb_March_2020[3]/constraints_for_tomato_production_Feb_March_2020[1]
Too_much_rain,,High,uuid:fd9997a8-5c57-493d-8d68-c383c018aceb/SCLAMP_EA_Questionaire/Long_rain_season/Feb_March_2020[3],uuid:fd9997a8-5c57-493d-8d68-c383c018aceb/SCLAMP_EA_Questionaire/Long_rain_season/Feb_March_2020[3]/constraints_for_tomato_production_Feb_March_2020[2]
Plant_diseases_,,High,uuid:034dd39d-23d2-421c-b1a8-60fe85e15022/SCLAMP_EA_Questionaire/Long_rain_season/Feb_March_2020[2],uuid:034dd39d-23d2-421c-b1a8-60fe85e15022/SCLAMP_EA_Questionaire/Long_rain_season/Feb_March_2020[2]/constraints_for_tomato_production_Feb_March_2020[1]
Plant_diseases_,,High,uuid:64b66d1c-5eea-4132-8419-fe4ac895bd68/SCLAMP_EA_Questionaire/Long_rain_season/Feb_March_2020[2],uuid:64b66d1c-5eea-4132-8419-fe4ac895bd68/SCLAMP_EA_Questionaire/Long_rain_season/Feb_March_2020[2]/constraints_for_tomato_production_Feb_March_2020[1]
Other_leaf_miners_Lirimyza_spec,,High,uuid:4868aa22-5c33-4bb1-b952-d1d9a40d3f8c/SCLAMP_EA_Questionaire/Long_rain_season/Feb_March_2020[2],uuid:4868aa22-5c33-4bb1-b952-d1d9a40d3f8c/SCLAMP_EA_Questionaire/Long_rain_season/Feb_March_2020[2]/constraints_for_tomato_production_Feb_March_2020[1]
Red_spider_mite,,Medium,uuid:4868aa22-5c33-4bb1-b952-d1d9a40d3f8c/SCLAMP_EA_Questionaire/Long_rain_season/Feb_March_2020[2],uuid:4868aa22-5c33-4bb1-b952-d1d9a40d3f8c/SCLAMP_EA_Questionaire/Long_rain_season/Feb_March_2020[2]/constraints_for_tomato_production_Feb_March_2020[2]
other,Cloudy ,Medium,uuid:4868aa22-5c33-4bb1-b952-d1d9a40d3f8c/SCLAMP_EA_Questionaire/Long_rain_season/Feb_March_2020[2],uuid:4868aa22-5c33-4bb1-b952-d1d9a40d3f8c/SCLAMP_EA_Questionaire/Long_rain_season/Feb_March_2020[2]/constraints_for_tomato_production_Feb_March_2020[3]
Plant_diseases_,,High,uuid:823b19c4-4a86-42bc-bf88-82e824c06546/SCLAMP_EA_Questionaire/Long_rain_season/Feb_March_2020[4],uuid:823b19c4-4a86-42bc-bf88-82e824c06546/SCLAMP_EA_Questionaire/Long_rain_season/Feb_March_2020[4]/constraints_for_tomato_production_Feb_March_2020[1]
Plant_diseases_,,High,uuid:9340185b-fae5-42a0-81c8-45ef3f519c1b/SCLAMP_EA_Questionaire/Long_rain_season/Feb_March_2020[3],uuid:9340185b-fae5-42a0-81c8-45ef3f519c1b/SCLAMP_EA_Questionaire/Long_rain_season/Feb_March_2020[3]/constraints_for_tomato_production_Feb_March_2020[1]
Too_much_rain,,High,uuid:a1f01dba-b7db-4c61-9e6b-5a36ba9eca0b/SCLAMP_EA_Questionaire/Long_rain_season/Feb_March_2020[1],uuid:a1f01dba-b7db-4c61-9e6b-5a36ba9eca0b/SCLAMP_EA_Questionaire/Long_rain_season/Feb_March_2020[1]/constraints_for_tomato_production_Feb_March_2020[1]
Plant_diseases_,,Medium,uuid:a1f01dba-b7db-4c61-9e6b-5a36ba9eca0b/SCLAMP_EA_Questionaire/Long_rain_season/Feb_March_2020[1],uuid:a1f01dba-b7db-4c61-9e6b-5a36ba9eca0b/SCLAMP_EA_Questionaire/Long_rain_season/Feb_March_2020[1]/constraints_for_tomato_production_Feb_March_2020[2]
Leaf_eaters_,,Low,uuid:a1f01dba-b7db-4c61-9e6b-5a36ba9eca0b/SCLAMP_EA_Questionaire/Long_rain_season/Feb_March_2020[1],uuid:a1f01dba-b7db-4c61-9e6b-5a36ba9eca0b/SCLAMP_EA_Questionaire/Long_rain_season/Feb_March_2020[1]/constraints_for_tomato_production_Feb_March_2020[3]
Plant_diseases_,,High,uuid:854617f7-6615-447e-8482-3aacea4981b1/SCLAMP_EA_Questionaire/Long_rain_season/Feb_March_2020[2],uuid:854617f7-6615-447e-8482-3aacea4981b1/SCLAMP_EA_Questionaire/Long_rain_season/Feb_March_2020[2]/constraints_for_tomato_production_Feb_March_2020[1]
Other_leaf_miners_Lirimyza_spec,,High,uuid:3c611499-021b-49f1-bbc1-7c1b21db8a8c/SCLAMP_EA_Questionaire/Long_rain_season/Feb_March_2020[2],uuid:3c611499-021b-49f1-bbc1-7c1b21db8a8c/SCLAMP_EA_Questionaire/Long_rain_season/Feb_March_2020[2]/constraints_for_tomato_production_Feb_March_2020[1]
other,Cloudy ,Medium,uuid:3c611499-021b-49f1-bbc1-7c1b21db8a8c/SCLAMP_EA_Questionaire/Long_rain_season/Feb_March_2020[2],uuid:3c611499-021b-49f1-bbc1-7c1b21db8a8c/SCLAMP_EA_Questionaire/Long_rain_season/Feb_March_2020[2]/constraints_for_tomato_production_Feb_March_2020[2]
Plant_diseases_,,Medium,uuid:3c611499-021b-49f1-bbc1-7c1b21db8a8c/SCLAMP_EA_Questionaire/Long_rain_season/Feb_March_2020[2],uuid:3c611499-021b-49f1-bbc1-7c1b21db8a8c/SCLAMP_EA_Questionaire/Long_rain_season/Feb_March_2020[2]/constraints_for_tomato_production_Feb_March_2020[3]
Plant_diseases_,,High,uuid:b9551ab0-0467-48a8-aa91-611dc65f5a77/SCLAMP_EA_Questionaire/Long_rain_season/Feb_March_2020[3],uuid:b9551ab0-0467-48a8-aa91-611dc65f5a77/SCLAMP_EA_Questionaire/Long_rain_season/Feb_March_2020[3]/constraints_for_tomato_production_Feb_March_2020[1]
Other_leaf_miners_Lirimyza_spec,,High,uuid:be1a5f69-18ae-42cb-a598-205ca08f3c60/SCLAMP_EA_Questionaire/Long_rain_season/Feb_March_2020[2],uuid:be1a5f69-18ae-42cb-a598-205ca08f3c60/SCLAMP_EA_Questionaire/Long_rain_season/Feb_March_2020[2]/constraints_for_tomato_production_Feb_March_2020[1]
other,Cloudy,Medium,uuid:be1a5f69-18ae-42cb-a598-205ca08f3c60/SCLAMP_EA_Questionaire/Long_rain_season/Feb_March_2020[2],uuid:be1a5f69-18ae-42cb-a598-205ca08f3c60/SCLAMP_EA_Questionaire/Long_rain_season/Feb_March_2020[2]/constraints_for_tomato_production_Feb_March_2020[2]
other,Animals,Medium,uuid:be1a5f69-18ae-42cb-a598-205ca08f3c60/SCLAMP_EA_Questionaire/Long_rain_season/Feb_March_2020[2],uuid:be1a5f69-18ae-42cb-a598-205ca08f3c60/SCLAMP_EA_Questionaire/Long_rain_season/Feb_March_2020[2]/constraints_for_tomato_production_Feb_March_2020[3]
Other_leaf_miners_Lirimyza_spec,,High,uuid:e0914409-b489-41f0-b23a-56e2cf00b20f/SCLAMP_EA_Questionaire/Long_rain_season/Feb_March_2020[1],uuid:e0914409-b489-41f0-b23a-56e2cf00b20f/SCLAMP_EA_Questionaire/Long_rain_season/Feb_March_2020[1]/constraints_for_tomato_production_Feb_March_2020[1]
Shortage_of_rain,,Medium,uuid:e0914409-b489-41f0-b23a-56e2cf00b20f/SCLAMP_EA_Questionaire/Long_rain_season/Feb_March_2020[1],uuid:e0914409-b489-41f0-b23a-56e2cf00b20f/SCLAMP_EA_Questionaire/Long_rain_season/Feb_March_2020[1]/constraints_for_tomato_production_Feb_March_2020[2]
other,Monkeys,Medium,uuid:e0914409-b489-41f0-b23a-56e2cf00b20f/SCLAMP_EA_Questionaire/Long_rain_season/Feb_March_2020[1],uuid:e0914409-b489-41f0-b23a-56e2cf00b20f/SCLAMP_EA_Questionaire/Long_rain_season/Feb_March_2020[1]/constraints_for_tomato_production_Feb_March_2020[3]
Other_leaf_miners_Lirimyza_spec,,High,uuid:a773bc95-53fc-4f21-8bbc-e14eff96e268/SCLAMP_EA_Questionaire/Long_rain_season/Feb_March_2020[2],uuid:a773bc95-53fc-4f21-8bbc-e14eff96e268/SCLAMP_EA_Questionaire/Long_rain_season/Feb_March_2020[2]/constraints_for_tomato_production_Feb_March_2020[1]
Leaf_eaters_,,Low,uuid:a773bc95-53fc-4f21-8bbc-e14eff96e268/SCLAMP_EA_Questionaire/Long_rain_season/Feb_March_2020[2],uuid:a773bc95-53fc-4f21-8bbc-e14eff96e268/SCLAMP_EA_Questionaire/Long_rain_season/Feb_March_2020[2]/constraints_for_tomato_production_Feb_March_2020[2]
Plant_diseases_,,Medium,uuid:a773bc95-53fc-4f21-8bbc-e14eff96e268/SCLAMP_EA_Questionaire/Long_rain_season/Feb_March_2020[2],uuid:a773bc95-53fc-4f21-8bbc-e14eff96e268/SCLAMP_EA_Questionaire/Long_rain_season/Feb_March_2020[2]/constraints_for_tomato_production_Feb_March_2020[3]
other,Tomato wilt,High,uuid:c02a1732-25c3-409b-a2b8-fd92dd5cabaf/SCLAMP_EA_Questionaire/Long_rain_season/Feb_March_2020[2],uuid:c02a1732-25c3-409b-a2b8-fd92dd5cabaf/SCLAMP_EA_Questionaire/Long_rain_season/Feb_March_2020[2]/constraints_for_tomato_production_Feb_March_2020[1]
other,Tomato wilt,High,uuid:46fc2f07-9bd0-4b75-956a-291b7615e896/SCLAMP_EA_Questionaire/Long_rain_season/Feb_March_2020[4],uuid:46fc2f07-9bd0-4b75-956a-291b7615e896/SCLAMP_EA_Questionaire/Long_rain_season/Feb_March_2020[4]/constraints_for_tomato_production_Feb_March_2020[1]
other,Tomato wilt,High,uuid:1bfdb3e2-a6f2-4daf-95a6-1246c02b46c9/SCLAMP_EA_Questionaire/Long_rain_season/Feb_March_2020[3],uuid:1bfdb3e2-a6f2-4daf-95a6-1246c02b46c9/SCLAMP_EA_Questionaire/Long_rain_season/Feb_March_2020[3]/constraints_for_tomato_production_Feb_March_2020[1]
Leaf_eaters_,,Medium,uuid:53e2f3d8-9d93-47fc-a22f-ce61c0fa25ca/SCLAMP_EA_Questionaire/Long_rain_season/Feb_March_2020[2],uuid:53e2f3d8-9d93-47fc-a22f-ce61c0fa25ca/SCLAMP_EA_Questionaire/Long_rain_season/Feb_March_2020[2]/constraints_for_tomato_production_Feb_March_2020[1]
other,Market,High,uuid:53e2f3d8-9d93-47fc-a22f-ce61c0fa25ca/SCLAMP_EA_Questionaire/Long_rain_season/Feb_March_2020[2],uuid:53e2f3d8-9d93-47fc-a22f-ce61c0fa25ca/SCLAMP_EA_Questionaire/Long_rain_season/Feb_March_2020[2]/constraints_for_tomato_production_Feb_March_2020[2]
Other_leaf_miners_Lirimyza_spec,,High,uuid:983b9ac5-bbc8-43f4-b8e3-b638fb65b99c/SCLAMP_EA_Questionaire/Long_rain_season/Feb_March_2020[4],uuid:983b9ac5-bbc8-43f4-b8e3-b638fb65b99c/SCLAMP_EA_Questionaire/Long_rain_season/Feb_March_2020[4]/constraints_for_tomato_production_Feb_March_2020[1]
Too_much_rain,,Medium,uuid:983b9ac5-bbc8-43f4-b8e3-b638fb65b99c/SCLAMP_EA_Questionaire/Long_rain_season/Feb_March_2020[4],uuid:983b9ac5-bbc8-43f4-b8e3-b638fb65b99c/SCLAMP_EA_Questionaire/Long_rain_season/Feb_March_2020[4]/constraints_for_tomato_production_Feb_March_2020[2]
Leaf_eaters_,,Medium,uuid:983b9ac5-bbc8-43f4-b8e3-b638fb65b99c/SCLAMP_EA_Questionaire/Long_rain_season/Feb_March_2020[4],uuid:983b9ac5-bbc8-43f4-b8e3-b638fb65b99c/SCLAMP_EA_Questionaire/Long_rain_season/Feb_March_2020[4]/constraints_for_tomato_production_Feb_March_2020[3]
Drought,,High,uuid:46c78423-8a2f-4fa0-8726-cf4bb3922974/SCLAMP_EA_Questionaire/Long_rain_season/Feb_March_2020[3],uuid:46c78423-8a2f-4fa0-8726-cf4bb3922974/SCLAMP_EA_Questionaire/Long_rain_season/Feb_March_2020[3]/constraints_for_tomato_production_Feb_March_2020[1]
Other_leaf_miners_Lirimyza_spec,,High,uuid:84c6c6fa-8c01-4304-b791-a52cc87ef860/SCLAMP_EA_Questionaire/Long_rain_season/Feb_March_2020[2],uuid:84c6c6fa-8c01-4304-b791-a52cc87ef860/SCLAMP_EA_Questionaire/Long_rain_season/Feb_March_2020[2]/constraints_for_tomato_production_Feb_March_2020[1]
Other_leaf_miners_Lirimyza_spec,,High,uuid:d394be21-da52-4a1d-8b99-1d236c40d072/SCLAMP_EA_Questionaire/Long_rain_season/Feb_March_2020[1],uuid:d394be21-da52-4a1d-8b99-1d236c40d072/SCLAMP_EA_Questionaire/Long_rain_season/Feb_March_2020[1]/constraints_for_tomato_production_Feb_March_2020[1]
Too_much_rain,,High,uuid:d394be21-da52-4a1d-8b99-1d236c40d072/SCLAMP_EA_Questionaire/Long_rain_season/Feb_March_2020[1],uuid:d394be21-da52-4a1d-8b99-1d236c40d072/SCLAMP_EA_Questionaire/Long_rain_season/Feb_March_2020[1]/constraints_for_tomato_production_Feb_March_2020[2]
Other_leaf_miners_Lirimyza_spec,,High,uuid:d394be21-da52-4a1d-8b99-1d236c40d072/SCLAMP_EA_Questionaire/Long_rain_season/Feb_March_2020[2],uuid:d394be21-da52-4a1d-8b99-1d236c40d072/SCLAMP_EA_Questionaire/Long_rain_season/Feb_March_2020[2]/constraints_for_tomato_production_Feb_March_2020[1]
Too_much_rain,,High,uuid:d394be21-da52-4a1d-8b99-1d236c40d072/SCLAMP_EA_Questionaire/Long_rain_season/Feb_March_2020[2],uuid:d394be21-da52-4a1d-8b99-1d236c40d072/SCLAMP_EA_Questionaire/Long_rain_season/Feb_March_2020[2]/constraints_for_tomato_production_Feb_March_2020[2]
,,,uuid:d394be21-da52-4a1d-8b99-1d236c40d072/SCLAMP_EA_Questionaire/Long_rain_season/Feb_March_2020[2],uuid:d394be21-da52-4a1d-8b99-1d236c40d072/SCLAMP_EA_Questionaire/Long_rain_season/Feb_March_2020[2]/constraints_for_tomato_production_Feb_March_2020[3]
other,Nothing except No market for the tomatoes,High,uuid:ff1731b0-a0b3-47c6-a78f-202554b71171/SCLAMP_EA_Questionaire/Long_rain_season/Feb_March_2020[2],uuid:ff1731b0-a0b3-47c6-a78f-202554b71171/SCLAMP_EA_Questionaire/Long_rain_season/Feb_March_2020[2]/constraints_for_tomato_production_Feb_March_2020[1]
Other_leaf_miners_Lirimyza_spec,,High,uuid:70e9b71c-5419-4c1b-80af-5996633daaf1/SCLAMP_EA_Questionaire/Long_rain_season/Feb_March_2020[4],uuid:70e9b71c-5419-4c1b-80af-5996633daaf1/SCLAMP_EA_Questionaire/Long_rain_season/Feb_March_2020[4]/constraints_for_tomato_production_Feb_March_2020[1]
Plant_diseases_,,High,uuid:030d8a49-f5f4-4bc4-9958-9e31027b467f/SCLAMP_EA_Questionaire/Long_rain_season/Feb_March_2020[4],uuid:030d8a49-f5f4-4bc4-9958-9e31027b467f/SCLAMP_EA_Questionaire/Long_rain_season/Feb_March_2020[4]/constraints_for_tomato_production_Feb_March_2020[1]
Other_leaf_miners_Lirimyza_spec,,Medium,uuid:0a89bfd8-f993-4e90-ad09-7f98553d504c/SCLAMP_EA_Questionaire/Long_rain_season/Feb_March_2020[2],uuid:0a89bfd8-f993-4e90-ad09-7f98553d504c/SCLAMP_EA_Questionaire/Long_rain_season/Feb_March_2020[2]/constraints_for_tomato_production_Feb_March_2020[1]
Other_leaf_miners_Lirimyza_spec,,Medium,uuid:5f7c94f8-ab1d-474f-8970-8054d1f507bc/SCLAMP_EA_Questionaire/Long_rain_season/Feb_March_2020[2],uuid:5f7c94f8-ab1d-474f-8970-8054d1f507bc/SCLAMP_EA_Questionaire/Long_rain_season/Feb_March_2020[2]/constraints_for_tomato_production_Feb_March_2020[1]
Drought,,High,uuid:38c6d19f-7251-44ba-956e-b2c8f26b6631/SCLAMP_EA_Questionaire/Long_rain_season/Feb_March_2020[2],uuid:38c6d19f-7251-44ba-956e-b2c8f26b6631/SCLAMP_EA_Questionaire/Long_rain_season/Feb_March_2020[2]/constraints_for_tomato_production_Feb_March_2020[1]
other,Cloud cover,Medium,uuid:6f5d5f3c-02f6-4401-8c83-fc146b370346/SCLAMP_EA_Questionaire/Long_rain_season/Feb_March_2020[3],uuid:6f5d5f3c-02f6-4401-8c83-fc146b370346/SCLAMP_EA_Questionaire/Long_rain_season/Feb_March_2020[3]/constraints_for_tomato_production_Feb_March_2020[1]
Other_leaf_miners_Lirimyza_spec,,High,uuid:2ec6dfb6-70a6-4eb3-b236-a476fd0957a5/SCLAMP_EA_Questionaire/Long_rain_season/Feb_March_2020[2],uuid:2ec6dfb6-70a6-4eb3-b236-a476fd0957a5/SCLAMP_EA_Questionaire/Long_rain_season/Feb_March_2020[2]/constraints_for_tomato_production_Feb_March_2020[1]
other,Cloud cover,High,uuid:2ec6dfb6-70a6-4eb3-b236-a476fd0957a5/SCLAMP_EA_Questionaire/Long_rain_season/Feb_March_2020[2],uuid:2ec6dfb6-70a6-4eb3-b236-a476fd0957a5/SCLAMP_EA_Questionaire/Long_rain_season/Feb_March_2020[2]/constraints_for_tomato_production_Feb_March_2020[2]
Drought,,Medium,uuid:fa12ec53-8967-46ae-a923-ea00a4d0ad4e/SCLAMP_EA_Questionaire/Long_rain_season/Feb_March_2020[2],uuid:fa12ec53-8967-46ae-a923-ea00a4d0ad4e/SCLAMP_EA_Questionaire/Long_rain_season/Feb_March_2020[2]/constraints_for_tomato_production_Feb_March_2020[1]
Other_leaf_miners_Lirimyza_spec,,High,uuid:c46fb1a7-8005-4bda-bd14-3c2c8627f3ab/SCLAMP_EA_Questionaire/Long_rain_season/Feb_March_2020[2],uuid:c46fb1a7-8005-4bda-bd14-3c2c8627f3ab/SCLAMP_EA_Questionaire/Long_rain_season/Feb_March_2020[2]/constraints_for_tomato_production_Feb_March_2020[1]
Too_much_rain,,High,uuid:c46fb1a7-8005-4bda-bd14-3c2c8627f3ab/SCLAMP_EA_Questionaire/Long_rain_season/Feb_March_2020[2],uuid:c46fb1a7-8005-4bda-bd14-3c2c8627f3ab/SCLAMP_EA_Questionaire/Long_rain_season/Feb_March_2020[2]/constraints_for_tomato_production_Feb_March_2020[2]
Plant_diseases_,,High,uuid:1c9ae9ae-fc95-4bc7-9140-1ca04b1d2e27/SCLAMP_EA_Questionaire/Long_rain_season/Feb_March_2020[2],uuid:1c9ae9ae-fc95-4bc7-9140-1ca04b1d2e27/SCLAMP_EA_Questionaire/Long_rain_season/Feb_March_2020[2]/constraints_for_tomato_production_Feb_March_2020[1]
Other_leaf_miners_Lirimyza_spec,,High,uuid:3ee3b645-31e7-4d89-a46e-e65a0684e7d0/SCLAMP_EA_Questionaire/Long_rain_season/Feb_March_2020[2],uuid:3ee3b645-31e7-4d89-a46e-e65a0684e7d0/SCLAMP_EA_Questionaire/Long_rain_season/Feb_March_2020[2]/constraints_for_tomato_production_Feb_March_2020[1]
Other_leaf_miners_Lirimyza_spec,,High,uuid:a00dfb83-c3b4-4037-8458-945ea65878be/SCLAMP_EA_Questionaire/Long_rain_season/Feb_March_2020[2],uuid:a00dfb83-c3b4-4037-8458-945ea65878be/SCLAMP_EA_Questionaire/Long_rain_season/Feb_March_2020[2]/constraints_for_tomato_production_Feb_March_2020[1]
,,,uuid:a00dfb83-c3b4-4037-8458-945ea65878be/SCLAMP_EA_Questionaire/Long_rain_season/Feb_March_2020[2],uuid:a00dfb83-c3b4-4037-8458-945ea65878be/SCLAMP_EA_Questionaire/Long_rain_season/Feb_March_2020[2]/constraints_for_tomato_production_Feb_March_2020[2]
Other_leaf_miners_Lirimyza_spec,,High,uuid:7457a72b-9522-46f5-9921-3320b7f78865/SCLAMP_EA_Questionaire/Long_rain_season/Feb_March_2020[2],uuid:7457a72b-9522-46f5-9921-3320b7f78865/SCLAMP_EA_Questionaire/Long_rain_season/Feb_March_2020[2]/constraints_for_tomato_production_Feb_March_2020[1]
Other_leaf_miners_Lirimyza_spec,,High,uuid:58225dc1-7aaf-4473-b2c6-9d6974a5d13f/SCLAMP_EA_Questionaire/Long_rain_season/Feb_March_2020[3],uuid:58225dc1-7aaf-4473-b2c6-9d6974a5d13f/SCLAMP_EA_Questionaire/Long_rain_season/Feb_March_2020[3]/constraints_for_tomato_production_Feb_March_2020[1]
other,Cloud cover,High,uuid:58225dc1-7aaf-4473-b2c6-9d6974a5d13f/SCLAMP_EA_Questionaire/Long_rain_season/Feb_March_2020[3],uuid:58225dc1-7aaf-4473-b2c6-9d6974a5d13f/SCLAMP_EA_Questionaire/Long_rain_season/Feb_March_2020[3]/constraints_for_tomato_production_Feb_March_2020[2]
Drought,,High,uuid:fe59bec3-195c-4326-b4d7-4b76831d6f2c/SCLAMP_EA_Questionaire/Long_rain_season/Feb_March_2020[3],uuid:fe59bec3-195c-4326-b4d7-4b76831d6f2c/SCLAMP_EA_Questionaire/Long_rain_season/Feb_March_2020[3]/constraints_for_tomato_production_Feb_March_2020[1]
Other_leaf_miners_Lirimyza_spec,,High,uuid:fe59bec3-195c-4326-b4d7-4b76831d6f2c/SCLAMP_EA_Questionaire/Long_rain_season/Feb_March_2020[3],uuid:fe59bec3-195c-4326-b4d7-4b76831d6f2c/SCLAMP_EA_Questionaire/Long_rain_season/Feb_March_2020[3]/constraints_for_tomato_production_Feb_March_2020[2]
,,,uuid:fe59bec3-195c-4326-b4d7-4b76831d6f2c/SCLAMP_EA_Questionaire/Long_rain_season/Feb_March_2020[3],uuid:fe59bec3-195c-4326-b4d7-4b76831d6f2c/SCLAMP_EA_Questionaire/Long_rain_season/Feb_March_2020[3]/constraints_for_tomato_production_Feb_March_2020[3]
Other_leaf_miners_Lirimyza_spec,,Medium,uuid:5ae5de58-3272-4966-950a-79d4527fd7d4/SCLAMP_EA_Questionaire/Long_rain_season/Feb_March_2020[2],uuid:5ae5de58-3272-4966-950a-79d4527fd7d4/SCLAMP_EA_Questionaire/Long_rain_season/Feb_March_2020[2]/constraints_for_tomato_production_Feb_March_2020[1]
Other_leaf_miners_Lirimyza_spec,,Medium,uuid:4a751ffc-435f-49d7-a944-96491220b319/SCLAMP_EA_Questionaire/Long_rain_season/Feb_March_2020[1],uuid:4a751ffc-435f-49d7-a944-96491220b319/SCLAMP_EA_Questionaire/Long_rain_season/Feb_March_2020[1]/constraints_for_tomato_production_Feb_March_2020[1]
Other_leaf_miners_Lirimyza_spec,,High,uuid:993ca46e-1e60-4c0d-aa3e-42095d6a8e61/SCLAMP_EA_Questionaire/Long_rain_season/Feb_March_2020[2],uuid:993ca46e-1e60-4c0d-aa3e-42095d6a8e61/SCLAMP_EA_Questionaire/Long_rain_season/Feb_March_2020[2]/constraints_for_tomato_production_Feb_March_2020[1]
Drought,,Medium,uuid:fc04161f-6c14-4561-991d-9f7e796089df/SCLAMP_EA_Questionaire/Long_rain_season/Feb_March_2020[3],uuid:fc04161f-6c14-4561-991d-9f7e796089df/SCLAMP_EA_Questionaire/Long_rain_season/Feb_March_2020[3]/constraints_for_tomato_production_Feb_March_2020[1]
other,Kiwotokwa ,High,uuid:fc04161f-6c14-4561-991d-9f7e796089df/SCLAMP_EA_Questionaire/Long_rain_season/Feb_March_2020[3],uuid:fc04161f-6c14-4561-991d-9f7e796089df/SCLAMP_EA_Questionaire/Long_rain_season/Feb_March_2020[3]/constraints_for_tomato_production_Feb_March_2020[2]
Drought,,High,uuid:06d89973-abf7-47fe-9a69-29e068f2b15c/SCLAMP_EA_Questionaire/Long_rain_season/Feb_March_2020[2],uuid:06d89973-abf7-47fe-9a69-29e068f2b15c/SCLAMP_EA_Questionaire/Long_rain_season/Feb_March_2020[2]/constraints_for_tomato_production_Feb_March_2020[1]
Other_leaf_miners_Lirimyza_spec,,Medium,uuid:06d89973-abf7-47fe-9a69-29e068f2b15c/SCLAMP_EA_Questionaire/Long_rain_season/Feb_March_2020[2],uuid:06d89973-abf7-47fe-9a69-29e068f2b15c/SCLAMP_EA_Questionaire/Long_rain_season/Feb_March_2020[2]/constraints_for_tomato_production_Feb_March_2020[2]
Thrips_Western_flower_thrips_et,,Medium,uuid:06d89973-abf7-47fe-9a69-29e068f2b15c/SCLAMP_EA_Questionaire/Long_rain_season/Feb_March_2020[2],uuid:06d89973-abf7-47fe-9a69-29e068f2b15c/SCLAMP_EA_Questionaire/Long_rain_season/Feb_March_2020[2]/constraints_for_tomato_production_Feb_March_2020[3]
Other_leaf_miners_Lirimyza_spec,,High,uuid:af626575-606a-4575-9ce0-8a9ae2e0572c/SCLAMP_EA_Questionaire/Long_rain_season/Feb_March_2020[3],uuid:af626575-606a-4575-9ce0-8a9ae2e0572c/SCLAMP_EA_Questionaire/Long_rain_season/Feb_March_2020[3]/constraints_for_tomato_production_Feb_March_2020[1]
Drought,,Medium,uuid:af626575-606a-4575-9ce0-8a9ae2e0572c/SCLAMP_EA_Questionaire/Long_rain_season/Feb_March_2020[3],uuid:af626575-606a-4575-9ce0-8a9ae2e0572c/SCLAMP_EA_Questionaire/Long_rain_season/Feb_March_2020[3]/constraints_for_tomato_production_Feb_March_2020[2]
Plant_diseases_,,High,uuid:5b2febc5-a919-431f-8338-d0d2c2b3e5fa/SCLAMP_EA_Questionaire/Long_rain_season/Feb_March_2020[2],uuid:5b2febc5-a919-431f-8338-d0d2c2b3e5fa/SCLAMP_EA_Questionaire/Long_rain_season/Feb_March_2020[2]/constraints_for_tomato_production_Feb_March_2020[1]
Cut_worm,,High,uuid:5b2febc5-a919-431f-8338-d0d2c2b3e5fa/SCLAMP_EA_Questionaire/Long_rain_season/Feb_March_2020[2],uuid:5b2febc5-a919-431f-8338-d0d2c2b3e5fa/SCLAMP_EA_Questionaire/Long_rain_season/Feb_March_2020[2]/constraints_for_tomato_production_Feb_March_2020[2]
Plant_diseases_,,High,uuid:f5d32b35-4090-434b-ba40-394e688fedaf/SCLAMP_EA_Questionaire/Long_rain_season/Feb_March_2020[3],uuid:f5d32b35-4090-434b-ba40-394e688fedaf/SCLAMP_EA_Questionaire/Long_rain_season/Feb_March_2020[3]/constraints_for_tomato_production_Feb_March_2020[1]
Plant_diseases_,,High,uuid:3d2c54bf-549b-4f70-87b2-c7cbc84c7297/SCLAMP_EA_Questionaire/Long_rain_season/Feb_March_2020[3],uuid:3d2c54bf-549b-4f70-87b2-c7cbc84c7297/SCLAMP_EA_Questionaire/Long_rain_season/Feb_March_2020[3]/constraints_for_tomato_production_Feb_March_2020[1]
Plant_diseases_,,High,uuid:c557ee51-806f-4fb5-a7c9-fc11f34a1f2d/SCLAMP_EA_Questionaire/Long_rain_season/Feb_March_2020[2],uuid:c557ee51-806f-4fb5-a7c9-fc11f34a1f2d/SCLAMP_EA_Questionaire/Long_rain_season/Feb_March_2020[2]/constraints_for_tomato_production_Feb_March_2020[1]
Plant_diseases_,,High,uuid:0b95fa58-f01b-42b5-a393-94dcd76e6de6/SCLAMP_EA_Questionaire/Long_rain_season/Feb_March_2020[2],uuid:0b95fa58-f01b-42b5-a393-94dcd76e6de6/SCLAMP_EA_Questionaire/Long_rain_season/Feb_March_2020[2]/constraints_for_tomato_production_Feb_March_2020[1]
Plant_diseases_,,Low,uuid:7e147c61-6742-4dee-90c5-c1bdd7d0414b/SCLAMP_EA_Questionaire/Long_rain_season/Feb_March_2020[2],uuid:7e147c61-6742-4dee-90c5-c1bdd7d0414b/SCLAMP_EA_Questionaire/Long_rain_season/Feb_March_2020[2]/constraints_for_tomato_production_Feb_March_2020[1]
Plant_diseases_,,High,uuid:8f7c3c4e-c50e-45e3-b5e4-0e36369ab784/SCLAMP_EA_Questionaire/Long_rain_season/Feb_March_2020[2],uuid:8f7c3c4e-c50e-45e3-b5e4-0e36369ab784/SCLAMP_EA_Questionaire/Long_rain_season/Feb_March_2020[2]/constraints_for_tomato_production_Feb_March_2020[1]
Plant_diseases_,,High,uuid:d2b31eaa-9886-447e-a4d0-9936245e7115/SCLAMP_EA_Questionaire/Long_rain_season/Feb_March_2020[2],uuid:d2b31eaa-9886-447e-a4d0-9936245e7115/SCLAMP_EA_Questionaire/Long_rain_season/Feb_March_2020[2]/constraints_for_tomato_production_Feb_March_2020[1]
Too_much_rain,,High,uuid:4dc1c499-0291-43b3-8c60-3343d4a3856d/SCLAMP_EA_Questionaire/Long_rain_season/Feb_March_2020[1],uuid:4dc1c499-0291-43b3-8c60-3343d4a3856d/SCLAMP_EA_Questionaire/Long_rain_season/Feb_March_2020[1]/constraints_for_tomato_production_Feb_March_2020[1]
Plant_diseases_,,Medium,uuid:4dc1c499-0291-43b3-8c60-3343d4a3856d/SCLAMP_EA_Questionaire/Long_rain_season/Feb_March_2020[1],uuid:4dc1c499-0291-43b3-8c60-3343d4a3856d/SCLAMP_EA_Questionaire/Long_rain_season/Feb_March_2020[1]/constraints_for_tomato_production_Feb_March_2020[2]
other,Drying of leaves,Medium,uuid:4dc1c499-0291-43b3-8c60-3343d4a3856d/SCLAMP_EA_Questionaire/Long_rain_season/Feb_March_2020[1],uuid:4dc1c499-0291-43b3-8c60-3343d4a3856d/SCLAMP_EA_Questionaire/Long_rain_season/Feb_March_2020[1]/constraints_for_tomato_production_Feb_March_2020[3]
Shortage_of_rain,,High,uuid:c96ade61-adfe-4e2e-ac90-404988e70e56/SCLAMP_EA_Questionaire/Long_rain_season/Feb_March_2020[2],uuid:c96ade61-adfe-4e2e-ac90-404988e70e56/SCLAMP_EA_Questionaire/Long_rain_season/Feb_March_2020[2]/constraints_for_tomato_production_Feb_March_2020[1]
Other_leaf_miners_Lirimyza_spec,,High,uuid:724da5aa-aab0-43da-9502-f95ccb8c415a/SCLAMP_EA_Questionaire/Long_rain_season/Feb_March_2020[2],uuid:724da5aa-aab0-43da-9502-f95ccb8c415a/SCLAMP_EA_Questionaire/Long_rain_season/Feb_March_2020[2]/constraints_for_tomato_production_Feb_March_2020[1]
Leaf_eaters_,,Medium,uuid:724da5aa-aab0-43da-9502-f95ccb8c415a/SCLAMP_EA_Questionaire/Long_rain_season/Feb_March_2020[2],uuid:724da5aa-aab0-43da-9502-f95ccb8c415a/SCLAMP_EA_Questionaire/Long_rain_season/Feb_March_2020[2]/constraints_for_tomato_production_Feb_March_2020[2]
Soil_fertility_exhaustion_,,Medium,uuid:724da5aa-aab0-43da-9502-f95ccb8c415a/SCLAMP_EA_Questionaire/Long_rain_season/Feb_March_2020[2],uuid:724da5aa-aab0-43da-9502-f95ccb8c415a/SCLAMP_EA_Questionaire/Long_rain_season/Feb_March_2020[2]/constraints_for_tomato_production_Feb_March_2020[3]
Other_leaf_miners_Lirimyza_spec,,High,uuid:a0435873-bee0-4581-af28-5b743ac4b426/SCLAMP_EA_Questionaire/Long_rain_season/Feb_March_2020[2],uuid:a0435873-bee0-4581-af28-5b743ac4b426/SCLAMP_EA_Questionaire/Long_rain_season/Feb_March_2020[2]/constraints_for_tomato_production_Feb_March_2020[1]
Leaf_eaters_,,Low,uuid:a0435873-bee0-4581-af28-5b743ac4b426/SCLAMP_EA_Questionaire/Long_rain_season/Feb_March_2020[2],uuid:a0435873-bee0-4581-af28-5b743ac4b426/SCLAMP_EA_Questionaire/Long_rain_season/Feb_March_2020[2]/constraints_for_tomato_production_Feb_March_2020[2]
Plant_diseases_,,Medium,uuid:a0435873-bee0-4581-af28-5b743ac4b426/SCLAMP_EA_Questionaire/Long_rain_season/Feb_March_2020[2],uuid:a0435873-bee0-4581-af28-5b743ac4b426/SCLAMP_EA_Questionaire/Long_rain_season/Feb_March_2020[2]/constraints_for_tomato_production_Feb_March_2020[3]
Other_leaf_miners_Lirimyza_spec,,High,uuid:269f5244-0539-49d7-8bf5-cb24654149ae/SCLAMP_EA_Questionaire/Long_rain_season/Feb_March_2020[2],uuid:269f5244-0539-49d7-8bf5-cb24654149ae/SCLAMP_EA_Questionaire/Long_rain_season/Feb_March_2020[2]/constraints_for_tomato_production_Feb_March_2020[1]
Soil_fertility_exhaustion_,,Low,uuid:269f5244-0539-49d7-8bf5-cb24654149ae/SCLAMP_EA_Questionaire/Long_rain_season/Feb_March_2020[2],uuid:269f5244-0539-49d7-8bf5-cb24654149ae/SCLAMP_EA_Questionaire/Long_rain_season/Feb_March_2020[2]/constraints_for_tomato_production_Feb_March_2020[2]
other,Thieves,High,uuid:269f5244-0539-49d7-8bf5-cb24654149ae/SCLAMP_EA_Questionaire/Long_rain_season/Feb_March_2020[2],uuid:269f5244-0539-49d7-8bf5-cb24654149ae/SCLAMP_EA_Questionaire/Long_rain_season/Feb_March_2020[2]/constraints_for_tomato_production_Feb_March_2020[3]
other,Tomato wilt ,High,uuid:67c52bae-54d7-48a0-9dd9-60834ed48252/SCLAMP_EA_Questionaire/Long_rain_season/Feb_March_2020[3],uuid:67c52bae-54d7-48a0-9dd9-60834ed48252/SCLAMP_EA_Questionaire/Long_rain_season/Feb_March_2020[3]/constraints_for_tomato_production_Feb_March_2020[1]
other,Tomato wilt,High,uuid:f20a0cde-6921-4cfc-9190-a09b348e60d2/SCLAMP_EA_Questionaire/Long_rain_season/Feb_March_2020[2],uuid:f20a0cde-6921-4cfc-9190-a09b348e60d2/SCLAMP_EA_Questionaire/Long_rain_season/Feb_March_2020[2]/constraints_for_tomato_production_Feb_March_2020[1]
Plant_diseases_,,High,uuid:090b90ee-6284-44d6-a991-e953ffca4e25/SCLAMP_EA_Questionaire/Long_rain_season/Feb_March_2020[2],uuid:090b90ee-6284-44d6-a991-e953ffca4e25/SCLAMP_EA_Questionaire/Long_rain_season/Feb_March_2020[2]/constraints_for_tomato_production_Feb_March_2020[1]
Plant_diseases_,,High,uuid:99d4886c-008e-4a38-921e-08eaf8e9173e/SCLAMP_EA_Questionaire/Long_rain_season/Feb_March_2020[2],uuid:99d4886c-008e-4a38-921e-08eaf8e9173e/SCLAMP_EA_Questionaire/Long_rain_season/Feb_March_2020[2]/constraints_for_tomato_production_Feb_March_2020[1]
Plant_diseases_,,High,uuid:ed16eab9-16f2-4df0-8052-54481ac657ed/SCLAMP_EA_Questionaire/Long_rain_season/Feb_March_2020[3],uuid:ed16eab9-16f2-4df0-8052-54481ac657ed/SCLAMP_EA_Questionaire/Long_rain_season/Feb_March_2020[3]/constraints_for_tomato_production_Feb_March_2020[1]
Plant_diseases_,,High,uuid:b3b48ada-36b2-4c1b-a59b-507f9cce56a1/SCLAMP_EA_Questionaire/Long_rain_season/Feb_March_2020[2],uuid:b3b48ada-36b2-4c1b-a59b-507f9cce56a1/SCLAMP_EA_Questionaire/Long_rain_season/Feb_March_2020[2]/constraints_for_tomato_production_Feb_March_2020[1]
Plant_diseases_,,Medium,uuid:bfa64993-2626-43ea-9de0-f2ff80e83467/SCLAMP_EA_Questionaire/Long_rain_season/Feb_March_2020[2],uuid:bfa64993-2626-43ea-9de0-f2ff80e83467/SCLAMP_EA_Questionaire/Long_rain_season/Feb_March_2020[2]/constraints_for_tomato_production_Feb_March_2020[1]
Cut_worm,,Medium,uuid:bfa64993-2626-43ea-9de0-f2ff80e83467/SCLAMP_EA_Questionaire/Long_rain_season/Feb_March_2020[2],uuid:bfa64993-2626-43ea-9de0-f2ff80e83467/SCLAMP_EA_Questionaire/Long_rain_season/Feb_March_2020[2]/constraints_for_tomato_production_Feb_March_2020[2]
Ballworm,,Medium,uuid:0fb487ff-88ea-4e37-a2db-c9462a2c0ae5/SCLAMP_EA_Questionaire/Long_rain_season/Feb_March_2020[2],uuid:0fb487ff-88ea-4e37-a2db-c9462a2c0ae5/SCLAMP_EA_Questionaire/Long_rain_season/Feb_March_2020[2]/constraints_for_tomato_production_Feb_March_2020[1]
Soil_fertility_exhaustion_,,Medium,uuid:0fb487ff-88ea-4e37-a2db-c9462a2c0ae5/SCLAMP_EA_Questionaire/Long_rain_season/Feb_March_2020[2],uuid:0fb487ff-88ea-4e37-a2db-c9462a2c0ae5/SCLAMP_EA_Questionaire/Long_rain_season/Feb_March_2020[2]/constraints_for_tomato_production_Feb_March_2020[2]
Ballworm,,Medium,uuid:8b6c125a-5cd1-455e-b5e4-b8c7bc85f088/SCLAMP_EA_Questionaire/Long_rain_season/Feb_March_2020[2],uuid:8b6c125a-5cd1-455e-b5e4-b8c7bc85f088/SCLAMP_EA_Questionaire/Long_rain_season/Feb_March_2020[2]/constraints_for_tomato_production_Feb_March_2020[1]
Plant_diseases_,,Medium,uuid:8a2e2b8d-4b7e-4492-b829-7c7167bcae4c/SCLAMP_EA_Questionaire/Long_rain_season/Feb_March_2020[3],uuid:8a2e2b8d-4b7e-4492-b829-7c7167bcae4c/SCLAMP_EA_Questionaire/Long_rain_season/Feb_March_2020[3]/constraints_for_tomato_production_Feb_March_2020[1]
Plant_diseases_,,Medium,uuid:e54be10e-9363-49d3-9050-7cd4d21b6fe5/SCLAMP_EA_Questionaire/Long_rain_season/Feb_March_2020[1],uuid:e54be10e-9363-49d3-9050-7cd4d21b6fe5/SCLAMP_EA_Questionaire/Long_rain_season/Feb_March_2020[1]/constraints_for_tomato_production_Feb_March_2020[1]
Shortage_of_rain,,High,uuid:88ce6a0e-ffbc-493c-90d0-38b0983a59fa/SCLAMP_EA_Questionaire/Long_rain_season/Feb_March_2020[3],uuid:88ce6a0e-ffbc-493c-90d0-38b0983a59fa/SCLAMP_EA_Questionaire/Long_rain_season/Feb_March_2020[3]/constraints_for_tomato_production_Feb_March_2020[1]
Red_spider_mite,,Medium,uuid:88ce6a0e-ffbc-493c-90d0-38b0983a59fa/SCLAMP_EA_Questionaire/Long_rain_season/Feb_March_2020[3],uuid:88ce6a0e-ffbc-493c-90d0-38b0983a59fa/SCLAMP_EA_Questionaire/Long_rain_season/Feb_March_2020[3]/constraints_for_tomato_production_Feb_March_2020[2]
Plant_diseases_,,High,uuid:88ce6a0e-ffbc-493c-90d0-38b0983a59fa/SCLAMP_EA_Questionaire/Long_rain_season/Feb_March_2020[3],uuid:88ce6a0e-ffbc-493c-90d0-38b0983a59fa/SCLAMP_EA_Questionaire/Long_rain_season/Feb_March_2020[3]/constraints_for_tomato_production_Feb_March_2020[3]
Other_leaf_miners_Lirimyza_spec,,High,uuid:b7e7019d-45f4-4c3f-8a96-4d4440905ba8/SCLAMP_EA_Questionaire/Long_rain_season/Feb_March_2020[3],uuid:b7e7019d-45f4-4c3f-8a96-4d4440905ba8/SCLAMP_EA_Questionaire/Long_rain_season/Feb_March_2020[3]/constraints_for_tomato_production_Feb_March_2020[1]
Plant_diseases_,,Medium,uuid:b7e7019d-45f4-4c3f-8a96-4d4440905ba8/SCLAMP_EA_Questionaire/Long_rain_season/Feb_March_2020[3],uuid:b7e7019d-45f4-4c3f-8a96-4d4440905ba8/SCLAMP_EA_Questionaire/Long_rain_season/Feb_March_2020[3]/constraints_for_tomato_production_Feb_March_2020[2]
Soil_fertility_exhaustion_,,Medium,uuid:b7e7019d-45f4-4c3f-8a96-4d4440905ba8/SCLAMP_EA_Questionaire/Long_rain_season/Feb_March_2020[3],uuid:b7e7019d-45f4-4c3f-8a96-4d4440905ba8/SCLAMP_EA_Questionaire/Long_rain_season/Feb_March_2020[3]/constraints_for_tomato_production_Feb_March_2020[3]
Other_leaf_miners_Lirimyza_spec,,High,uuid:b7e7019d-45f4-4c3f-8a96-4d4440905ba8/SCLAMP_EA_Questionaire/Long_rain_season/Feb_March_2020[4],uuid:b7e7019d-45f4-4c3f-8a96-4d4440905ba8/SCLAMP_EA_Questionaire/Long_rain_season/Feb_March_2020[4]/constraints_for_tomato_production_Feb_March_2020[1]
Soil_fertility_exhaustion_,,Medium,uuid:b7e7019d-45f4-4c3f-8a96-4d4440905ba8/SCLAMP_EA_Questionaire/Long_rain_season/Feb_March_2020[4],uuid:b7e7019d-45f4-4c3f-8a96-4d4440905ba8/SCLAMP_EA_Questionaire/Long_rain_season/Feb_March_2020[4]/constraints_for_tomato_production_Feb_March_2020[2]
other,Birds,Medium,uuid:b7e7019d-45f4-4c3f-8a96-4d4440905ba8/SCLAMP_EA_Questionaire/Long_rain_season/Feb_March_2020[4],uuid:b7e7019d-45f4-4c3f-8a96-4d4440905ba8/SCLAMP_EA_Questionaire/Long_rain_season/Feb_March_2020[4]/constraints_for_tomato_production_Feb_March_2020[3]
Shortage_of_rain,,High,uuid:a55b28c6-9bbc-41b1-b657-d05c3cd4cb78/SCLAMP_EA_Questionaire/Long_rain_season/Feb_March_2020[2],uuid:a55b28c6-9bbc-41b1-b657-d05c3cd4cb78/SCLAMP_EA_Questionaire/Long_rain_season/Feb_March_2020[2]/constraints_for_tomato_production_Feb_March_2020[1]
Other_leaf_miners_Lirimyza_spec,,Medium,uuid:a55b28c6-9bbc-41b1-b657-d05c3cd4cb78/SCLAMP_EA_Questionaire/Long_rain_season/Feb_March_2020[2],uuid:a55b28c6-9bbc-41b1-b657-d05c3cd4cb78/SCLAMP_EA_Questionaire/Long_rain_season/Feb_March_2020[2]/constraints_for_tomato_production_Feb_March_2020[2]
Plant_diseases_,,Medium,uuid:a55b28c6-9bbc-41b1-b657-d05c3cd4cb78/SCLAMP_EA_Questionaire/Long_rain_season/Feb_March_2020[2],uuid:a55b28c6-9bbc-41b1-b657-d05c3cd4cb78/SCLAMP_EA_Questionaire/Long_rain_season/Feb_March_2020[2]/constraints_for_tomato_production_Feb_March_2020[3]
other,Tomato wilt,High,uuid:a462c631-cc91-4c58-90c5-ff0d1b4d3aac/SCLAMP_EA_Questionaire/Long_rain_season/Feb_March_2020[2],uuid:a462c631-cc91-4c58-90c5-ff0d1b4d3aac/SCLAMP_EA_Questionaire/Long_rain_season/Feb_March_2020[2]/constraints_for_tomato_production_Feb_March_2020[1]
Plant_diseases_,,High,uuid:0338b47b-e685-4047-b210-cb2ff000db4c/SCLAMP_EA_Questionaire/Long_rain_season/Feb_March_2020[3],uuid:0338b47b-e685-4047-b210-cb2ff000db4c/SCLAMP_EA_Questionaire/Long_rain_season/Feb_March_2020[3]/constraints_for_tomato_production_Feb_March_2020[1]
other,Tomato wilt,High,uuid:a94c4186-553f-42da-b7d5-a66cce3b0458/SCLAMP_EA_Questionaire/Long_rain_season/Feb_March_2020[2],uuid:a94c4186-553f-42da-b7d5-a66cce3b0458/SCLAMP_EA_Questionaire/Long_rain_season/Feb_March_2020[2]/constraints_for_tomato_production_Feb_March_2020[1]
other,Tomato wilt,High,uuid:a0015b82-7837-4c6f-86ba-df11c0e13cad/SCLAMP_EA_Questionaire/Long_rain_season/Feb_March_2020[5],uuid:a0015b82-7837-4c6f-86ba-df11c0e13cad/SCLAMP_EA_Questionaire/Long_rain_season/Feb_March_2020[5]/constraints_for_tomato_production_Feb_March_2020[1]
other,Tomato wilt,High,uuid:c838e643-a3e0-4ef7-8487-33c1497a790f/SCLAMP_EA_Questionaire/Long_rain_season/Feb_March_2020[2],uuid:c838e643-a3e0-4ef7-8487-33c1497a790f/SCLAMP_EA_Questionaire/Long_rain_season/Feb_March_2020[2]/constraints_for_tomato_production_Feb_March_2020[1]
other,Tomato wilt,High,uuid:c5042384-df41-497d-b113-6061d7c9dce1/SCLAMP_EA_Questionaire/Long_rain_season/Feb_March_2020[2],uuid:c5042384-df41-497d-b113-6061d7c9dce1/SCLAMP_EA_Questionaire/Long_rain_season/Feb_March_2020[2]/constraints_for_tomato_production_Feb_March_2020[1]
Plant_diseases_,,High,uuid:7606408a-7fff-4fca-a9da-6a5f16856ea9/SCLAMP_EA_Questionaire/Long_rain_season/Feb_March_2020[2],uuid:7606408a-7fff-4fca-a9da-6a5f16856ea9/SCLAMP_EA_Questionaire/Long_rain_season/Feb_March_2020[2]/constraints_for_tomato_production_Feb_March_2020[1]
other,Tomato wilt ,High,uuid:192fe43f-7a13-4cc6-9f2e-a2a6971380b6/SCLAMP_EA_Questionaire/Long_rain_season/Feb_March_2020[1],uuid:192fe43f-7a13-4cc6-9f2e-a2a6971380b6/SCLAMP_EA_Questionaire/Long_rain_season/Feb_March_2020[1]/constraints_for_tomato_production_Feb_March_2020[1]
Plant_diseases_,,High,uuid:8ad67238-b7d7-435b-a949-40cbc5402d79/SCLAMP_EA_Questionaire/Long_rain_season/Feb_March_2020[2],uuid:8ad67238-b7d7-435b-a949-40cbc5402d79/SCLAMP_EA_Questionaire/Long_rain_season/Feb_March_2020[2]/constraints_for_tomato_production_Feb_March_2020[1]
Cut_worm,,High,uuid:8ad67238-b7d7-435b-a949-40cbc5402d79/SCLAMP_EA_Questionaire/Long_rain_season/Feb_March_2020[2],uuid:8ad67238-b7d7-435b-a949-40cbc5402d79/SCLAMP_EA_Questionaire/Long_rain_season/Feb_March_2020[2]/constraints_for_tomato_production_Feb_March_2020[2]
Plant_diseases_,,High,uuid:ea229d4f-9ac3-4cf5-8b27-bcb72333a97c/SCLAMP_EA_Questionaire/Long_rain_season/Feb_March_2020[2],uuid:ea229d4f-9ac3-4cf5-8b27-bcb72333a97c/SCLAMP_EA_Questionaire/Long_rain_season/Feb_March_2020[2]/constraints_for_tomato_production_Feb_March_2020[1]
Plant_diseases_,,High,uuid:01385028-0559-4e7c-8fe3-75a26ca60907/SCLAMP_EA_Questionaire/Long_rain_season/Feb_March_2020[5],uuid:01385028-0559-4e7c-8fe3-75a26ca60907/SCLAMP_EA_Questionaire/Long_rain_season/Feb_March_2020[5]/constraints_for_tomato_production_Feb_March_2020[1]
Plant_diseases_,,High,uuid:01385028-0559-4e7c-8fe3-75a26ca60907/SCLAMP_EA_Questionaire/Long_rain_season/Feb_March_2020[6],uuid:01385028-0559-4e7c-8fe3-75a26ca60907/SCLAMP_EA_Questionaire/Long_rain_season/Feb_March_2020[6]/constraints_for_tomato_production_Feb_March_2020[1]
Soil_fertility_exhaustion_,,High,uuid:12608c54-abdb-442e-9874-f8a480f3554c/SCLAMP_EA_Questionaire/Long_rain_season/Feb_March_2020[2],uuid:12608c54-abdb-442e-9874-f8a480f3554c/SCLAMP_EA_Questionaire/Long_rain_season/Feb_March_2020[2]/constraints_for_tomato_production_Feb_March_2020[1]
Plant_diseases_,,High,uuid:12608c54-abdb-442e-9874-f8a480f3554c/SCLAMP_EA_Questionaire/Long_rain_season/Feb_March_2020[2],uuid:12608c54-abdb-442e-9874-f8a480f3554c/SCLAMP_EA_Questionaire/Long_rain_season/Feb_March_2020[2]/constraints_for_tomato_production_Feb_March_2020[2]
Plant_diseases_,,High,uuid:871c04d8-aeb3-4e6a-b3e0-cfde6dae3a8a/SCLAMP_EA_Questionaire/Long_rain_season/Feb_March_2020[2],uuid:871c04d8-aeb3-4e6a-b3e0-cfde6dae3a8a/SCLAMP_EA_Questionaire/Long_rain_season/Feb_March_2020[2]/constraints_for_tomato_production_Feb_March_2020[1]
Plant_diseases_,,High,uuid:5acdb267-68c9-4b85-97f5-bb1579bd87a4/SCLAMP_EA_Questionaire/Long_rain_season/Feb_March_2020[5],uuid:5acdb267-68c9-4b85-97f5-bb1579bd87a4/SCLAMP_EA_Questionaire/Long_rain_season/Feb_March_2020[5]/constraints_for_tomato_production_Feb_March_2020[1]
other,Bright,High,uuid:5acdb267-68c9-4b85-97f5-bb1579bd87a4/SCLAMP_EA_Questionaire/Long_rain_season/Feb_March_2020[5],uuid:5acdb267-68c9-4b85-97f5-bb1579bd87a4/SCLAMP_EA_Questionaire/Long_rain_season/Feb_March_2020[5]/constraints_for_tomato_production_Feb_March_2020[2]
Plant_diseases_,,High,uuid:1bf4e1f4-1c3b-47a4-9889-57aa54207e0e/SCLAMP_EA_Questionaire/Long_rain_season/Feb_March_2020[2],uuid:1bf4e1f4-1c3b-47a4-9889-57aa54207e0e/SCLAMP_EA_Questionaire/Long_rain_season/Feb_March_2020[2]/constraints_for_tomato_production_Feb_March_2020[1]
Plant_diseases_,,High,uuid:8f227f55-8816-4493-a646-57e0daf307e6/SCLAMP_EA_Questionaire/Long_rain_season/Feb_March_2020[3],uuid:8f227f55-8816-4493-a646-57e0daf307e6/SCLAMP_EA_Questionaire/Long_rain_season/Feb_March_2020[3]/constraints_for_tomato_production_Feb_March_2020[1]
Plant_diseases_,,High,uuid:3e002f74-407c-4805-be85-dddc1b48217a/SCLAMP_EA_Questionaire/Long_rain_season/Feb_March_2020[4],uuid:3e002f74-407c-4805-be85-dddc1b48217a/SCLAMP_EA_Questionaire/Long_rain_season/Feb_March_2020[4]/constraints_for_tomato_production_Feb_March_2020[1]
other,Bright,High,uuid:3e002f74-407c-4805-be85-dddc1b48217a/SCLAMP_EA_Questionaire/Long_rain_season/Feb_March_2020[4],uuid:3e002f74-407c-4805-be85-dddc1b48217a/SCLAMP_EA_Questionaire/Long_rain_season/Feb_March_2020[4]/constraints_for_tomato_production_Feb_March_2020[2]
Plant_diseases_,,High,uuid:73223edc-2e98-4a5a-92a1-538259a03cb2/SCLAMP_EA_Questionaire/Long_rain_season/Feb_March_2020[2],uuid:73223edc-2e98-4a5a-92a1-538259a03cb2/SCLAMP_EA_Questionaire/Long_rain_season/Feb_March_2020[2]/constraints_for_tomato_production_Feb_March_2020[1]
Plant_diseases_,,High,uuid:9ea35354-172a-4dff-b467-c2c1821ba56c/SCLAMP_EA_Questionaire/Long_rain_season/Feb_March_2020[2],uuid:9ea35354-172a-4dff-b467-c2c1821ba56c/SCLAMP_EA_Questionaire/Long_rain_season/Feb_March_2020[2]/constraints_for_tomato_production_Feb_March_2020[1]
other,Bright ,High,uuid:9ea35354-172a-4dff-b467-c2c1821ba56c/SCLAMP_EA_Questionaire/Long_rain_season/Feb_March_2020[2],uuid:9ea35354-172a-4dff-b467-c2c1821ba56c/SCLAMP_EA_Questionaire/Long_rain_season/Feb_March_2020[2]/constraints_for_tomato_production_Feb_March_2020[2]
Plant_diseases_,,High,uuid:0ad8722b-76ec-4b04-bb8d-72f96b744be2/SCLAMP_EA_Questionaire/Long_rain_season/Feb_March_2020[3],uuid:0ad8722b-76ec-4b04-bb8d-72f96b744be2/SCLAMP_EA_Questionaire/Long_rain_season/Feb_March_2020[3]/constraints_for_tomato_production_Feb_March_2020[1]
Plant_diseases_,,High,uuid:025731bf-12fb-4d84-ba4d-e2f7374f761d/SCLAMP_EA_Questionaire/Long_rain_season/Feb_March_2020[3],uuid:025731bf-12fb-4d84-ba4d-e2f7374f761d/SCLAMP_EA_Questionaire/Long_rain_season/Feb_March_2020[3]/constraints_for_tomato_production_Feb_March_2020[1]
Plant_diseases_,,High,uuid:2db21b0b-5956-4426-afad-185484d5200b/SCLAMP_EA_Questionaire/Long_rain_season/Feb_March_2020[3],uuid:2db21b0b-5956-4426-afad-185484d5200b/SCLAMP_EA_Questionaire/Long_rain_season/Feb_March_2020[3]/constraints_for_tomato_production_Feb_March_2020[1]
Plant_diseases_,,High,uuid:63282e91-cfb6-4913-9eaf-a904013b92da/SCLAMP_EA_Questionaire/Long_rain_season/Feb_March_2020[2],uuid:63282e91-cfb6-4913-9eaf-a904013b92da/SCLAMP_EA_Questionaire/Long_rain_season/Feb_March_2020[2]/constraints_for_tomato_production_Feb_March_2020[1]
Plant_diseases_,,High,uuid:b75c2d33-8117-485c-8821-26b9c9dc3ec5/SCLAMP_EA_Questionaire/Long_rain_season/Feb_March_2020[2],uuid:b75c2d33-8117-485c-8821-26b9c9dc3ec5/SCLAMP_EA_Questionaire/Long_rain_season/Feb_March_2020[2]/constraints_for_tomato_production_Feb_March_2020[1]
Drought,,High,uuid:a107c48b-c32c-4ce4-8aec-59cf10b753ad/SCLAMP_EA_Questionaire/Long_rain_season/Feb_March_2020[2],uuid:a107c48b-c32c-4ce4-8aec-59cf10b753ad/SCLAMP_EA_Questionaire/Long_rain_season/Feb_March_2020[2]/constraints_for_tomato_production_Feb_March_2020[1]
other,None,Medium,uuid:464c42d2-ffd1-4e3e-89de-807673575262/SCLAMP_EA_Questionaire/Long_rain_season/Feb_March_2020[1],uuid:464c42d2-ffd1-4e3e-89de-807673575262/SCLAMP_EA_Questionaire/Long_rain_season/Feb_March_2020[1]/constraints_for_tomato_production_Feb_March_2020[1]
Plant_diseases_,,High,uuid:465409d0-9be8-46a9-9f70-854b46254cec/SCLAMP_EA_Questionaire/Long_rain_season/Feb_March_2020[2],uuid:465409d0-9be8-46a9-9f70-854b46254cec/SCLAMP_EA_Questionaire/Long_rain_season/Feb_March_2020[2]/constraints_for_tomato_production_Feb_March_2020[1]
Plant_diseases_,,High,uuid:1b699bb9-f89c-41ee-92fb-d24235bee633/SCLAMP_EA_Questionaire/Long_rain_season/Feb_March_2020[3],uuid:1b699bb9-f89c-41ee-92fb-d24235bee633/SCLAMP_EA_Questionaire/Long_rain_season/Feb_March_2020[3]/constraints_for_tomato_production_Feb_March_2020[1]
other,Mist,High,uuid:c965210e-f0cf-476b-9b1e-a2398f44c2d6/SCLAMP_EA_Questionaire/Long_rain_season/Feb_March_2020[1],uuid:c965210e-f0cf-476b-9b1e-a2398f44c2d6/SCLAMP_EA_Questionaire/Long_rain_season/Feb_March_2020[1]/constraints_for_tomato_production_Feb_March_2020[1]
Plant_diseases_,,Medium,uuid:c965210e-f0cf-476b-9b1e-a2398f44c2d6/SCLAMP_EA_Questionaire/Long_rain_season/Feb_March_2020[1],uuid:c965210e-f0cf-476b-9b1e-a2398f44c2d6/SCLAMP_EA_Questionaire/Long_rain_season/Feb_March_2020[1]/constraints_for_tomato_production_Feb_March_2020[2]
Red_spider_mite,,Medium,uuid:c965210e-f0cf-476b-9b1e-a2398f44c2d6/SCLAMP_EA_Questionaire/Long_rain_season/Feb_March_2020[1],uuid:c965210e-f0cf-476b-9b1e-a2398f44c2d6/SCLAMP_EA_Questionaire/Long_rain_season/Feb_March_2020[1]/constraints_for_tomato_production_Feb_March_2020[3]
Other_leaf_miners_Lirimyza_spec,,High,uuid:501eb22c-da4d-4cdc-b1a1-d4b1ba8e6360/SCLAMP_EA_Questionaire/Long_rain_season/Feb_March_2020[4],uuid:501eb22c-da4d-4cdc-b1a1-d4b1ba8e6360/SCLAMP_EA_Questionaire/Long_rain_season/Feb_March_2020[4]/constraints_for_tomato_production_Feb_March_2020[1]
Soil_fertility_exhaustion_,,Medium,uuid:501eb22c-da4d-4cdc-b1a1-d4b1ba8e6360/SCLAMP_EA_Questionaire/Long_rain_season/Feb_March_2020[4],uuid:501eb22c-da4d-4cdc-b1a1-d4b1ba8e6360/SCLAMP_EA_Questionaire/Long_rain_season/Feb_March_2020[4]/constraints_for_tomato_production_Feb_March_2020[2]
other,Mist,Medium,uuid:501eb22c-da4d-4cdc-b1a1-d4b1ba8e6360/SCLAMP_EA_Questionaire/Long_rain_season/Feb_March_2020[4],uuid:501eb22c-da4d-4cdc-b1a1-d4b1ba8e6360/SCLAMP_EA_Questionaire/Long_rain_season/Feb_March_2020[4]/constraints_for_tomato_production_Feb_March_2020[3]
Cut_worm,,Medium,uuid:04b1de55-4612-4637-abe2-2f9a59ffd903/SCLAMP_EA_Questionaire/Long_rain_season/Feb_March_2020[3],uuid:04b1de55-4612-4637-abe2-2f9a59ffd903/SCLAMP_EA_Questionaire/Long_rain_season/Feb_March_2020[3]/constraints_for_tomato_production_Feb_March_2020[1]
Soil_fertility_exhaustion_,,High,uuid:04b1de55-4612-4637-abe2-2f9a59ffd903/SCLAMP_EA_Questionaire/Long_rain_season/Feb_March_2020[3],uuid:04b1de55-4612-4637-abe2-2f9a59ffd903/SCLAMP_EA_Questionaire/Long_rain_season/Feb_March_2020[3]/constraints_for_tomato_production_Feb_March_2020[2]
Plant_diseases_,,High,uuid:e3cdd302-612e-43f1-b314-d16ae0203559/SCLAMP_EA_Questionaire/Long_rain_season/Feb_March_2020[1],uuid:e3cdd302-612e-43f1-b314-d16ae0203559/SCLAMP_EA_Questionaire/Long_rain_season/Feb_March_2020[1]/constraints_for_tomato_production_Feb_March_2020[1]
Plant_diseases_,,High,uuid:41eb5bc0-3d94-4b77-a13e-c419df021e79/SCLAMP_EA_Questionaire/Long_rain_season/Feb_March_2020[2],uuid:41eb5bc0-3d94-4b77-a13e-c419df021e79/SCLAMP_EA_Questionaire/Long_rain_season/Feb_March_2020[2]/constraints_for_tomato_production_Feb_March_2020[1]
other,Tomato wilt,High,uuid:54729e38-076c-452b-9e7d-12d509dcf84b/SCLAMP_EA_Questionaire/Long_rain_season/Feb_March_2020[3],uuid:54729e38-076c-452b-9e7d-12d509dcf84b/SCLAMP_EA_Questionaire/Long_rain_season/Feb_March_2020[3]/constraints_for_tomato_production_Feb_March_2020[1]
Plant_diseases_,,Low,uuid:e6805d24-ed14-4724-a2ea-b94dddaaf315/SCLAMP_EA_Questionaire/Long_rain_season/Feb_March_2020[2],uuid:e6805d24-ed14-4724-a2ea-b94dddaaf315/SCLAMP_EA_Questionaire/Long_rain_season/Feb_March_2020[2]/constraints_for_tomato_production_Feb_March_2020[1]
Plant_diseases_,,High,uuid:b76607e5-167a-4bc2-b162-c92fbd835b73/SCLAMP_EA_Questionaire/Long_rain_season/Feb_March_2020[2],uuid:b76607e5-167a-4bc2-b162-c92fbd835b73/SCLAMP_EA_Questionaire/Long_rain_season/Feb_March_2020[2]/constraints_for_tomato_production_Feb_March_2020[1]
Cut_worm,,Medium,uuid:bbbe67e4-6887-4321-9672-ce6e8db09f81/SCLAMP_EA_Questionaire/Long_rain_season/Feb_March_2020[2],uuid:bbbe67e4-6887-4321-9672-ce6e8db09f81/SCLAMP_EA_Questionaire/Long_rain_season/Feb_March_2020[2]/constraints_for_tomato_production_Feb_March_2020[1]
other,None,Low,uuid:bbbe67e4-6887-4321-9672-ce6e8db09f81/SCLAMP_EA_Questionaire/Long_rain_season/Feb_March_2020[2],uuid:bbbe67e4-6887-4321-9672-ce6e8db09f81/SCLAMP_EA_Questionaire/Long_rain_season/Feb_March_2020[2]/constraints_for_tomato_production_Feb_March_2020[2]
other,Drying of the plants,Medium,uuid:50f468c9-961c-46bb-9cee-45b0be89d3f6/SCLAMP_EA_Questionaire/Long_rain_season/Feb_March_2020[1],uuid:50f468c9-961c-46bb-9cee-45b0be89d3f6/SCLAMP_EA_Questionaire/Long_rain_season/Feb_March_2020[1]/constraints_for_tomato_production_Feb_March_2020[1]
other,None,Low,uuid:50f468c9-961c-46bb-9cee-45b0be89d3f6/SCLAMP_EA_Questionaire/Long_rain_season/Feb_March_2020[1],uuid:50f468c9-961c-46bb-9cee-45b0be89d3f6/SCLAMP_EA_Questionaire/Long_rain_season/Feb_March_2020[1]/constraints_for_tomato_production_Feb_March_2020[2]
Too_much_rain,,Medium,uuid:6a744ca6-83d9-4df7-91f9-77f28ec4a1b0/SCLAMP_EA_Questionaire/Long_rain_season/Feb_March_2020[1],uuid:6a744ca6-83d9-4df7-91f9-77f28ec4a1b0/SCLAMP_EA_Questionaire/Long_rain_season/Feb_March_2020[1]/constraints_for_tomato_production_Feb_March_2020[1]
Plant_diseases_,,Medium,uuid:6a744ca6-83d9-4df7-91f9-77f28ec4a1b0/SCLAMP_EA_Questionaire/Long_rain_season/Feb_March_2020[1],uuid:6a744ca6-83d9-4df7-91f9-77f28ec4a1b0/SCLAMP_EA_Questionaire/Long_rain_season/Feb_March_2020[1]/constraints_for_tomato_production_Feb_March_2020[2]
Soil_fertility_exhaustion_,,Medium,uuid:e8527c6e-c7cc-4e97-97b1-27b55e7f7a16/SCLAMP_EA_Questionaire/Long_rain_season/Feb_March_2020[4],uuid:e8527c6e-c7cc-4e97-97b1-27b55e7f7a16/SCLAMP_EA_Questionaire/Long_rain_season/Feb_March_2020[4]/constraints_for_tomato_production_Feb_March_2020[1]
Plant_diseases_,,Medium,uuid:e8527c6e-c7cc-4e97-97b1-27b55e7f7a16/SCLAMP_EA_Questionaire/Long_rain_season/Feb_March_2020[4],uuid:e8527c6e-c7cc-4e97-97b1-27b55e7f7a16/SCLAMP_EA_Questionaire/Long_rain_season/Feb_March_2020[4]/constraints_for_tomato_production_Feb_March_2020[2]
other,Birds,High,uuid:e8527c6e-c7cc-4e97-97b1-27b55e7f7a16/SCLAMP_EA_Questionaire/Long_rain_season/Feb_March_2020[4],uuid:e8527c6e-c7cc-4e97-97b1-27b55e7f7a16/SCLAMP_EA_Questionaire/Long_rain_season/Feb_March_2020[4]/constraints_for_tomato_production_Feb_March_2020[3]
Soil_fertility_exhaustion_,,High,uuid:a2ae917f-d30a-49e3-9585-6412e77d8609/SCLAMP_EA_Questionaire/Long_rain_season/Feb_March_2020[3],uuid:a2ae917f-d30a-49e3-9585-6412e77d8609/SCLAMP_EA_Questionaire/Long_rain_season/Feb_March_2020[3]/constraints_for_tomato_production_Feb_March_2020[1]
Shortage_of_rain,,Medium,uuid:a2ae917f-d30a-49e3-9585-6412e77d8609/SCLAMP_EA_Questionaire/Long_rain_season/Feb_March_2020[3],uuid:a2ae917f-d30a-49e3-9585-6412e77d8609/SCLAMP_EA_Questionaire/Long_rain_season/Feb_March_2020[3]/constraints_for_tomato_production_Feb_March_2020[2]
Plant_diseases_,,High,uuid:a2ae917f-d30a-49e3-9585-6412e77d8609/SCLAMP_EA_Questionaire/Long_rain_season/Feb_March_2020[3],uuid:a2ae917f-d30a-49e3-9585-6412e77d8609/SCLAMP_EA_Questionaire/Long_rain_season/Feb_March_2020[3]/constraints_for_tomato_production_Feb_March_2020[3]
Soil_fertility_exhaustion_,,Medium,uuid:e3ac3722-0ecf-402c-a02f-774b1837d753/SCLAMP_EA_Questionaire/Long_rain_season/Feb_March_2020[1],uuid:e3ac3722-0ecf-402c-a02f-774b1837d753/SCLAMP_EA_Questionaire/Long_rain_season/Feb_March_2020[1]/constraints_for_tomato_production_Feb_March_2020[1]
Plant_diseases_,,Medium,uuid:e3ac3722-0ecf-402c-a02f-774b1837d753/SCLAMP_EA_Questionaire/Long_rain_season/Feb_March_2020[1],uuid:e3ac3722-0ecf-402c-a02f-774b1837d753/SCLAMP_EA_Questionaire/Long_rain_season/Feb_March_2020[1]/constraints_for_tomato_production_Feb_March_2020[2]
other,Wind,Medium,uuid:e3ac3722-0ecf-402c-a02f-774b1837d753/SCLAMP_EA_Questionaire/Long_rain_season/Feb_March_2020[1],uuid:e3ac3722-0ecf-402c-a02f-774b1837d753/SCLAMP_EA_Questionaire/Long_rain_season/Feb_March_2020[1]/constraints_for_tomato_production_Feb_March_2020[3]
Plant_diseases_,,Low,uuid:64901c90-40ca-4005-afec-9d419590afe7/SCLAMP_EA_Questionaire/Long_rain_season/Feb_March_2020[2],uuid:64901c90-40ca-4005-afec-9d419590afe7/SCLAMP_EA_Questionaire/Long_rain_season/Feb_March_2020[2]/constraints_for_tomato_production_Feb_March_2020[1]
other,Fog and mist,High,uuid:142c0d75-4831-4a26-9d37-21ac828565c4/SCLAMP_EA_Questionaire/Long_rain_season/Feb_March_2020[3],uuid:142c0d75-4831-4a26-9d37-21ac828565c4/SCLAMP_EA_Questionaire/Long_rain_season/Feb_March_2020[3]/constraints_for_tomato_production_Feb_March_2020[1]
Plant_diseases_,,High,uuid:41726afc-6d56-4cff-a79a-fc1586ae2342/SCLAMP_EA_Questionaire/Long_rain_season/Feb_March_2020[4],uuid:41726afc-6d56-4cff-a79a-fc1586ae2342/SCLAMP_EA_Questionaire/Long_rain_season/Feb_March_2020[4]/constraints_for_tomato_production_Feb_March_2020[1]
Plant_diseases_,,High,uuid:a0057bf5-96e7-449a-8f49-a7c5d882f4e0/SCLAMP_EA_Questionaire/Long_rain_season/Feb_March_2020[3],uuid:a0057bf5-96e7-449a-8f49-a7c5d882f4e0/SCLAMP_EA_Questionaire/Long_rain_season/Feb_March_2020[3]/constraints_for_tomato_production_Feb_March_2020[1]
Cut_worm,,High,uuid:5ca9fb80-aad8-4737-9cc7-e34c5fe336a7/SCLAMP_EA_Questionaire/Long_rain_season/Feb_March_2020[3],uuid:5ca9fb80-aad8-4737-9cc7-e34c5fe336a7/SCLAMP_EA_Questionaire/Long_rain_season/Feb_March_2020[3]/constraints_for_tomato_production_Feb_March_2020[1]
Plant_diseases_,,High,uuid:5ca9fb80-aad8-4737-9cc7-e34c5fe336a7/SCLAMP_EA_Questionaire/Long_rain_season/Feb_March_2020[3],uuid:5ca9fb80-aad8-4737-9cc7-e34c5fe336a7/SCLAMP_EA_Questionaire/Long_rain_season/Feb_March_2020[3]/constraints_for_tomato_production_Feb_March_2020[2]
Cut_worm,,High,uuid:5ca9fb80-aad8-4737-9cc7-e34c5fe336a7/SCLAMP_EA_Questionaire/Long_rain_season/Feb_March_2020[4],uuid:5ca9fb80-aad8-4737-9cc7-e34c5fe336a7/SCLAMP_EA_Questionaire/Long_rain_season/Feb_March_2020[4]/constraints_for_tomato_production_Feb_March_2020[1]
Plant_diseases_,,High,uuid:5ca9fb80-aad8-4737-9cc7-e34c5fe336a7/SCLAMP_EA_Questionaire/Long_rain_season/Feb_March_2020[4],uuid:5ca9fb80-aad8-4737-9cc7-e34c5fe336a7/SCLAMP_EA_Questionaire/Long_rain_season/Feb_March_2020[4]/constraints_for_tomato_production_Feb_March_2020[2]
Plant_diseases_,,Medium,uuid:fa9b04d1-1cce-4fd3-8abf-8f739e268058/SCLAMP_EA_Questionaire/Long_rain_season/Feb_March_2020[2],uuid:fa9b04d1-1cce-4fd3-8abf-8f739e268058/SCLAMP_EA_Questionaire/Long_rain_season/Feb_March_2020[2]/constraints_for_tomato_production_Feb_March_2020[1]
Soil_fertility_exhaustion_,,Medium,uuid:f376dee1-79eb-4178-af15-fb8a0a7ebd33/SCLAMP_EA_Questionaire/Long_rain_season/Feb_March_2020[3],uuid:f376dee1-79eb-4178-af15-fb8a0a7ebd33/SCLAMP_EA_Questionaire/Long_rain_season/Feb_March_2020[3]/constraints_for_tomato_production_Feb_March_2020[1]
Red_spider_mite,,Medium,uuid:f376dee1-79eb-4178-af15-fb8a0a7ebd33/SCLAMP_EA_Questionaire/Long_rain_season/Feb_March_2020[3],uuid:f376dee1-79eb-4178-af15-fb8a0a7ebd33/SCLAMP_EA_Questionaire/Long_rain_season/Feb_March_2020[3]/constraints_for_tomato_production_Feb_March_2020[2]
Plant_diseases_,,High,uuid:f376dee1-79eb-4178-af15-fb8a0a7ebd33/SCLAMP_EA_Questionaire/Long_rain_season/Feb_March_2020[3],uuid:f376dee1-79eb-4178-af15-fb8a0a7ebd33/SCLAMP_EA_Questionaire/Long_rain_season/Feb_March_2020[3]/constraints_for_tomato_production_Feb_March_2020[3]
Cut_worm,,High,uuid:a0c7510f-9ef5-44a3-a1ea-c9273abeb5dd/SCLAMP_EA_Questionaire/Long_rain_season/Feb_March_2020[2],uuid:a0c7510f-9ef5-44a3-a1ea-c9273abeb5dd/SCLAMP_EA_Questionaire/Long_rain_season/Feb_March_2020[2]/constraints_for_tomato_production_Feb_March_2020[1]
Plant_diseases_,,High,uuid:a0c7510f-9ef5-44a3-a1ea-c9273abeb5dd/SCLAMP_EA_Questionaire/Long_rain_season/Feb_March_2020[2],uuid:a0c7510f-9ef5-44a3-a1ea-c9273abeb5dd/SCLAMP_EA_Questionaire/Long_rain_season/Feb_March_2020[2]/constraints_for_tomato_production_Feb_March_2020[2]
Plant_diseases_,,High,uuid:2f9a95c9-ab41-4177-ac88-693057a73a4b/SCLAMP_EA_Questionaire/Long_rain_season/Feb_March_2020[2],uuid:2f9a95c9-ab41-4177-ac88-693057a73a4b/SCLAMP_EA_Questionaire/Long_rain_season/Feb_March_2020[2]/constraints_for_tomato_production_Feb_March_2020[1]
Drought,,High,uuid:cb5db43d-0b1c-4a1a-a495-5b13836c53f4/SCLAMP_EA_Questionaire/Long_rain_season/Feb_March_2020[4],uuid:cb5db43d-0b1c-4a1a-a495-5b13836c53f4/SCLAMP_EA_Questionaire/Long_rain_season/Feb_March_2020[4]/constraints_for_tomato_production_Feb_March_2020[1]
Plant_diseases_,,High,uuid:a73e6b01-8aa8-4ff5-8c75-b2a7528a25e7/SCLAMP_EA_Questionaire/Long_rain_season/Feb_March_2020[2],uuid:a73e6b01-8aa8-4ff5-8c75-b2a7528a25e7/SCLAMP_EA_Questionaire/Long_rain_season/Feb_March_2020[2]/constraints_for_tomato_production_Feb_March_2020[1]
Plant_diseases_,,High,uuid:9ffc3094-6b94-4312-84ba-87d886d0b382/SCLAMP_EA_Questionaire/Long_rain_season/Feb_March_2020[2],uuid:9ffc3094-6b94-4312-84ba-87d886d0b382/SCLAMP_EA_Questionaire/Long_rain_season/Feb_March_2020[2]/constraints_for_tomato_production_Feb_March_2020[1]
other,Fog and mist,High,uuid:9ffc3094-6b94-4312-84ba-87d886d0b382/SCLAMP_EA_Questionaire/Long_rain_season/Feb_March_2020[2],uuid:9ffc3094-6b94-4312-84ba-87d886d0b382/SCLAMP_EA_Questionaire/Long_rain_season/Feb_March_2020[2]/constraints_for_tomato_production_Feb_March_2020[2]
other,Fog and mist,High,uuid:c22c613d-f39c-4f02-a6da-bdca53917c53/SCLAMP_EA_Questionaire/Long_rain_season/Feb_March_2020[2],uuid:c22c613d-f39c-4f02-a6da-bdca53917c53/SCLAMP_EA_Questionaire/Long_rain_season/Feb_March_2020[2]/constraints_for_tomato_production_Feb_March_2020[1]
Too_much_rain,,Medium,uuid:ae010d79-e722-4214-ae9c-c2e7fa6da286/SCLAMP_EA_Questionaire/Long_rain_season/Feb_March_2020[1],uuid:ae010d79-e722-4214-ae9c-c2e7fa6da286/SCLAMP_EA_Questionaire/Long_rain_season/Feb_March_2020[1]/constraints_for_tomato_production_Feb_March_2020[1]
Plant_diseases_,,Low,uuid:ae010d79-e722-4214-ae9c-c2e7fa6da286/SCLAMP_EA_Questionaire/Long_rain_season/Feb_March_2020[1],uuid:ae010d79-e722-4214-ae9c-c2e7fa6da286/SCLAMP_EA_Questionaire/Long_rain_season/Feb_March_2020[1]/constraints_for_tomato_production_Feb_March_2020[2]
Cut_worm,,Low,uuid:ae010d79-e722-4214-ae9c-c2e7fa6da286/SCLAMP_EA_Questionaire/Long_rain_season/Feb_March_2020[1],uuid:ae010d79-e722-4214-ae9c-c2e7fa6da286/SCLAMP_EA_Questionaire/Long_rain_season/Feb_March_2020[1]/constraints_for_tomato_production_Feb_March_2020[3]
Aphids,,Low,uuid:4e4df2d5-6810-4e39-b9bb-9433acbf668f/SCLAMP_EA_Questionaire/Long_rain_season/Feb_March_2020[1],uuid:4e4df2d5-6810-4e39-b9bb-9433acbf668f/SCLAMP_EA_Questionaire/Long_rain_season/Feb_March_2020[1]/constraints_for_tomato_production_Feb_March_2020[1]
other,Butterflies,Low,uuid:4e4df2d5-6810-4e39-b9bb-9433acbf668f/SCLAMP_EA_Questionaire/Long_rain_season/Feb_March_2020[1],uuid:4e4df2d5-6810-4e39-b9bb-9433acbf668f/SCLAMP_EA_Questionaire/Long_rain_season/Feb_March_2020[1]/constraints_for_tomato_production_Feb_March_2020[2]
Plant_diseases_,,High,uuid:6283e625-98f2-45e6-a7e8-764b970aa1ec/SCLAMP_EA_Questionaire/Long_rain_season/Feb_March_2020[2],uuid:6283e625-98f2-45e6-a7e8-764b970aa1ec/SCLAMP_EA_Questionaire/Long_rain_season/Feb_March_2020[2]/constraints_for_tomato_production_Feb_March_2020[1]
Too_much_rain,,High,uuid:472975f4-4795-4eea-a6b4-4e9781e3be1d/SCLAMP_EA_Questionaire/Long_rain_season/Feb_March_2020[2],uuid:472975f4-4795-4eea-a6b4-4e9781e3be1d/SCLAMP_EA_Questionaire/Long_rain_season/Feb_March_2020[2]/constraints_for_tomato_production_Feb_March_2020[1]
Plant_diseases_,,High,uuid:9390008a-a015-4d66-9be8-dfec73c7cc0c/SCLAMP_EA_Questionaire/Long_rain_season/Feb_March_2020[3],uuid:9390008a-a015-4d66-9be8-dfec73c7cc0c/SCLAMP_EA_Questionaire/Long_rain_season/Feb_March_2020[3]/constraints_for_tomato_production_Feb_March_2020[1]
Plant_diseases_,,High,uuid:2851c99b-41cd-4eb7-8d1c-fcf163eea943/SCLAMP_EA_Questionaire/Long_rain_season/Feb_March_2020[2],uuid:2851c99b-41cd-4eb7-8d1c-fcf163eea943/SCLAMP_EA_Questionaire/Long_rain_season/Feb_March_2020[2]/constraints_for_tomato_production_Feb_March_2020[1]
,,,uuid:e397a1cc-4ab7-406f-92d6-facf1079d070/SCLAMP_EA_Questionaire/Long_rain_season/Feb_March_2020[2],uuid:e397a1cc-4ab7-406f-92d6-facf1079d070/SCLAMP_EA_Questionaire/Long_rain_season/Feb_March_2020[2]/constraints_for_tomato_production_Feb_March_2020[1]
Other_leaf_miners_Lirimyza_spec,,Medium,uuid:c6d0943a-3436-405c-8962-287e761a465d/SCLAMP_EA_Questionaire/Long_rain_season/Feb_March_2020[2],uuid:c6d0943a-3436-405c-8962-287e761a465d/SCLAMP_EA_Questionaire/Long_rain_season/Feb_March_2020[2]/constraints_for_tomato_production_Feb_March_2020[1]
Soil_fertility_exhaustion_,,High,uuid:c6d0943a-3436-405c-8962-287e761a465d/SCLAMP_EA_Questionaire/Long_rain_season/Feb_March_2020[2],uuid:c6d0943a-3436-405c-8962-287e761a465d/SCLAMP_EA_Questionaire/Long_rain_season/Feb_March_2020[2]/constraints_for_tomato_production_Feb_March_2020[2]
other,Lack of good insecticides,High,uuid:c6d0943a-3436-405c-8962-287e761a465d/SCLAMP_EA_Questionaire/Long_rain_season/Feb_March_2020[2],uuid:c6d0943a-3436-405c-8962-287e761a465d/SCLAMP_EA_Questionaire/Long_rain_season/Feb_March_2020[2]/constraints_for_tomato_production_Feb_March_2020[3]
Too_much_rain,,High,uuid:14d6b913-d38f-45f7-8870-d404d73dbba0/SCLAMP_EA_Questionaire/Long_rain_season/Feb_March_2020[2],uuid:14d6b913-d38f-45f7-8870-d404d73dbba0/SCLAMP_EA_Questionaire/Long_rain_season/Feb_March_2020[2]/constraints_for_tomato_production_Feb_March_2020[1]
Plant_diseases_,,High,uuid:14d6b913-d38f-45f7-8870-d404d73dbba0/SCLAMP_EA_Questionaire/Long_rain_season/Feb_March_2020[2],uuid:14d6b913-d38f-45f7-8870-d404d73dbba0/SCLAMP_EA_Questionaire/Long_rain_season/Feb_March_2020[2]/constraints_for_tomato_production_Feb_March_2020[2]
Aphids,,Medium,uuid:14d6b913-d38f-45f7-8870-d404d73dbba0/SCLAMP_EA_Questionaire/Long_rain_season/Feb_March_2020[2],uuid:14d6b913-d38f-45f7-8870-d404d73dbba0/SCLAMP_EA_Questionaire/Long_rain_season/Feb_March_2020[2]/constraints_for_tomato_production_Feb_March_2020[3]
other,Bright,High,uuid:ece97d7a-a0fd-41f0-98c1-4fd5c079fe79/SCLAMP_EA_Questionaire/Long_rain_season/Feb_March_2020[2],uuid:ece97d7a-a0fd-41f0-98c1-4fd5c079fe79/SCLAMP_EA_Questionaire/Long_rain_season/Feb_March_2020[2]/constraints_for_tomato_production_Feb_March_2020[1]
Other_leaf_miners_Lirimyza_spec,,Medium,uuid:ece97d7a-a0fd-41f0-98c1-4fd5c079fe79/SCLAMP_EA_Questionaire/Long_rain_season/Feb_March_2020[2],uuid:ece97d7a-a0fd-41f0-98c1-4fd5c079fe79/SCLAMP_EA_Questionaire/Long_rain_season/Feb_March_2020[2]/constraints_for_tomato_production_Feb_March_2020[2]
Leaf_eaters_,,Medium,uuid:ece97d7a-a0fd-41f0-98c1-4fd5c079fe79/SCLAMP_EA_Questionaire/Long_rain_season/Feb_March_2020[2],uuid:ece97d7a-a0fd-41f0-98c1-4fd5c079fe79/SCLAMP_EA_Questionaire/Long_rain_season/Feb_March_2020[2]/constraints_for_tomato_production_Feb_March_2020[3]
Shortage_of_rain,,High,uuid:6b6f1e90-072e-4c89-a47f-ded25ce395af/SCLAMP_EA_Questionaire/Long_rain_season/Feb_March_2020[3],uuid:6b6f1e90-072e-4c89-a47f-ded25ce395af/SCLAMP_EA_Questionaire/Long_rain_season/Feb_March_2020[3]/constraints_for_tomato_production_Feb_March_2020[1]
other,Thieves,Medium,uuid:6b6f1e90-072e-4c89-a47f-ded25ce395af/SCLAMP_EA_Questionaire/Long_rain_season/Feb_March_2020[3],uuid:6b6f1e90-072e-4c89-a47f-ded25ce395af/SCLAMP_EA_Questionaire/Long_rain_season/Feb_March_2020[3]/constraints_for_tomato_production_Feb_March_2020[2]
Red_spider_mite,,Medium,uuid:6b6f1e90-072e-4c89-a47f-ded25ce395af/SCLAMP_EA_Questionaire/Long_rain_season/Feb_March_2020[3],uuid:6b6f1e90-072e-4c89-a47f-ded25ce395af/SCLAMP_EA_Questionaire/Long_rain_season/Feb_March_2020[3]/constraints_for_tomato_production_Feb_March_2020[3]
Plant_diseases_,,High,uuid:a51b1120-ec78-4e07-9f86-71a8420c5feb/SCLAMP_EA_Questionaire/Long_rain_season/Feb_March_2020[2],uuid:a51b1120-ec78-4e07-9f86-71a8420c5feb/SCLAMP_EA_Questionaire/Long_rain_season/Feb_March_2020[2]/constraints_for_tomato_production_Feb_March_2020[1]
Red_spider_mite,,Low,uuid:a51b1120-ec78-4e07-9f86-71a8420c5feb/SCLAMP_EA_Questionaire/Long_rain_season/Feb_March_2020[2],uuid:a51b1120-ec78-4e07-9f86-71a8420c5feb/SCLAMP_EA_Questionaire/Long_rain_season/Feb_March_2020[2]/constraints_for_tomato_production_Feb_March_2020[2]
Plant_diseases_,,High,uuid:de15c0ff-8439-45bc-ad13-7940e2cd46ff/SCLAMP_EA_Questionaire/Long_rain_season/Feb_March_2020[2],uuid:de15c0ff-8439-45bc-ad13-7940e2cd46ff/SCLAMP_EA_Questionaire/Long_rain_season/Feb_March_2020[2]/constraints_for_tomato_production_Feb_March_2020[1]
Plant_diseases_,,High,uuid:d4a71b1e-635b-40bf-8cc5-b3a2c66d6fbc/SCLAMP_EA_Questionaire/Long_rain_season/Feb_March_2020[2],uuid:d4a71b1e-635b-40bf-8cc5-b3a2c66d6fbc/SCLAMP_EA_Questionaire/Long_rain_season/Feb_March_2020[2]/constraints_for_tomato_production_Feb_March_2020[1]
Plant_diseases_,,High,uuid:7139d3cd-16bc-4706-b40a-935412f6ad11/SCLAMP_EA_Questionaire/Long_rain_season/Feb_March_2020[2],uuid:7139d3cd-16bc-4706-b40a-935412f6ad11/SCLAMP_EA_Questionaire/Long_rain_season/Feb_March_2020[2]/constraints_for_tomato_production_Feb_March_2020[1]
Soil_fertility_exhaustion_,,High,uuid:7139d3cd-16bc-4706-b40a-935412f6ad11/SCLAMP_EA_Questionaire/Long_rain_season/Feb_March_2020[2],uuid:7139d3cd-16bc-4706-b40a-935412f6ad11/SCLAMP_EA_Questionaire/Long_rain_season/Feb_March_2020[2]/constraints_for_tomato_production_Feb_March_2020[2]
Plant_diseases_,,High,uuid:e4bd52b8-0f2d-445d-9646-2290f1814f0d/SCLAMP_EA_Questionaire/Long_rain_season/Feb_March_2020[2],uuid:e4bd52b8-0f2d-445d-9646-2290f1814f0d/SCLAMP_EA_Questionaire/Long_rain_season/Feb_March_2020[2]/constraints_for_tomato_production_Feb_March_2020[1]
Cut_worm,,High,uuid:e4bd52b8-0f2d-445d-9646-2290f1814f0d/SCLAMP_EA_Questionaire/Long_rain_season/Feb_March_2020[2],uuid:e4bd52b8-0f2d-445d-9646-2290f1814f0d/SCLAMP_EA_Questionaire/Long_rain_season/Feb_March_2020[2]/constraints_for_tomato_production_Feb_March_2020[2]
Plant_diseases_,,High,uuid:3e1a773a-3e2e-488c-9790-c76a256bb3c0/SCLAMP_EA_Questionaire/Long_rain_season/Feb_March_2020[2],uuid:3e1a773a-3e2e-488c-9790-c76a256bb3c0/SCLAMP_EA_Questionaire/Long_rain_season/Feb_March_2020[2]/constraints_for_tomato_production_Feb_March_2020[1]
Plant_diseases_,,High,uuid:4cf863ff-d9e5-49e7-b7d1-dc2b1b9462c7/SCLAMP_EA_Questionaire/Long_rain_season/Feb_March_2020[4],uuid:4cf863ff-d9e5-49e7-b7d1-dc2b1b9462c7/SCLAMP_EA_Questionaire/Long_rain_season/Feb_March_2020[4]/constraints_for_tomato_production_Feb_March_2020[1]
Thrips_Western_flower_thrips_et,,High,uuid:c1ca06ab-dc5b-4c21-9f45-66dfa8f55d58/SCLAMP_EA_Questionaire/Long_rain_season/Feb_March_2020[3],uuid:c1ca06ab-dc5b-4c21-9f45-66dfa8f55d58/SCLAMP_EA_Questionaire/Long_rain_season/Feb_March_2020[3]/constraints_for_tomato_production_Feb_March_2020[1]
Plant_diseases_,,High,uuid:ece8c09f-0625-4c88-9b53-5cbc1d442f7f/SCLAMP_EA_Questionaire/Long_rain_season/Feb_March_2020[3],uuid:ece8c09f-0625-4c88-9b53-5cbc1d442f7f/SCLAMP_EA_Questionaire/Long_rain_season/Feb_March_2020[3]/constraints_for_tomato_production_Feb_March_2020[1]
Plant_diseases_,,High,uuid:3bb27607-5aaf-4d0f-9b55-33a520d8cb4f/SCLAMP_EA_Questionaire/Long_rain_season/Feb_March_2020[3],uuid:3bb27607-5aaf-4d0f-9b55-33a520d8cb4f/SCLAMP_EA_Questionaire/Long_rain_season/Feb_March_2020[3]/constraints_for_tomato_production_Feb_March_2020[1]
Plant_diseases_,,High,uuid:8a49b34a-53c4-48e6-acf9-4f0b91412938/SCLAMP_EA_Questionaire/Long_rain_season/Feb_March_2020[3],uuid:8a49b34a-53c4-48e6-acf9-4f0b91412938/SCLAMP_EA_Questionaire/Long_rain_season/Feb_March_2020[3]/constraints_for_tomato_production_Feb_March_2020[1]
other,,,uuid:55dd0014-cfd5-4461-b5d5-aab65417a48c/SCLAMP_EA_Questionaire/Long_rain_season/Feb_March_2020[3],uuid:55dd0014-cfd5-4461-b5d5-aab65417a48c/SCLAMP_EA_Questionaire/Long_rain_season/Feb_March_2020[3]/constraints_for_tomato_production_Feb_March_2020[1]
other,Cloud cover,Medium,uuid:26c0764f-4b2b-4f7d-b4cf-196c4e0e8c9d/SCLAMP_EA_Questionaire/Long_rain_season/Feb_March_2020[2],uuid:26c0764f-4b2b-4f7d-b4cf-196c4e0e8c9d/SCLAMP_EA_Questionaire/Long_rain_season/Feb_March_2020[2]/constraints_for_tomato_production_Feb_March_2020[1]
Too_much_rain,,High,uuid:78bf4c92-660c-488f-98ab-97af73e54de4/SCLAMP_EA_Questionaire/Long_rain_season/Feb_March_2020[2],uuid:78bf4c92-660c-488f-98ab-97af73e54de4/SCLAMP_EA_Questionaire/Long_rain_season/Feb_March_2020[2]/constraints_for_tomato_production_Feb_March_2020[1]
other,Animal  rearing  in the garden ,Medium,uuid:c1ae1cf1-35da-4a4c-b00f-a33553b2485b/SCLAMP_EA_Questionaire/Long_rain_season/Feb_March_2020[3],uuid:c1ae1cf1-35da-4a4c-b00f-a33553b2485b/SCLAMP_EA_Questionaire/Long_rain_season/Feb_March_2020[3]/constraints_for_tomato_production_Feb_March_2020[1]
Too_much_rain,,High,uuid:51bf1cc9-a26e-4b29-8845-9b529c9e9cfb/SCLAMP_EA_Questionaire/Long_rain_season/Feb_March_2020[4],uuid:51bf1cc9-a26e-4b29-8845-9b529c9e9cfb/SCLAMP_EA_Questionaire/Long_rain_season/Feb_March_2020[4]/constraints_for_tomato_production_Feb_March_2020[1]
Drought,,Medium,uuid:24f3f9b6-3402-4ff2-ab46-df0ddd80e00f/SCLAMP_EA_Questionaire/Long_rain_season/Feb_March_2020[3],uuid:24f3f9b6-3402-4ff2-ab46-df0ddd80e00f/SCLAMP_EA_Questionaire/Long_rain_season/Feb_March_2020[3]/constraints_for_tomato_production_Feb_March_2020[1]
other,Cloud cover,Medium,uuid:24f3f9b6-3402-4ff2-ab46-df0ddd80e00f/SCLAMP_EA_Questionaire/Long_rain_season/Feb_March_2020[3],uuid:24f3f9b6-3402-4ff2-ab46-df0ddd80e00f/SCLAMP_EA_Questionaire/Long_rain_season/Feb_March_2020[3]/constraints_for_tomato_production_Feb_March_2020[2]
Drought,,High,uuid:a2e0cd54-84d9-4d00-ad78-eee20a7979d2/SCLAMP_EA_Questionaire/Long_rain_season/Feb_March_2020[2],uuid:a2e0cd54-84d9-4d00-ad78-eee20a7979d2/SCLAMP_EA_Questionaire/Long_rain_season/Feb_March_2020[2]/constraints_for_tomato_production_Feb_March_2020[1]
Drought,,High,uuid:f32705b6-9c8a-4e76-825c-fab797ebc70b/SCLAMP_EA_Questionaire/Long_rain_season/Feb_March_2020[4],uuid:f32705b6-9c8a-4e76-825c-fab797ebc70b/SCLAMP_EA_Questionaire/Long_rain_season/Feb_March_2020[4]/constraints_for_tomato_production_Feb_March_2020[1]
Cut_worm,,Low,uuid:abbc04a2-1f49-4dd9-9259-eb39f8ea954c/SCLAMP_EA_Questionaire/Long_rain_season/Feb_March_2020[1],uuid:abbc04a2-1f49-4dd9-9259-eb39f8ea954c/SCLAMP_EA_Questionaire/Long_rain_season/Feb_March_2020[1]/constraints_for_tomato_production_Feb_March_2020[1]
Plant_diseases_,,Medium,uuid:abbc04a2-1f49-4dd9-9259-eb39f8ea954c/SCLAMP_EA_Questionaire/Long_rain_season/Feb_March_2020[1],uuid:abbc04a2-1f49-4dd9-9259-eb39f8ea954c/SCLAMP_EA_Questionaire/Long_rain_season/Feb_March_2020[1]/constraints_for_tomato_production_Feb_March_2020[2]
Too_much_rain,,Medium,uuid:abbc04a2-1f49-4dd9-9259-eb39f8ea954c/SCLAMP_EA_Questionaire/Long_rain_season/Feb_March_2020[1],uuid:abbc04a2-1f49-4dd9-9259-eb39f8ea954c/SCLAMP_EA_Questionaire/Long_rain_season/Feb_March_2020[1]/constraints_for_tomato_production_Feb_March_2020[3]
White_flies,,Low,uuid:efc71b22-348e-409c-9c4d-d7e96a72d1a2/SCLAMP_EA_Questionaire/Long_rain_season/Feb_March_2020[2],uuid:efc71b22-348e-409c-9c4d-d7e96a72d1a2/SCLAMP_EA_Questionaire/Long_rain_season/Feb_March_2020[2]/constraints_for_tomato_production_Feb_March_2020[1]
Plant_diseases_,,Low,uuid:efc71b22-348e-409c-9c4d-d7e96a72d1a2/SCLAMP_EA_Questionaire/Long_rain_season/Feb_March_2020[2],uuid:efc71b22-348e-409c-9c4d-d7e96a72d1a2/SCLAMP_EA_Questionaire/Long_rain_season/Feb_March_2020[2]/constraints_for_tomato_production_Feb_March_2020[2]
Too_much_rain,,High,uuid:358ebb24-e9b7-43b7-9be7-2a7db6ce3fc2/SCLAMP_EA_Questionaire/Long_rain_season/Feb_March_2020[3],uuid:358ebb24-e9b7-43b7-9be7-2a7db6ce3fc2/SCLAMP_EA_Questionaire/Long_rain_season/Feb_March_2020[3]/constraints_for_tomato_production_Feb_March_2020[1]
Plant_diseases_,,High,uuid:358ebb24-e9b7-43b7-9be7-2a7db6ce3fc2/SCLAMP_EA_Questionaire/Long_rain_season/Feb_March_2020[3],uuid:358ebb24-e9b7-43b7-9be7-2a7db6ce3fc2/SCLAMP_EA_Questionaire/Long_rain_season/Feb_March_2020[3]/constraints_for_tomato_production_Feb_March_2020[2]
Plant_diseases_,,Medium,uuid:b80757f7-862e-4805-980e-40db4114e85c/SCLAMP_EA_Questionaire/Long_rain_season/Feb_March_2020[2],uuid:b80757f7-862e-4805-980e-40db4114e85c/SCLAMP_EA_Questionaire/Long_rain_season/Feb_March_2020[2]/constraints_for_tomato_production_Feb_March_2020[1]
other,Birds,Low,uuid:b80757f7-862e-4805-980e-40db4114e85c/SCLAMP_EA_Questionaire/Long_rain_season/Feb_March_2020[2],uuid:b80757f7-862e-4805-980e-40db4114e85c/SCLAMP_EA_Questionaire/Long_rain_season/Feb_March_2020[2]/constraints_for_tomato_production_Feb_March_2020[2]
Cut_worm,,Low,uuid:efebad0e-8919-4ffb-8276-08db82f6c131/SCLAMP_EA_Questionaire/Long_rain_season/Feb_March_2020[1],uuid:efebad0e-8919-4ffb-8276-08db82f6c131/SCLAMP_EA_Questionaire/Long_rain_season/Feb_March_2020[1]/constraints_for_tomato_production_Feb_March_2020[1]
Soil_fertility_exhaustion_,,High,uuid:efebad0e-8919-4ffb-8276-08db82f6c131/SCLAMP_EA_Questionaire/Long_rain_season/Feb_March_2020[1],uuid:efebad0e-8919-4ffb-8276-08db82f6c131/SCLAMP_EA_Questionaire/Long_rain_season/Feb_March_2020[1]/constraints_for_tomato_production_Feb_March_2020[2]
Cut_worm,,Low,uuid:a3a6eb00-0f28-40d4-8ada-1dcdf7c227bb/SCLAMP_EA_Questionaire/Long_rain_season/Feb_March_2020[2],uuid:a3a6eb00-0f28-40d4-8ada-1dcdf7c227bb/SCLAMP_EA_Questionaire/Long_rain_season/Feb_March_2020[2]/constraints_for_tomato_production_Feb_March_2020[1]
Plant_diseases_,,Medium,uuid:a3a6eb00-0f28-40d4-8ada-1dcdf7c227bb/SCLAMP_EA_Questionaire/Long_rain_season/Feb_March_2020[2],uuid:a3a6eb00-0f28-40d4-8ada-1dcdf7c227bb/SCLAMP_EA_Questionaire/Long_rain_season/Feb_March_2020[2]/constraints_for_tomato_production_Feb_March_2020[2]
Too_much_rain,,Medium,uuid:a3a6eb00-0f28-40d4-8ada-1dcdf7c227bb/SCLAMP_EA_Questionaire/Long_rain_season/Feb_March_2020[2],uuid:a3a6eb00-0f28-40d4-8ada-1dcdf7c227bb/SCLAMP_EA_Questionaire/Long_rain_season/Feb_March_2020[2]/constraints_for_tomato_production_Feb_March_2020[3]
Too_much_rain,,Medium,uuid:36cad476-4a8c-4225-bf82-0d7bc0f8837e/SCLAMP_EA_Questionaire/Long_rain_season/Feb_March_2020[2],uuid:36cad476-4a8c-4225-bf82-0d7bc0f8837e/SCLAMP_EA_Questionaire/Long_rain_season/Feb_March_2020[2]/constraints_for_tomato_production_Feb_March_2020[1]
Plant_diseases_,,Low,uuid:36cad476-4a8c-4225-bf82-0d7bc0f8837e/SCLAMP_EA_Questionaire/Long_rain_season/Feb_March_2020[2],uuid:36cad476-4a8c-4225-bf82-0d7bc0f8837e/SCLAMP_EA_Questionaire/Long_rain_season/Feb_March_2020[2]/constraints_for_tomato_production_Feb_March_2020[2]
Too_much_rain,,Medium,uuid:67cd64a9-356f-42f1-a7d8-a0146cb543d9/SCLAMP_EA_Questionaire/Long_rain_season/Feb_March_2020[2],uuid:67cd64a9-356f-42f1-a7d8-a0146cb543d9/SCLAMP_EA_Questionaire/Long_rain_season/Feb_March_2020[2]/constraints_for_tomato_production_Feb_March_2020[1]
other,Cloud cover,Medium,uuid:41a0d048-6984-48a2-83a8-bd0e539ddceb/SCLAMP_EA_Questionaire/Long_rain_season/Feb_March_2020[3],uuid:41a0d048-6984-48a2-83a8-bd0e539ddceb/SCLAMP_EA_Questionaire/Long_rain_season/Feb_March_2020[3]/constraints_for_tomato_production_Feb_March_2020[1]
Drought,,High,uuid:47723d49-7247-438c-828d-fd058255c78f/SCLAMP_EA_Questionaire/Long_rain_season/Feb_March_2020[3],uuid:47723d49-7247-438c-828d-fd058255c78f/SCLAMP_EA_Questionaire/Long_rain_season/Feb_March_2020[3]/constraints_for_tomato_production_Feb_March_2020[1]
Drought,,High,uuid:fb497324-4399-4045-93b0-902c2733c5ea/SCLAMP_EA_Questionaire/Long_rain_season/Feb_March_2020[2],uuid:fb497324-4399-4045-93b0-902c2733c5ea/SCLAMP_EA_Questionaire/Long_rain_season/Feb_March_2020[2]/constraints_for_tomato_production_Feb_March_2020[1]
Drought,,High,uuid:60a68405-60e8-4678-930a-e21b31d1230f/SCLAMP_EA_Questionaire/Long_rain_season/Feb_March_2020[2],uuid:60a68405-60e8-4678-930a-e21b31d1230f/SCLAMP_EA_Questionaire/Long_rain_season/Feb_March_2020[2]/constraints_for_tomato_production_Feb_March_2020[1]
other,"Limited finances to acquire  necessary  inputs like fertilisers,  pesticide etc",Medium,uuid:ed18b15f-532b-4de1-b373-c902f78bdb22/SCLAMP_EA_Questionaire/Long_rain_season/Feb_March_2020[2],uuid:ed18b15f-532b-4de1-b373-c902f78bdb22/SCLAMP_EA_Questionaire/Long_rain_season/Feb_March_2020[2]/constraints_for_tomato_production_Feb_March_2020[1]
Plant_diseases_,,High,uuid:fd7cc810-0406-4d32-b01f-ed7ed530cf88/SCLAMP_EA_Questionaire/Long_rain_season/Feb_March_2020[2],uuid:fd7cc810-0406-4d32-b01f-ed7ed530cf88/SCLAMP_EA_Questionaire/Long_rain_season/Feb_March_2020[2]/constraints_for_tomato_production_Feb_March_2020[1]
Too_much_rain,,High,uuid:73c87c15-4de3-4785-a6c3-46c744464d12/SCLAMP_EA_Questionaire/Long_rain_season/Feb_March_2020[2],uuid:73c87c15-4de3-4785-a6c3-46c744464d12/SCLAMP_EA_Questionaire/Long_rain_season/Feb_March_2020[2]/constraints_for_tomato_production_Feb_March_2020[1]
Plant_diseases_,,High,uuid:73c87c15-4de3-4785-a6c3-46c744464d12/SCLAMP_EA_Questionaire/Long_rain_season/Feb_March_2020[2],uuid:73c87c15-4de3-4785-a6c3-46c744464d12/SCLAMP_EA_Questionaire/Long_rain_season/Feb_March_2020[2]/constraints_for_tomato_production_Feb_March_2020[2]
Plant_diseases_,,High,uuid:1caa0fe8-838d-4ba4-b216-e5ee1e993dc9/SCLAMP_EA_Questionaire/Long_rain_season/Feb_March_2020[3],uuid:1caa0fe8-838d-4ba4-b216-e5ee1e993dc9/SCLAMP_EA_Questionaire/Long_rain_season/Feb_March_2020[3]/constraints_for_tomato_production_Feb_March_2020[1]
Plant_diseases_,,High,uuid:cbbf6dc4-126e-4acd-9158-fe997842e98d/SCLAMP_EA_Questionaire/Long_rain_season/Feb_March_2020[2],uuid:cbbf6dc4-126e-4acd-9158-fe997842e98d/SCLAMP_EA_Questionaire/Long_rain_season/Feb_March_2020[2]/constraints_for_tomato_production_Feb_March_2020[1]
other,Fog and mist,High,uuid:dbaddb91-4a28-4b66-8994-0e37783ac8e0/SCLAMP_EA_Questionaire/Long_rain_season/Feb_March_2020[2],uuid:dbaddb91-4a28-4b66-8994-0e37783ac8e0/SCLAMP_EA_Questionaire/Long_rain_season/Feb_March_2020[2]/constraints_for_tomato_production_Feb_March_2020[1]
Plant_diseases_,,High,uuid:f69a21ba-ff24-42c1-b5bf-eff717580548/SCLAMP_EA_Questionaire/Long_rain_season/Feb_March_2020[2],uuid:f69a21ba-ff24-42c1-b5bf-eff717580548/SCLAMP_EA_Questionaire/Long_rain_season/Feb_March_2020[2]/constraints_for_tomato_production_Feb_March_2020[1]
Soil_fertility_exhaustion_,,High,uuid:f3910e58-f8dc-44cf-8b28-aa5c58de4245/SCLAMP_EA_Questionaire/Long_rain_season/Feb_March_2020[2],uuid:f3910e58-f8dc-44cf-8b28-aa5c58de4245/SCLAMP_EA_Questionaire/Long_rain_season/Feb_March_2020[2]/constraints_for_tomato_production_Feb_March_2020[1]
Plant_diseases_,,High,uuid:8cf2839e-5d9d-42e7-b25b-c4a456563524/SCLAMP_EA_Questionaire/Long_rain_season/Feb_March_2020[2],uuid:8cf2839e-5d9d-42e7-b25b-c4a456563524/SCLAMP_EA_Questionaire/Long_rain_season/Feb_March_2020[2]/constraints_for_tomato_production_Feb_March_2020[1]
Plant_diseases_,,High,uuid:a0d37626-a05e-414c-ad78-4c39f5c41d7f/SCLAMP_EA_Questionaire/Long_rain_season/Feb_March_2020[2],uuid:a0d37626-a05e-414c-ad78-4c39f5c41d7f/SCLAMP_EA_Questionaire/Long_rain_season/Feb_March_2020[2]/constraints_for_tomato_production_Feb_March_2020[1]
Soil_fertility_exhaustion_,,High,uuid:d63f054e-8b3a-4fcd-9ab5-4a4552f4be52/SCLAMP_EA_Questionaire/Long_rain_season/Feb_March_2020[2],uuid:d63f054e-8b3a-4fcd-9ab5-4a4552f4be52/SCLAMP_EA_Questionaire/Long_rain_season/Feb_March_2020[2]/constraints_for_tomato_production_Feb_March_2020[1]
other,None,Low,uuid:af0eeb10-578b-44e5-ae64-56af198344d8/SCLAMP_EA_Questionaire/Long_rain_season/Feb_March_2020[5],uuid:af0eeb10-578b-44e5-ae64-56af198344d8/SCLAMP_EA_Questionaire/Long_rain_season/Feb_March_2020[5]/constraints_for_tomato_production_Feb_March_2020[1]
Plant_diseases_,,High,uuid:5eaf2b32-8c70-4383-8839-01d7460d065a/SCLAMP_EA_Questionaire/Long_rain_season/Feb_March_2020[3],uuid:5eaf2b32-8c70-4383-8839-01d7460d065a/SCLAMP_EA_Questionaire/Long_rain_season/Feb_March_2020[3]/constraints_for_tomato_production_Feb_March_2020[1]
Plant_diseases_,,High,uuid:6935555e-b06a-4c8a-83ee-647558eefc12/SCLAMP_EA_Questionaire/Long_rain_season/Feb_March_2020[2],uuid:6935555e-b06a-4c8a-83ee-647558eefc12/SCLAMP_EA_Questionaire/Long_rain_season/Feb_March_2020[2]/constraints_for_tomato_production_Feb_March_2020[1]
Drought,,High,uuid:aa0d9581-4676-4d29-a17c-530995702a2c/SCLAMP_EA_Questionaire/Long_rain_season/Feb_March_2020[2],uuid:aa0d9581-4676-4d29-a17c-530995702a2c/SCLAMP_EA_Questionaire/Long_rain_season/Feb_March_2020[2]/constraints_for_tomato_production_Feb_March_2020[1]
Drought,,High,uuid:aa0d9581-4676-4d29-a17c-530995702a2c/SCLAMP_EA_Questionaire/Long_rain_season/Feb_March_2020[4],uuid:aa0d9581-4676-4d29-a17c-530995702a2c/SCLAMP_EA_Questionaire/Long_rain_season/Feb_March_2020[4]/constraints_for_tomato_production_Feb_March_2020[1]
Drought,,High,uuid:aa0d9581-4676-4d29-a17c-530995702a2c/SCLAMP_EA_Questionaire/Long_rain_season/Feb_March_2020[5],uuid:aa0d9581-4676-4d29-a17c-530995702a2c/SCLAMP_EA_Questionaire/Long_rain_season/Feb_March_2020[5]/constraints_for_tomato_production_Feb_March_2020[1]
Soil_fertility_exhaustion_,,High,uuid:aa0d9581-4676-4d29-a17c-530995702a2c/SCLAMP_EA_Questionaire/Long_rain_season/Feb_March_2020[5],uuid:aa0d9581-4676-4d29-a17c-530995702a2c/SCLAMP_EA_Questionaire/Long_rain_season/Feb_March_2020[5]/constraints_for_tomato_production_Feb_March_2020[2]
Plant_diseases_,,Medium,uuid:2b670aae-b0e6-4f0c-adc3-20aef0a2d5d1/SCLAMP_EA_Questionaire/Long_rain_season/Feb_March_2020[1],uuid:2b670aae-b0e6-4f0c-adc3-20aef0a2d5d1/SCLAMP_EA_Questionaire/Long_rain_season/Feb_March_2020[1]/constraints_for_tomato_production_Feb_March_2020[1]
Plant_diseases_,,Medium,uuid:6882eee5-40c9-4540-860e-bdb484b2ba9d/SCLAMP_EA_Questionaire/Long_rain_season/Feb_March_2020[2],uuid:6882eee5-40c9-4540-860e-bdb484b2ba9d/SCLAMP_EA_Questionaire/Long_rain_season/Feb_March_2020[2]/constraints_for_tomato_production_Feb_March_2020[1]
Plant_diseases_,,High,uuid:6882eee5-40c9-4540-860e-bdb484b2ba9d/SCLAMP_EA_Questionaire/Long_rain_season/Feb_March_2020[6],uuid:6882eee5-40c9-4540-860e-bdb484b2ba9d/SCLAMP_EA_Questionaire/Long_rain_season/Feb_March_2020[6]/constraints_for_tomato_production_Feb_March_2020[1]
Too_much_rain,,High,uuid:6882eee5-40c9-4540-860e-bdb484b2ba9d/SCLAMP_EA_Questionaire/Long_rain_season/Feb_March_2020[6],uuid:6882eee5-40c9-4540-860e-bdb484b2ba9d/SCLAMP_EA_Questionaire/Long_rain_season/Feb_March_2020[6]/constraints_for_tomato_production_Feb_March_2020[2]
Cut_worm,,Low,uuid:e8873d10-8971-4927-ae58-2b12967e98a9/SCLAMP_EA_Questionaire/Long_rain_season/Feb_March_2020[1],uuid:e8873d10-8971-4927-ae58-2b12967e98a9/SCLAMP_EA_Questionaire/Long_rain_season/Feb_March_2020[1]/constraints_for_tomato_production_Feb_March_2020[1]
Too_much_rain,,Medium,uuid:e8873d10-8971-4927-ae58-2b12967e98a9/SCLAMP_EA_Questionaire/Long_rain_season/Feb_March_2020[1],uuid:e8873d10-8971-4927-ae58-2b12967e98a9/SCLAMP_EA_Questionaire/Long_rain_season/Feb_March_2020[1]/constraints_for_tomato_production_Feb_March_2020[2]
Plant_diseases_,,Low,uuid:e8873d10-8971-4927-ae58-2b12967e98a9/SCLAMP_EA_Questionaire/Long_rain_season/Feb_March_2020[1],uuid:e8873d10-8971-4927-ae58-2b12967e98a9/SCLAMP_EA_Questionaire/Long_rain_season/Feb_March_2020[1]/constraints_for_tomato_production_Feb_March_2020[3]
Plant_diseases_,,High,uuid:d64c2b96-bfb8-410e-95d1-c50a820bc67e/SCLAMP_EA_Questionaire/Long_rain_season/Feb_March_2020[4],uuid:d64c2b96-bfb8-410e-95d1-c50a820bc67e/SCLAMP_EA_Questionaire/Long_rain_season/Feb_March_2020[4]/constraints_for_tomato_production_Feb_March_2020[1]
other,Cloud cover,Medium,uuid:fb24a20d-12ba-46df-b329-f1164876fea8/SCLAMP_EA_Questionaire/Long_rain_season/Feb_March_2020[2],uuid:fb24a20d-12ba-46df-b329-f1164876fea8/SCLAMP_EA_Questionaire/Long_rain_season/Feb_March_2020[2]/constraints_for_tomato_production_Feb_March_2020[1]
Too_much_rain,,High,uuid:c0d1cec6-0b11-48a0-96a3-af1e3e6fa999/SCLAMP_EA_Questionaire/Long_rain_season/Feb_March_2020[2],uuid:c0d1cec6-0b11-48a0-96a3-af1e3e6fa999/SCLAMP_EA_Questionaire/Long_rain_season/Feb_March_2020[2]/constraints_for_tomato_production_Feb_March_2020[1]
Drought,,High,uuid:933e068e-104d-4951-9f5e-888ca8e60b82/SCLAMP_EA_Questionaire/Long_rain_season/Feb_March_2020[2],uuid:933e068e-104d-4951-9f5e-888ca8e60b82/SCLAMP_EA_Questionaire/Long_rain_season/Feb_March_2020[2]/constraints_for_tomato_production_Feb_March_2020[1]
Too_much_rain,,Medium,uuid:933e068e-104d-4951-9f5e-888ca8e60b82/SCLAMP_EA_Questionaire/Long_rain_season/Feb_March_2020[2],uuid:933e068e-104d-4951-9f5e-888ca8e60b82/SCLAMP_EA_Questionaire/Long_rain_season/Feb_March_2020[2]/constraints_for_tomato_production_Feb_March_2020[2]
Drought,,Low,uuid:22c4b622-938e-42f3-8fe9-a214a8e0182e/SCLAMP_EA_Questionaire/Long_rain_season/Feb_March_2020[2],uuid:22c4b622-938e-42f3-8fe9-a214a8e0182e/SCLAMP_EA_Questionaire/Long_rain_season/Feb_March_2020[2]/constraints_for_tomato_production_Feb_March_2020[1]
Too_much_rain,,High,uuid:287285d8-a9e5-4863-bc66-3ac55fc9c006/SCLAMP_EA_Questionaire/Long_rain_season/Feb_March_2020[2],uuid:287285d8-a9e5-4863-bc66-3ac55fc9c006/SCLAMP_EA_Questionaire/Long_rain_season/Feb_March_2020[2]/constraints_for_tomato_production_Feb_March_2020[1]
Too_much_rain,,Medium,uuid:ea66a161-0dd8-43e7-9421-51cbc4380b8e/SCLAMP_EA_Questionaire/Long_rain_season/Feb_March_2020[2],uuid:ea66a161-0dd8-43e7-9421-51cbc4380b8e/SCLAMP_EA_Questionaire/Long_rain_season/Feb_March_2020[2]/constraints_for_tomato_production_Feb_March_2020[1]
Drought,,Medium,uuid:0418f7af-7471-4814-94df-b86dc57aaa57/SCLAMP_EA_Questionaire/Long_rain_season/Feb_March_2020[2],uuid:0418f7af-7471-4814-94df-b86dc57aaa57/SCLAMP_EA_Questionaire/Long_rain_season/Feb_March_2020[2]/constraints_for_tomato_production_Feb_March_2020[1]
Soil_fertility_exhaustion_,,High,uuid:97353fa9-ebc4-43a4-8b23-ce8d1f79d791/SCLAMP_EA_Questionaire/Long_rain_season/Feb_March_2020[2],uuid:97353fa9-ebc4-43a4-8b23-ce8d1f79d791/SCLAMP_EA_Questionaire/Long_rain_season/Feb_March_2020[2]/constraints_for_tomato_production_Feb_March_2020[1]
Too_much_rain,,High,uuid:97353fa9-ebc4-43a4-8b23-ce8d1f79d791/SCLAMP_EA_Questionaire/Long_rain_season/Feb_March_2020[2],uuid:97353fa9-ebc4-43a4-8b23-ce8d1f79d791/SCLAMP_EA_Questionaire/Long_rain_season/Feb_March_2020[2]/constraints_for_tomato_production_Feb_March_2020[2]
Aphids,,Medium,uuid:97353fa9-ebc4-43a4-8b23-ce8d1f79d791/SCLAMP_EA_Questionaire/Long_rain_season/Feb_March_2020[2],uuid:97353fa9-ebc4-43a4-8b23-ce8d1f79d791/SCLAMP_EA_Questionaire/Long_rain_season/Feb_March_2020[2]/constraints_for_tomato_production_Feb_March_2020[3]
Soil_fertility_exhaustion_,,High,uuid:ac7d1a54-b90d-4a04-9286-b09110c2c79b/SCLAMP_EA_Questionaire/Long_rain_season/Feb_March_2020[1],uuid:ac7d1a54-b90d-4a04-9286-b09110c2c79b/SCLAMP_EA_Questionaire/Long_rain_season/Feb_March_2020[1]/constraints_for_tomato_production_Feb_March_2020[1]
Too_much_rain,,Medium,uuid:ac7d1a54-b90d-4a04-9286-b09110c2c79b/SCLAMP_EA_Questionaire/Long_rain_season/Feb_March_2020[1],uuid:ac7d1a54-b90d-4a04-9286-b09110c2c79b/SCLAMP_EA_Questionaire/Long_rain_season/Feb_March_2020[1]/constraints_for_tomato_production_Feb_March_2020[2]
Aphids,,Low,uuid:ac7d1a54-b90d-4a04-9286-b09110c2c79b/SCLAMP_EA_Questionaire/Long_rain_season/Feb_March_2020[1],uuid:ac7d1a54-b90d-4a04-9286-b09110c2c79b/SCLAMP_EA_Questionaire/Long_rain_season/Feb_March_2020[1]/constraints_for_tomato_production_Feb_March_2020[3]
Too_much_rain,,Low,uuid:790a7e62-b2c7-4d49-9318-a8df9c3096e9/SCLAMP_EA_Questionaire/Long_rain_season/Feb_March_2020[3],uuid:790a7e62-b2c7-4d49-9318-a8df9c3096e9/SCLAMP_EA_Questionaire/Long_rain_season/Feb_March_2020[3]/constraints_for_tomato_production_Feb_March_2020[1]
Plant_diseases_,,Medium,uuid:d882ddfb-dd1a-4cc4-973a-aa0e90fc69bc/SCLAMP_EA_Questionaire/Long_rain_season/Feb_March_2020[2],uuid:d882ddfb-dd1a-4cc4-973a-aa0e90fc69bc/SCLAMP_EA_Questionaire/Long_rain_season/Feb_March_2020[2]/constraints_for_tomato_production_Feb_March_2020[1]
Drought,,Medium,uuid:d882ddfb-dd1a-4cc4-973a-aa0e90fc69bc/SCLAMP_EA_Questionaire/Long_rain_season/Feb_March_2020[2],uuid:d882ddfb-dd1a-4cc4-973a-aa0e90fc69bc/SCLAMP_EA_Questionaire/Long_rain_season/Feb_March_2020[2]/constraints_for_tomato_production_Feb_March_2020[2]
other,Fog and mist,Medium,uuid:11c110f1-0254-4c04-9ab0-3280229e1356/SCLAMP_EA_Questionaire/Long_rain_season/Feb_March_2020[2],uuid:11c110f1-0254-4c04-9ab0-3280229e1356/SCLAMP_EA_Questionaire/Long_rain_season/Feb_March_2020[2]/constraints_for_tomato_production_Feb_March_2020[1]
