strategies_used_to_control_tuta_Absoluta_Aug_Sept_2020,other_strategies_used_to_control_Aug_Sept_2020,specify_the_pesticide_Tuta_absoluta,perception_on_the_effectiveness_of_strategy_in_controlling_Tuta_Absoluta_Aug_Sept_2020,PARENT_KEY,KEY
Chemicals,,,Medium,uuid:a3ccb1fc-001f-4975-9b72-afabca6a6a2e/SCLAMP_EA_Questionaire/Short_rain_season/Aug_Sept_2020[1],uuid:a3ccb1fc-001f-4975-9b72-afabca6a6a2e/SCLAMP_EA_Questionaire/Short_rain_season/Aug_Sept_2020[1]/Strategies_for_tuta_Absoluta_Aug_Sept_2020[1]
Chemicals,,,Medium,uuid:11ab4f84-6da2-4af9-b6ac-94a76465934c/SCLAMP_EA_Questionaire/Short_rain_season/Aug_Sept_2020[2],uuid:11ab4f84-6da2-4af9-b6ac-94a76465934c/SCLAMP_EA_Questionaire/Short_rain_season/Aug_Sept_2020[2]/Strategies_for_tuta_Absoluta_Aug_Sept_2020[1]
Chemicals,,,High,uuid:5314ad27-7f11-4c87-ab6b-baf35d397e26/SCLAMP_EA_Questionaire/Short_rain_season/Aug_Sept_2020[1],uuid:5314ad27-7f11-4c87-ab6b-baf35d397e26/SCLAMP_EA_Questionaire/Short_rain_season/Aug_Sept_2020[1]/Strategies_for_tuta_Absoluta_Aug_Sept_2020[1]
Chemicals,,,Medium,uuid:873f1ee1-be06-4f31-9bee-e7532a26ef6f/SCLAMP_EA_Questionaire/Short_rain_season/Aug_Sept_2020[2],uuid:873f1ee1-be06-4f31-9bee-e7532a26ef6f/SCLAMP_EA_Questionaire/Short_rain_season/Aug_Sept_2020[2]/Strategies_for_tuta_Absoluta_Aug_Sept_2020[1]
other,Mulching,,Medium,uuid:a1f01dba-b7db-4c61-9e6b-5a36ba9eca0b/SCLAMP_EA_Questionaire/Short_rain_season/Aug_Sept_2020[2],uuid:a1f01dba-b7db-4c61-9e6b-5a36ba9eca0b/SCLAMP_EA_Questionaire/Short_rain_season/Aug_Sept_2020[2]/Strategies_for_tuta_Absoluta_Aug_Sept_2020[1]
Chemicals,,,Medium,uuid:a1f01dba-b7db-4c61-9e6b-5a36ba9eca0b/SCLAMP_EA_Questionaire/Short_rain_season/Aug_Sept_2020[2],uuid:a1f01dba-b7db-4c61-9e6b-5a36ba9eca0b/SCLAMP_EA_Questionaire/Short_rain_season/Aug_Sept_2020[2]/Strategies_for_tuta_Absoluta_Aug_Sept_2020[2]
Chemicals,,,Medium,uuid:be1a5f69-18ae-42cb-a598-205ca08f3c60/SCLAMP_EA_Questionaire/Short_rain_season/Aug_Sept_2020[2],uuid:be1a5f69-18ae-42cb-a598-205ca08f3c60/SCLAMP_EA_Questionaire/Short_rain_season/Aug_Sept_2020[2]/Strategies_for_tuta_Absoluta_Aug_Sept_2020[1]
Chemicals,,,Medium,uuid:e0914409-b489-41f0-b23a-56e2cf00b20f/SCLAMP_EA_Questionaire/Short_rain_season/Aug_Sept_2020[2],uuid:e0914409-b489-41f0-b23a-56e2cf00b20f/SCLAMP_EA_Questionaire/Short_rain_season/Aug_Sept_2020[2]/Strategies_for_tuta_Absoluta_Aug_Sept_2020[1]
Field_hygiene_,,,Medium,uuid:e0914409-b489-41f0-b23a-56e2cf00b20f/SCLAMP_EA_Questionaire/Short_rain_season/Aug_Sept_2020[2],uuid:e0914409-b489-41f0-b23a-56e2cf00b20f/SCLAMP_EA_Questionaire/Short_rain_season/Aug_Sept_2020[2]/Strategies_for_tuta_Absoluta_Aug_Sept_2020[2]
other,Mulching,,Medium,uuid:e0914409-b489-41f0-b23a-56e2cf00b20f/SCLAMP_EA_Questionaire/Short_rain_season/Aug_Sept_2020[2],uuid:e0914409-b489-41f0-b23a-56e2cf00b20f/SCLAMP_EA_Questionaire/Short_rain_season/Aug_Sept_2020[2]/Strategies_for_tuta_Absoluta_Aug_Sept_2020[3]
Chemicals,,,Low,uuid:a773bc95-53fc-4f21-8bbc-e14eff96e268/SCLAMP_EA_Questionaire/Short_rain_season/Aug_Sept_2020[2],uuid:a773bc95-53fc-4f21-8bbc-e14eff96e268/SCLAMP_EA_Questionaire/Short_rain_season/Aug_Sept_2020[2]/Strategies_for_tuta_Absoluta_Aug_Sept_2020[1]
Field_hygiene_,,,Medium,uuid:a773bc95-53fc-4f21-8bbc-e14eff96e268/SCLAMP_EA_Questionaire/Short_rain_season/Aug_Sept_2020[2],uuid:a773bc95-53fc-4f21-8bbc-e14eff96e268/SCLAMP_EA_Questionaire/Short_rain_season/Aug_Sept_2020[2]/Strategies_for_tuta_Absoluta_Aug_Sept_2020[2]
Chemicals,,,High,uuid:c02a1732-25c3-409b-a2b8-fd92dd5cabaf/SCLAMP_EA_Questionaire/Short_rain_season/Aug_Sept_2020[2],uuid:c02a1732-25c3-409b-a2b8-fd92dd5cabaf/SCLAMP_EA_Questionaire/Short_rain_season/Aug_Sept_2020[2]/Strategies_for_tuta_Absoluta_Aug_Sept_2020[1]
Chemicals,,,High,uuid:1bfdb3e2-a6f2-4daf-95a6-1246c02b46c9/SCLAMP_EA_Questionaire/Short_rain_season/Aug_Sept_2020[3],uuid:1bfdb3e2-a6f2-4daf-95a6-1246c02b46c9/SCLAMP_EA_Questionaire/Short_rain_season/Aug_Sept_2020[3]/Strategies_for_tuta_Absoluta_Aug_Sept_2020[1]
Chemicals,,,High,uuid:c719d895-cab8-46f5-b221-7974f040a92f/SCLAMP_EA_Questionaire/Short_rain_season/Aug_Sept_2020[1],uuid:c719d895-cab8-46f5-b221-7974f040a92f/SCLAMP_EA_Questionaire/Short_rain_season/Aug_Sept_2020[1]/Strategies_for_tuta_Absoluta_Aug_Sept_2020[1]
other,Mulching,,Medium,uuid:c719d895-cab8-46f5-b221-7974f040a92f/SCLAMP_EA_Questionaire/Short_rain_season/Aug_Sept_2020[1],uuid:c719d895-cab8-46f5-b221-7974f040a92f/SCLAMP_EA_Questionaire/Short_rain_season/Aug_Sept_2020[1]/Strategies_for_tuta_Absoluta_Aug_Sept_2020[2]
Chemicals,,,Medium,uuid:e699e0c1-d33a-46c1-b4f6-9cba00fa8359/SCLAMP_EA_Questionaire/Short_rain_season/Aug_Sept_2020[2],uuid:e699e0c1-d33a-46c1-b4f6-9cba00fa8359/SCLAMP_EA_Questionaire/Short_rain_season/Aug_Sept_2020[2]/Strategies_for_tuta_Absoluta_Aug_Sept_2020[1]
Field_hygiene_,,,Medium,uuid:e699e0c1-d33a-46c1-b4f6-9cba00fa8359/SCLAMP_EA_Questionaire/Short_rain_season/Aug_Sept_2020[2],uuid:e699e0c1-d33a-46c1-b4f6-9cba00fa8359/SCLAMP_EA_Questionaire/Short_rain_season/Aug_Sept_2020[2]/Strategies_for_tuta_Absoluta_Aug_Sept_2020[2]
other,Mulching,,Medium,uuid:e699e0c1-d33a-46c1-b4f6-9cba00fa8359/SCLAMP_EA_Questionaire/Short_rain_season/Aug_Sept_2020[2],uuid:e699e0c1-d33a-46c1-b4f6-9cba00fa8359/SCLAMP_EA_Questionaire/Short_rain_season/Aug_Sept_2020[2]/Strategies_for_tuta_Absoluta_Aug_Sept_2020[3]
Chemicals,,,Low,uuid:b4d52370-d1f0-464e-a3e6-37ac3186d773/SCLAMP_EA_Questionaire/Short_rain_season/Aug_Sept_2020[2],uuid:b4d52370-d1f0-464e-a3e6-37ac3186d773/SCLAMP_EA_Questionaire/Short_rain_season/Aug_Sept_2020[2]/Strategies_for_tuta_Absoluta_Aug_Sept_2020[1]
Chemicals,,,High,uuid:d5a2921d-f23c-4589-ac93-325beefa9f23/SCLAMP_EA_Questionaire/Short_rain_season/Aug_Sept_2020[2],uuid:d5a2921d-f23c-4589-ac93-325beefa9f23/SCLAMP_EA_Questionaire/Short_rain_season/Aug_Sept_2020[2]/Strategies_for_tuta_Absoluta_Aug_Sept_2020[1]
Chemicals,,,High,uuid:84c6c6fa-8c01-4304-b791-a52cc87ef860/SCLAMP_EA_Questionaire/Short_rain_season/Aug_Sept_2020[1],uuid:84c6c6fa-8c01-4304-b791-a52cc87ef860/SCLAMP_EA_Questionaire/Short_rain_season/Aug_Sept_2020[1]/Strategies_for_tuta_Absoluta_Aug_Sept_2020[1]
Chemicals,,,Low,uuid:d394be21-da52-4a1d-8b99-1d236c40d072/SCLAMP_EA_Questionaire/Short_rain_season/Aug_Sept_2020[2],uuid:d394be21-da52-4a1d-8b99-1d236c40d072/SCLAMP_EA_Questionaire/Short_rain_season/Aug_Sept_2020[2]/Strategies_for_tuta_Absoluta_Aug_Sept_2020[1]
Chemicals,,,Medium,uuid:70e9b71c-5419-4c1b-80af-5996633daaf1/SCLAMP_EA_Questionaire/Short_rain_season/Aug_Sept_2020[2],uuid:70e9b71c-5419-4c1b-80af-5996633daaf1/SCLAMP_EA_Questionaire/Short_rain_season/Aug_Sept_2020[2]/Strategies_for_tuta_Absoluta_Aug_Sept_2020[1]
Chemicals,,,Medium,uuid:0a89bfd8-f993-4e90-ad09-7f98553d504c/SCLAMP_EA_Questionaire/Short_rain_season/Aug_Sept_2020[1],uuid:0a89bfd8-f993-4e90-ad09-7f98553d504c/SCLAMP_EA_Questionaire/Short_rain_season/Aug_Sept_2020[1]/Strategies_for_tuta_Absoluta_Aug_Sept_2020[1]
Chemicals,,,High,uuid:38c6d19f-7251-44ba-956e-b2c8f26b6631/SCLAMP_EA_Questionaire/Short_rain_season/Aug_Sept_2020[2],uuid:38c6d19f-7251-44ba-956e-b2c8f26b6631/SCLAMP_EA_Questionaire/Short_rain_season/Aug_Sept_2020[2]/Strategies_for_tuta_Absoluta_Aug_Sept_2020[1]
Chemicals,,,Medium,uuid:6f5d5f3c-02f6-4401-8c83-fc146b370346/SCLAMP_EA_Questionaire/Short_rain_season/Aug_Sept_2020[2],uuid:6f5d5f3c-02f6-4401-8c83-fc146b370346/SCLAMP_EA_Questionaire/Short_rain_season/Aug_Sept_2020[2]/Strategies_for_tuta_Absoluta_Aug_Sept_2020[1]
Chemicals,,,High,uuid:58225dc1-7aaf-4473-b2c6-9d6974a5d13f/SCLAMP_EA_Questionaire/Short_rain_season/Aug_Sept_2020[2],uuid:58225dc1-7aaf-4473-b2c6-9d6974a5d13f/SCLAMP_EA_Questionaire/Short_rain_season/Aug_Sept_2020[2]/Strategies_for_tuta_Absoluta_Aug_Sept_2020[1]
Chemicals,,,High,uuid:5ae5de58-3272-4966-950a-79d4527fd7d4/SCLAMP_EA_Questionaire/Short_rain_season/Aug_Sept_2020[2],uuid:5ae5de58-3272-4966-950a-79d4527fd7d4/SCLAMP_EA_Questionaire/Short_rain_season/Aug_Sept_2020[2]/Strategies_for_tuta_Absoluta_Aug_Sept_2020[1]
Chemicals,,,High,uuid:06d89973-abf7-47fe-9a69-29e068f2b15c/SCLAMP_EA_Questionaire/Short_rain_season/Aug_Sept_2020[2],uuid:06d89973-abf7-47fe-9a69-29e068f2b15c/SCLAMP_EA_Questionaire/Short_rain_season/Aug_Sept_2020[2]/Strategies_for_tuta_Absoluta_Aug_Sept_2020[1]
Chemicals,,,High,uuid:7b2d4946-6b0a-484e-bd9a-400ac1b853a4/SCLAMP_EA_Questionaire/Short_rain_season/Aug_Sept_2020[2],uuid:7b2d4946-6b0a-484e-bd9a-400ac1b853a4/SCLAMP_EA_Questionaire/Short_rain_season/Aug_Sept_2020[2]/Strategies_for_tuta_Absoluta_Aug_Sept_2020[1]
Chemicals,,,High,uuid:8f7c3c4e-c50e-45e3-b5e4-0e36369ab784/SCLAMP_EA_Questionaire/Short_rain_season/Aug_Sept_2020[3],uuid:8f7c3c4e-c50e-45e3-b5e4-0e36369ab784/SCLAMP_EA_Questionaire/Short_rain_season/Aug_Sept_2020[3]/Strategies_for_tuta_Absoluta_Aug_Sept_2020[1]
Chemicals,,,High,uuid:6c58a45c-cd63-4bbc-a61a-04e7056a31a4/SCLAMP_EA_Questionaire/Short_rain_season/Aug_Sept_2020[2],uuid:6c58a45c-cd63-4bbc-a61a-04e7056a31a4/SCLAMP_EA_Questionaire/Short_rain_season/Aug_Sept_2020[2]/Strategies_for_tuta_Absoluta_Aug_Sept_2020[1]
Field_hygiene_,,,Medium,uuid:6c58a45c-cd63-4bbc-a61a-04e7056a31a4/SCLAMP_EA_Questionaire/Short_rain_season/Aug_Sept_2020[2],uuid:6c58a45c-cd63-4bbc-a61a-04e7056a31a4/SCLAMP_EA_Questionaire/Short_rain_season/Aug_Sept_2020[2]/Strategies_for_tuta_Absoluta_Aug_Sept_2020[2]
Chemicals,,,Medium,uuid:8714a2e5-9f27-4f34-acbb-e940af910a2e/SCLAMP_EA_Questionaire/Short_rain_season/Aug_Sept_2020[1],uuid:8714a2e5-9f27-4f34-acbb-e940af910a2e/SCLAMP_EA_Questionaire/Short_rain_season/Aug_Sept_2020[1]/Strategies_for_tuta_Absoluta_Aug_Sept_2020[1]
Training_on_Pest_and_disease_ma,,,Low,uuid:67c52bae-54d7-48a0-9dd9-60834ed48252/SCLAMP_EA_Questionaire/Short_rain_season/Aug_Sept_2020[3],uuid:67c52bae-54d7-48a0-9dd9-60834ed48252/SCLAMP_EA_Questionaire/Short_rain_season/Aug_Sept_2020[3]/Strategies_for_tuta_Absoluta_Aug_Sept_2020[1]
Chemicals,,,High,uuid:8ab6100b-ab81-4016-9a01-e69d6a41ec8e/SCLAMP_EA_Questionaire/Short_rain_season/Aug_Sept_2020[3],uuid:8ab6100b-ab81-4016-9a01-e69d6a41ec8e/SCLAMP_EA_Questionaire/Short_rain_season/Aug_Sept_2020[3]/Strategies_for_tuta_Absoluta_Aug_Sept_2020[1]
Chemicals,,,High,uuid:090b90ee-6284-44d6-a991-e953ffca4e25/SCLAMP_EA_Questionaire/Short_rain_season/Aug_Sept_2020[2],uuid:090b90ee-6284-44d6-a991-e953ffca4e25/SCLAMP_EA_Questionaire/Short_rain_season/Aug_Sept_2020[2]/Strategies_for_tuta_Absoluta_Aug_Sept_2020[1]
Chemicals,,,Medium,uuid:1c912811-732d-40f9-8c3b-945efe269ef5/SCLAMP_EA_Questionaire/Short_rain_season/Aug_Sept_2020[3],uuid:1c912811-732d-40f9-8c3b-945efe269ef5/SCLAMP_EA_Questionaire/Short_rain_season/Aug_Sept_2020[3]/Strategies_for_tuta_Absoluta_Aug_Sept_2020[1]
Chemicals,,,High,uuid:ed16eab9-16f2-4df0-8052-54481ac657ed/SCLAMP_EA_Questionaire/Short_rain_season/Aug_Sept_2020[2],uuid:ed16eab9-16f2-4df0-8052-54481ac657ed/SCLAMP_EA_Questionaire/Short_rain_season/Aug_Sept_2020[2]/Strategies_for_tuta_Absoluta_Aug_Sept_2020[1]
other,Use urine and other herbs,,Low,uuid:070eb28e-6b24-406f-93f0-59693e9ff69c/SCLAMP_EA_Questionaire/Short_rain_season/Aug_Sept_2020[1],uuid:070eb28e-6b24-406f-93f0-59693e9ff69c/SCLAMP_EA_Questionaire/Short_rain_season/Aug_Sept_2020[1]/Strategies_for_tuta_Absoluta_Aug_Sept_2020[1]
Chemicals,,,High,uuid:fba9859a-2d82-4e50-a132-c51423e92138/SCLAMP_EA_Questionaire/Short_rain_season/Aug_Sept_2020[2],uuid:fba9859a-2d82-4e50-a132-c51423e92138/SCLAMP_EA_Questionaire/Short_rain_season/Aug_Sept_2020[2]/Strategies_for_tuta_Absoluta_Aug_Sept_2020[1]
Training_on_Pest_and_disease_ma,,,Low,uuid:fba9859a-2d82-4e50-a132-c51423e92138/SCLAMP_EA_Questionaire/Short_rain_season/Aug_Sept_2020[2],uuid:fba9859a-2d82-4e50-a132-c51423e92138/SCLAMP_EA_Questionaire/Short_rain_season/Aug_Sept_2020[2]/Strategies_for_tuta_Absoluta_Aug_Sept_2020[2]
other,Sprayed with ash,,High,uuid:a462c631-cc91-4c58-90c5-ff0d1b4d3aac/SCLAMP_EA_Questionaire/Short_rain_season/Aug_Sept_2020[2],uuid:a462c631-cc91-4c58-90c5-ff0d1b4d3aac/SCLAMP_EA_Questionaire/Short_rain_season/Aug_Sept_2020[2]/Strategies_for_tuta_Absoluta_Aug_Sept_2020[1]
Chemicals,,,Low,uuid:0338b47b-e685-4047-b210-cb2ff000db4c/SCLAMP_EA_Questionaire/Short_rain_season/Aug_Sept_2020[3],uuid:0338b47b-e685-4047-b210-cb2ff000db4c/SCLAMP_EA_Questionaire/Short_rain_season/Aug_Sept_2020[3]/Strategies_for_tuta_Absoluta_Aug_Sept_2020[1]
Chemicals,,,High,uuid:a94c4186-553f-42da-b7d5-a66cce3b0458/SCLAMP_EA_Questionaire/Short_rain_season/Aug_Sept_2020[2],uuid:a94c4186-553f-42da-b7d5-a66cce3b0458/SCLAMP_EA_Questionaire/Short_rain_season/Aug_Sept_2020[2]/Strategies_for_tuta_Absoluta_Aug_Sept_2020[1]
Chemicals,,,High,uuid:c5042384-df41-497d-b113-6061d7c9dce1/SCLAMP_EA_Questionaire/Short_rain_season/Aug_Sept_2020[2],uuid:c5042384-df41-497d-b113-6061d7c9dce1/SCLAMP_EA_Questionaire/Short_rain_season/Aug_Sept_2020[2]/Strategies_for_tuta_Absoluta_Aug_Sept_2020[1]
Training_on_Pest_and_disease_ma,,,Low,uuid:b02b0755-fc25-4a93-8ab5-0680976567a1/SCLAMP_EA_Questionaire/Short_rain_season/Aug_Sept_2020[3],uuid:b02b0755-fc25-4a93-8ab5-0680976567a1/SCLAMP_EA_Questionaire/Short_rain_season/Aug_Sept_2020[3]/Strategies_for_tuta_Absoluta_Aug_Sept_2020[1]
Field_hygiene_,,,Low,uuid:b02b0755-fc25-4a93-8ab5-0680976567a1/SCLAMP_EA_Questionaire/Short_rain_season/Aug_Sept_2020[3],uuid:b02b0755-fc25-4a93-8ab5-0680976567a1/SCLAMP_EA_Questionaire/Short_rain_season/Aug_Sept_2020[3]/Strategies_for_tuta_Absoluta_Aug_Sept_2020[2]
Chemicals,,,Medium,uuid:e1b876cd-fbb8-4c2f-aafa-ff24ba6340d4/SCLAMP_EA_Questionaire/Short_rain_season/Aug_Sept_2020[3],uuid:e1b876cd-fbb8-4c2f-aafa-ff24ba6340d4/SCLAMP_EA_Questionaire/Short_rain_season/Aug_Sept_2020[3]/Strategies_for_tuta_Absoluta_Aug_Sept_2020[1]
Chemicals,,,High,uuid:ea229d4f-9ac3-4cf5-8b27-bcb72333a97c/SCLAMP_EA_Questionaire/Short_rain_season/Aug_Sept_2020[2],uuid:ea229d4f-9ac3-4cf5-8b27-bcb72333a97c/SCLAMP_EA_Questionaire/Short_rain_season/Aug_Sept_2020[2]/Strategies_for_tuta_Absoluta_Aug_Sept_2020[1]
other,Urine ,,Medium,uuid:fc2c8191-ea53-4fcb-8b2a-7417de3dd844/SCLAMP_EA_Questionaire/Short_rain_season/Aug_Sept_2020[1],uuid:fc2c8191-ea53-4fcb-8b2a-7417de3dd844/SCLAMP_EA_Questionaire/Short_rain_season/Aug_Sept_2020[1]/Strategies_for_tuta_Absoluta_Aug_Sept_2020[1]
Chemicals,,,Medium,uuid:fc2c8191-ea53-4fcb-8b2a-7417de3dd844/SCLAMP_EA_Questionaire/Short_rain_season/Aug_Sept_2020[1],uuid:fc2c8191-ea53-4fcb-8b2a-7417de3dd844/SCLAMP_EA_Questionaire/Short_rain_season/Aug_Sept_2020[1]/Strategies_for_tuta_Absoluta_Aug_Sept_2020[2]
Chemicals,,,Low,uuid:399f5648-1717-4bd5-915d-d14945503c52/SCLAMP_EA_Questionaire/Short_rain_season/Aug_Sept_2020[2],uuid:399f5648-1717-4bd5-915d-d14945503c52/SCLAMP_EA_Questionaire/Short_rain_season/Aug_Sept_2020[2]/Strategies_for_tuta_Absoluta_Aug_Sept_2020[1]
Training_on_Pest_and_disease_ma,,,High,uuid:1e4e60cd-111b-4ef5-9730-cfa7e59b97a4/SCLAMP_EA_Questionaire/Short_rain_season/Aug_Sept_2020[3],uuid:1e4e60cd-111b-4ef5-9730-cfa7e59b97a4/SCLAMP_EA_Questionaire/Short_rain_season/Aug_Sept_2020[3]/Strategies_for_tuta_Absoluta_Aug_Sept_2020[1]
Field_hygiene_,,,High,uuid:1e4e60cd-111b-4ef5-9730-cfa7e59b97a4/SCLAMP_EA_Questionaire/Short_rain_season/Aug_Sept_2020[3],uuid:1e4e60cd-111b-4ef5-9730-cfa7e59b97a4/SCLAMP_EA_Questionaire/Short_rain_season/Aug_Sept_2020[3]/Strategies_for_tuta_Absoluta_Aug_Sept_2020[2]
Chemicals,,,High,uuid:fbdd77d7-1f73-4f36-8298-92e97bef54e5/SCLAMP_EA_Questionaire/Short_rain_season/Aug_Sept_2020[2],uuid:fbdd77d7-1f73-4f36-8298-92e97bef54e5/SCLAMP_EA_Questionaire/Short_rain_season/Aug_Sept_2020[2]/Strategies_for_tuta_Absoluta_Aug_Sept_2020[1]
Chemicals,,,High,uuid:3e002f74-407c-4805-be85-dddc1b48217a/SCLAMP_EA_Questionaire/Short_rain_season/Aug_Sept_2020[3],uuid:3e002f74-407c-4805-be85-dddc1b48217a/SCLAMP_EA_Questionaire/Short_rain_season/Aug_Sept_2020[3]/Strategies_for_tuta_Absoluta_Aug_Sept_2020[1]
Chemicals,,,High,uuid:73223edc-2e98-4a5a-92a1-538259a03cb2/SCLAMP_EA_Questionaire/Short_rain_season/Aug_Sept_2020[2],uuid:73223edc-2e98-4a5a-92a1-538259a03cb2/SCLAMP_EA_Questionaire/Short_rain_season/Aug_Sept_2020[2]/Strategies_for_tuta_Absoluta_Aug_Sept_2020[1]
Chemicals,,,High,uuid:9ea35354-172a-4dff-b467-c2c1821ba56c/SCLAMP_EA_Questionaire/Short_rain_season/Aug_Sept_2020[2],uuid:9ea35354-172a-4dff-b467-c2c1821ba56c/SCLAMP_EA_Questionaire/Short_rain_season/Aug_Sept_2020[2]/Strategies_for_tuta_Absoluta_Aug_Sept_2020[1]
Training_on_Pest_and_disease_ma,,,Medium,uuid:9ea35354-172a-4dff-b467-c2c1821ba56c/SCLAMP_EA_Questionaire/Short_rain_season/Aug_Sept_2020[2],uuid:9ea35354-172a-4dff-b467-c2c1821ba56c/SCLAMP_EA_Questionaire/Short_rain_season/Aug_Sept_2020[2]/Strategies_for_tuta_Absoluta_Aug_Sept_2020[2]
Chemicals,,,Medium,uuid:363b3b58-7fc0-4142-9cfd-fad5780c18e0/SCLAMP_EA_Questionaire/Short_rain_season/Aug_Sept_2020[2],uuid:363b3b58-7fc0-4142-9cfd-fad5780c18e0/SCLAMP_EA_Questionaire/Short_rain_season/Aug_Sept_2020[2]/Strategies_for_tuta_Absoluta_Aug_Sept_2020[1]
Chemicals,,,High,uuid:e16d958f-170c-4826-bc3d-59443bd7b2f7/SCLAMP_EA_Questionaire/Short_rain_season/Aug_Sept_2020[3],uuid:e16d958f-170c-4826-bc3d-59443bd7b2f7/SCLAMP_EA_Questionaire/Short_rain_season/Aug_Sept_2020[3]/Strategies_for_tuta_Absoluta_Aug_Sept_2020[1]
Chemicals,,,Medium,uuid:8ea0b9ce-9774-4909-b25c-6b5f0a5810c0/SCLAMP_EA_Questionaire/Short_rain_season/Aug_Sept_2020[2],uuid:8ea0b9ce-9774-4909-b25c-6b5f0a5810c0/SCLAMP_EA_Questionaire/Short_rain_season/Aug_Sept_2020[2]/Strategies_for_tuta_Absoluta_Aug_Sept_2020[1]
Training_on_Pest_and_disease_ma,,,Medium,uuid:501eb22c-da4d-4cdc-b1a1-d4b1ba8e6360/SCLAMP_EA_Questionaire/Short_rain_season/Aug_Sept_2020[3],uuid:501eb22c-da4d-4cdc-b1a1-d4b1ba8e6360/SCLAMP_EA_Questionaire/Short_rain_season/Aug_Sept_2020[3]/Strategies_for_tuta_Absoluta_Aug_Sept_2020[1]
other,Mulching,,High,uuid:501eb22c-da4d-4cdc-b1a1-d4b1ba8e6360/SCLAMP_EA_Questionaire/Short_rain_season/Aug_Sept_2020[3],uuid:501eb22c-da4d-4cdc-b1a1-d4b1ba8e6360/SCLAMP_EA_Questionaire/Short_rain_season/Aug_Sept_2020[3]/Strategies_for_tuta_Absoluta_Aug_Sept_2020[2]
Improved_seed,,,Medium,uuid:501eb22c-da4d-4cdc-b1a1-d4b1ba8e6360/SCLAMP_EA_Questionaire/Short_rain_season/Aug_Sept_2020[3],uuid:501eb22c-da4d-4cdc-b1a1-d4b1ba8e6360/SCLAMP_EA_Questionaire/Short_rain_season/Aug_Sept_2020[3]/Strategies_for_tuta_Absoluta_Aug_Sept_2020[3]
Chemicals,,,Medium,uuid:b015ca0d-d4fe-4e14-a86c-31ff1b59d005/SCLAMP_EA_Questionaire/Short_rain_season/Aug_Sept_2020[1],uuid:b015ca0d-d4fe-4e14-a86c-31ff1b59d005/SCLAMP_EA_Questionaire/Short_rain_season/Aug_Sept_2020[1]/Strategies_for_tuta_Absoluta_Aug_Sept_2020[1]
Chemicals,,,High,uuid:e3cdd302-612e-43f1-b314-d16ae0203559/SCLAMP_EA_Questionaire/Short_rain_season/Aug_Sept_2020[1],uuid:e3cdd302-612e-43f1-b314-d16ae0203559/SCLAMP_EA_Questionaire/Short_rain_season/Aug_Sept_2020[1]/Strategies_for_tuta_Absoluta_Aug_Sept_2020[1]
Chemicals,,,High,uuid:41eb5bc0-3d94-4b77-a13e-c419df021e79/SCLAMP_EA_Questionaire/Short_rain_season/Aug_Sept_2020[2],uuid:41eb5bc0-3d94-4b77-a13e-c419df021e79/SCLAMP_EA_Questionaire/Short_rain_season/Aug_Sept_2020[2]/Strategies_for_tuta_Absoluta_Aug_Sept_2020[1]
Improved_seed,,,Low,uuid:41eb5bc0-3d94-4b77-a13e-c419df021e79/SCLAMP_EA_Questionaire/Short_rain_season/Aug_Sept_2020[2],uuid:41eb5bc0-3d94-4b77-a13e-c419df021e79/SCLAMP_EA_Questionaire/Short_rain_season/Aug_Sept_2020[2]/Strategies_for_tuta_Absoluta_Aug_Sept_2020[2]
Chemicals,,,High,uuid:54729e38-076c-452b-9e7d-12d509dcf84b/SCLAMP_EA_Questionaire/Short_rain_season/Aug_Sept_2020[2],uuid:54729e38-076c-452b-9e7d-12d509dcf84b/SCLAMP_EA_Questionaire/Short_rain_season/Aug_Sept_2020[2]/Strategies_for_tuta_Absoluta_Aug_Sept_2020[1]
Chemicals,,,High,uuid:f799df60-6764-4553-b417-994da0ce80a0/SCLAMP_EA_Questionaire/Short_rain_season/Aug_Sept_2020[3],uuid:f799df60-6764-4553-b417-994da0ce80a0/SCLAMP_EA_Questionaire/Short_rain_season/Aug_Sept_2020[3]/Strategies_for_tuta_Absoluta_Aug_Sept_2020[1]
Chemicals,,,High,uuid:3806c404-49ee-4ea5-af32-6838eed8c5ea/SCLAMP_EA_Questionaire/Short_rain_season/Aug_Sept_2020[3],uuid:3806c404-49ee-4ea5-af32-6838eed8c5ea/SCLAMP_EA_Questionaire/Short_rain_season/Aug_Sept_2020[3]/Strategies_for_tuta_Absoluta_Aug_Sept_2020[1]
Chemicals,,,High,uuid:56d72e10-506c-4f35-9041-15c8b1bc1d7b/SCLAMP_EA_Questionaire/Short_rain_season/Aug_Sept_2020[2],uuid:56d72e10-506c-4f35-9041-15c8b1bc1d7b/SCLAMP_EA_Questionaire/Short_rain_season/Aug_Sept_2020[2]/Strategies_for_tuta_Absoluta_Aug_Sept_2020[1]
Chemicals,,,High,uuid:e98894f1-3d48-4609-9099-c1dab11f0729/SCLAMP_EA_Questionaire/Short_rain_season/Aug_Sept_2020[2],uuid:e98894f1-3d48-4609-9099-c1dab11f0729/SCLAMP_EA_Questionaire/Short_rain_season/Aug_Sept_2020[2]/Strategies_for_tuta_Absoluta_Aug_Sept_2020[1]
Chemicals,,,Medium,uuid:6a744ca6-83d9-4df7-91f9-77f28ec4a1b0/SCLAMP_EA_Questionaire/Short_rain_season/Aug_Sept_2020[1],uuid:6a744ca6-83d9-4df7-91f9-77f28ec4a1b0/SCLAMP_EA_Questionaire/Short_rain_season/Aug_Sept_2020[1]/Strategies_for_tuta_Absoluta_Aug_Sept_2020[1]
Chemicals,,,High,uuid:ef1a949c-e26b-47c8-bc1d-d643d28a0aed/SCLAMP_EA_Questionaire/Short_rain_season/Aug_Sept_2020[2],uuid:ef1a949c-e26b-47c8-bc1d-d643d28a0aed/SCLAMP_EA_Questionaire/Short_rain_season/Aug_Sept_2020[2]/Strategies_for_tuta_Absoluta_Aug_Sept_2020[1]
Field_hygiene_,,,Medium,uuid:ef1a949c-e26b-47c8-bc1d-d643d28a0aed/SCLAMP_EA_Questionaire/Short_rain_season/Aug_Sept_2020[2],uuid:ef1a949c-e26b-47c8-bc1d-d643d28a0aed/SCLAMP_EA_Questionaire/Short_rain_season/Aug_Sept_2020[2]/Strategies_for_tuta_Absoluta_Aug_Sept_2020[2]
Improved_seed,,,Low,uuid:ef1a949c-e26b-47c8-bc1d-d643d28a0aed/SCLAMP_EA_Questionaire/Short_rain_season/Aug_Sept_2020[2],uuid:ef1a949c-e26b-47c8-bc1d-d643d28a0aed/SCLAMP_EA_Questionaire/Short_rain_season/Aug_Sept_2020[2]/Strategies_for_tuta_Absoluta_Aug_Sept_2020[3]
Training_on_Pest_and_disease_ma,,,Medium,uuid:a2ae917f-d30a-49e3-9585-6412e77d8609/SCLAMP_EA_Questionaire/Short_rain_season/Aug_Sept_2020[1],uuid:a2ae917f-d30a-49e3-9585-6412e77d8609/SCLAMP_EA_Questionaire/Short_rain_season/Aug_Sept_2020[1]/Strategies_for_tuta_Absoluta_Aug_Sept_2020[1]
Improved_seed,,,Medium,uuid:a2ae917f-d30a-49e3-9585-6412e77d8609/SCLAMP_EA_Questionaire/Short_rain_season/Aug_Sept_2020[1],uuid:a2ae917f-d30a-49e3-9585-6412e77d8609/SCLAMP_EA_Questionaire/Short_rain_season/Aug_Sept_2020[1]/Strategies_for_tuta_Absoluta_Aug_Sept_2020[2]
Chemicals,,,High,uuid:a2ae917f-d30a-49e3-9585-6412e77d8609/SCLAMP_EA_Questionaire/Short_rain_season/Aug_Sept_2020[1],uuid:a2ae917f-d30a-49e3-9585-6412e77d8609/SCLAMP_EA_Questionaire/Short_rain_season/Aug_Sept_2020[1]/Strategies_for_tuta_Absoluta_Aug_Sept_2020[3]
Training_on_Pest_and_disease_ma,,,Medium,uuid:e3ac3722-0ecf-402c-a02f-774b1837d753/SCLAMP_EA_Questionaire/Short_rain_season/Aug_Sept_2020[1],uuid:e3ac3722-0ecf-402c-a02f-774b1837d753/SCLAMP_EA_Questionaire/Short_rain_season/Aug_Sept_2020[1]/Strategies_for_tuta_Absoluta_Aug_Sept_2020[1]
Chemicals,,,High,uuid:e3ac3722-0ecf-402c-a02f-774b1837d753/SCLAMP_EA_Questionaire/Short_rain_season/Aug_Sept_2020[1],uuid:e3ac3722-0ecf-402c-a02f-774b1837d753/SCLAMP_EA_Questionaire/Short_rain_season/Aug_Sept_2020[1]/Strategies_for_tuta_Absoluta_Aug_Sept_2020[2]
Improved_seed,,,Medium,uuid:e3ac3722-0ecf-402c-a02f-774b1837d753/SCLAMP_EA_Questionaire/Short_rain_season/Aug_Sept_2020[1],uuid:e3ac3722-0ecf-402c-a02f-774b1837d753/SCLAMP_EA_Questionaire/Short_rain_season/Aug_Sept_2020[1]/Strategies_for_tuta_Absoluta_Aug_Sept_2020[3]
Chemicals,,,High,uuid:3e23f659-08b9-487b-8ccd-12c90ba9dfe5/SCLAMP_EA_Questionaire/Short_rain_season/Aug_Sept_2020[2],uuid:3e23f659-08b9-487b-8ccd-12c90ba9dfe5/SCLAMP_EA_Questionaire/Short_rain_season/Aug_Sept_2020[2]/Strategies_for_tuta_Absoluta_Aug_Sept_2020[1]
Training_on_Pest_and_disease_ma,,,Low,uuid:3e23f659-08b9-487b-8ccd-12c90ba9dfe5/SCLAMP_EA_Questionaire/Short_rain_season/Aug_Sept_2020[2],uuid:3e23f659-08b9-487b-8ccd-12c90ba9dfe5/SCLAMP_EA_Questionaire/Short_rain_season/Aug_Sept_2020[2]/Strategies_for_tuta_Absoluta_Aug_Sept_2020[2]
Chemicals,,,Medium,uuid:142c0d75-4831-4a26-9d37-21ac828565c4/SCLAMP_EA_Questionaire/Short_rain_season/Aug_Sept_2020[2],uuid:142c0d75-4831-4a26-9d37-21ac828565c4/SCLAMP_EA_Questionaire/Short_rain_season/Aug_Sept_2020[2]/Strategies_for_tuta_Absoluta_Aug_Sept_2020[1]
Training_on_Pest_and_disease_ma,,,Low,uuid:142c0d75-4831-4a26-9d37-21ac828565c4/SCLAMP_EA_Questionaire/Short_rain_season/Aug_Sept_2020[2],uuid:142c0d75-4831-4a26-9d37-21ac828565c4/SCLAMP_EA_Questionaire/Short_rain_season/Aug_Sept_2020[2]/Strategies_for_tuta_Absoluta_Aug_Sept_2020[2]
Chemicals,,,High,uuid:41726afc-6d56-4cff-a79a-fc1586ae2342/SCLAMP_EA_Questionaire/Short_rain_season/Aug_Sept_2020[4],uuid:41726afc-6d56-4cff-a79a-fc1586ae2342/SCLAMP_EA_Questionaire/Short_rain_season/Aug_Sept_2020[4]/Strategies_for_tuta_Absoluta_Aug_Sept_2020[1]
Chemicals,,,High,uuid:02f03a73-8df1-4a49-9c9a-e53e4b70d646/SCLAMP_EA_Questionaire/Short_rain_season/Aug_Sept_2020[2],uuid:02f03a73-8df1-4a49-9c9a-e53e4b70d646/SCLAMP_EA_Questionaire/Short_rain_season/Aug_Sept_2020[2]/Strategies_for_tuta_Absoluta_Aug_Sept_2020[1]
Field_hygiene_,,,Medium,uuid:02f03a73-8df1-4a49-9c9a-e53e4b70d646/SCLAMP_EA_Questionaire/Short_rain_season/Aug_Sept_2020[2],uuid:02f03a73-8df1-4a49-9c9a-e53e4b70d646/SCLAMP_EA_Questionaire/Short_rain_season/Aug_Sept_2020[2]/Strategies_for_tuta_Absoluta_Aug_Sept_2020[2]
Training_on_Pest_and_disease_ma,,,Medium,uuid:02f03a73-8df1-4a49-9c9a-e53e4b70d646/SCLAMP_EA_Questionaire/Short_rain_season/Aug_Sept_2020[2],uuid:02f03a73-8df1-4a49-9c9a-e53e4b70d646/SCLAMP_EA_Questionaire/Short_rain_season/Aug_Sept_2020[2]/Strategies_for_tuta_Absoluta_Aug_Sept_2020[3]
Chemicals,,,High,uuid:8bd1b7ec-6a0b-44b4-a4f4-65dc14a4082c/SCLAMP_EA_Questionaire/Short_rain_season/Aug_Sept_2020[1],uuid:8bd1b7ec-6a0b-44b4-a4f4-65dc14a4082c/SCLAMP_EA_Questionaire/Short_rain_season/Aug_Sept_2020[1]/Strategies_for_tuta_Absoluta_Aug_Sept_2020[1]
Field_hygiene_,,,Medium,uuid:8bd1b7ec-6a0b-44b4-a4f4-65dc14a4082c/SCLAMP_EA_Questionaire/Short_rain_season/Aug_Sept_2020[1],uuid:8bd1b7ec-6a0b-44b4-a4f4-65dc14a4082c/SCLAMP_EA_Questionaire/Short_rain_season/Aug_Sept_2020[1]/Strategies_for_tuta_Absoluta_Aug_Sept_2020[2]
Training_on_Pest_and_disease_ma,,,Medium,uuid:8bd1b7ec-6a0b-44b4-a4f4-65dc14a4082c/SCLAMP_EA_Questionaire/Short_rain_season/Aug_Sept_2020[1],uuid:8bd1b7ec-6a0b-44b4-a4f4-65dc14a4082c/SCLAMP_EA_Questionaire/Short_rain_season/Aug_Sept_2020[1]/Strategies_for_tuta_Absoluta_Aug_Sept_2020[3]
Chemicals,,,High,uuid:9ffc3094-6b94-4312-84ba-87d886d0b382/SCLAMP_EA_Questionaire/Short_rain_season/Aug_Sept_2020[2],uuid:9ffc3094-6b94-4312-84ba-87d886d0b382/SCLAMP_EA_Questionaire/Short_rain_season/Aug_Sept_2020[2]/Strategies_for_tuta_Absoluta_Aug_Sept_2020[1]
Chemicals,,,High,uuid:a51e93fb-f944-46a6-aeb6-05650558eaae/SCLAMP_EA_Questionaire/Short_rain_season/Aug_Sept_2020[2],uuid:a51e93fb-f944-46a6-aeb6-05650558eaae/SCLAMP_EA_Questionaire/Short_rain_season/Aug_Sept_2020[2]/Strategies_for_tuta_Absoluta_Aug_Sept_2020[1]
Chemicals,,,High,uuid:6283e625-98f2-45e6-a7e8-764b970aa1ec/SCLAMP_EA_Questionaire/Short_rain_season/Aug_Sept_2020[2],uuid:6283e625-98f2-45e6-a7e8-764b970aa1ec/SCLAMP_EA_Questionaire/Short_rain_season/Aug_Sept_2020[2]/Strategies_for_tuta_Absoluta_Aug_Sept_2020[1]
Chemicals,,,Medium,uuid:6283e625-98f2-45e6-a7e8-764b970aa1ec/SCLAMP_EA_Questionaire/Short_rain_season/Aug_Sept_2020[3],uuid:6283e625-98f2-45e6-a7e8-764b970aa1ec/SCLAMP_EA_Questionaire/Short_rain_season/Aug_Sept_2020[3]/Strategies_for_tuta_Absoluta_Aug_Sept_2020[1]
Chemicals,,,High,uuid:896e6cc5-a3bd-4e86-8834-b65a68bd8240/SCLAMP_EA_Questionaire/Short_rain_season/Aug_Sept_2020[3],uuid:896e6cc5-a3bd-4e86-8834-b65a68bd8240/SCLAMP_EA_Questionaire/Short_rain_season/Aug_Sept_2020[3]/Strategies_for_tuta_Absoluta_Aug_Sept_2020[1]
Field_hygiene_,,,Medium,uuid:896e6cc5-a3bd-4e86-8834-b65a68bd8240/SCLAMP_EA_Questionaire/Short_rain_season/Aug_Sept_2020[3],uuid:896e6cc5-a3bd-4e86-8834-b65a68bd8240/SCLAMP_EA_Questionaire/Short_rain_season/Aug_Sept_2020[3]/Strategies_for_tuta_Absoluta_Aug_Sept_2020[2]
other,Removing infected plant,,Medium,uuid:896e6cc5-a3bd-4e86-8834-b65a68bd8240/SCLAMP_EA_Questionaire/Short_rain_season/Aug_Sept_2020[3],uuid:896e6cc5-a3bd-4e86-8834-b65a68bd8240/SCLAMP_EA_Questionaire/Short_rain_season/Aug_Sept_2020[3]/Strategies_for_tuta_Absoluta_Aug_Sept_2020[3]
Chemicals,,,High,uuid:a51b1120-ec78-4e07-9f86-71a8420c5feb/SCLAMP_EA_Questionaire/Short_rain_season/Aug_Sept_2020[2],uuid:a51b1120-ec78-4e07-9f86-71a8420c5feb/SCLAMP_EA_Questionaire/Short_rain_season/Aug_Sept_2020[2]/Strategies_for_tuta_Absoluta_Aug_Sept_2020[1]
Chemicals,,,Medium,uuid:b3156722-3178-4331-b4c4-022c2dc807d6/SCLAMP_EA_Questionaire/Short_rain_season/Aug_Sept_2020[1],uuid:b3156722-3178-4331-b4c4-022c2dc807d6/SCLAMP_EA_Questionaire/Short_rain_season/Aug_Sept_2020[1]/Strategies_for_tuta_Absoluta_Aug_Sept_2020[1]
Chemicals,,,High,uuid:d4a71b1e-635b-40bf-8cc5-b3a2c66d6fbc/SCLAMP_EA_Questionaire/Short_rain_season/Aug_Sept_2020[2],uuid:d4a71b1e-635b-40bf-8cc5-b3a2c66d6fbc/SCLAMP_EA_Questionaire/Short_rain_season/Aug_Sept_2020[2]/Strategies_for_tuta_Absoluta_Aug_Sept_2020[1]
Chemicals,,,High,uuid:9a89cabe-041f-41dd-ba73-778efdb76397/SCLAMP_EA_Questionaire/Short_rain_season/Aug_Sept_2020[3],uuid:9a89cabe-041f-41dd-ba73-778efdb76397/SCLAMP_EA_Questionaire/Short_rain_season/Aug_Sept_2020[3]/Strategies_for_tuta_Absoluta_Aug_Sept_2020[1]
Training_on_Pest_and_disease_ma,,,High,uuid:80937023-cef9-4f21-957d-0a27e1953cf9/SCLAMP_EA_Questionaire/Short_rain_season/Aug_Sept_2020[1],uuid:80937023-cef9-4f21-957d-0a27e1953cf9/SCLAMP_EA_Questionaire/Short_rain_season/Aug_Sept_2020[1]/Strategies_for_tuta_Absoluta_Aug_Sept_2020[1]
Chemicals,,,High,uuid:80937023-cef9-4f21-957d-0a27e1953cf9/SCLAMP_EA_Questionaire/Short_rain_season/Aug_Sept_2020[1],uuid:80937023-cef9-4f21-957d-0a27e1953cf9/SCLAMP_EA_Questionaire/Short_rain_season/Aug_Sept_2020[1]/Strategies_for_tuta_Absoluta_Aug_Sept_2020[2]
Training_on_Pest_and_disease_ma,,,Medium,uuid:ac4a955d-e12e-4f2c-b772-4f7fe8a94b19/SCLAMP_EA_Questionaire/Short_rain_season/Aug_Sept_2020[3],uuid:ac4a955d-e12e-4f2c-b772-4f7fe8a94b19/SCLAMP_EA_Questionaire/Short_rain_season/Aug_Sept_2020[3]/Strategies_for_tuta_Absoluta_Aug_Sept_2020[1]
Chemicals,,,Medium,uuid:ac4a955d-e12e-4f2c-b772-4f7fe8a94b19/SCLAMP_EA_Questionaire/Short_rain_season/Aug_Sept_2020[3],uuid:ac4a955d-e12e-4f2c-b772-4f7fe8a94b19/SCLAMP_EA_Questionaire/Short_rain_season/Aug_Sept_2020[3]/Strategies_for_tuta_Absoluta_Aug_Sept_2020[2]
Chemicals,,,Medium,uuid:36d3e4c8-db41-4b43-8608-05bc37cd4605/SCLAMP_EA_Questionaire/Short_rain_season/Aug_Sept_2020[1],uuid:36d3e4c8-db41-4b43-8608-05bc37cd4605/SCLAMP_EA_Questionaire/Short_rain_season/Aug_Sept_2020[1]/Strategies_for_tuta_Absoluta_Aug_Sept_2020[1]
Chemicals,,,Medium,uuid:bf3bb5a3-5ba9-4285-ab55-e9eeed9bfdb5/SCLAMP_EA_Questionaire/Short_rain_season/Aug_Sept_2020[2],uuid:bf3bb5a3-5ba9-4285-ab55-e9eeed9bfdb5/SCLAMP_EA_Questionaire/Short_rain_season/Aug_Sept_2020[2]/Strategies_for_tuta_Absoluta_Aug_Sept_2020[1]
Chemicals,,,Medium,uuid:78bf4c92-660c-488f-98ab-97af73e54de4/SCLAMP_EA_Questionaire/Short_rain_season/Aug_Sept_2020[2],uuid:78bf4c92-660c-488f-98ab-97af73e54de4/SCLAMP_EA_Questionaire/Short_rain_season/Aug_Sept_2020[2]/Strategies_for_tuta_Absoluta_Aug_Sept_2020[1]
Chemicals,,,Medium,uuid:abbc04a2-1f49-4dd9-9259-eb39f8ea954c/SCLAMP_EA_Questionaire/Short_rain_season/Aug_Sept_2020[1],uuid:abbc04a2-1f49-4dd9-9259-eb39f8ea954c/SCLAMP_EA_Questionaire/Short_rain_season/Aug_Sept_2020[1]/Strategies_for_tuta_Absoluta_Aug_Sept_2020[1]
Training_on_Pest_and_disease_ma,,,Medium,uuid:abbc04a2-1f49-4dd9-9259-eb39f8ea954c/SCLAMP_EA_Questionaire/Short_rain_season/Aug_Sept_2020[1],uuid:abbc04a2-1f49-4dd9-9259-eb39f8ea954c/SCLAMP_EA_Questionaire/Short_rain_season/Aug_Sept_2020[1]/Strategies_for_tuta_Absoluta_Aug_Sept_2020[2]
Chemicals,,,High,uuid:79dbad5f-9e43-4506-9f2c-d084b304937d/SCLAMP_EA_Questionaire/Short_rain_season/Aug_Sept_2020[2],uuid:79dbad5f-9e43-4506-9f2c-d084b304937d/SCLAMP_EA_Questionaire/Short_rain_season/Aug_Sept_2020[2]/Strategies_for_tuta_Absoluta_Aug_Sept_2020[1]
Chemicals,,,Medium,uuid:c6a93dc4-8d7c-4b06-b147-d9c9df99a040/SCLAMP_EA_Questionaire/Short_rain_season/Aug_Sept_2020[2],uuid:c6a93dc4-8d7c-4b06-b147-d9c9df99a040/SCLAMP_EA_Questionaire/Short_rain_season/Aug_Sept_2020[2]/Strategies_for_tuta_Absoluta_Aug_Sept_2020[1]
Chemicals,,,Medium,uuid:fb497324-4399-4045-93b0-902c2733c5ea/SCLAMP_EA_Questionaire/Short_rain_season/Aug_Sept_2020[1],uuid:fb497324-4399-4045-93b0-902c2733c5ea/SCLAMP_EA_Questionaire/Short_rain_season/Aug_Sept_2020[1]/Strategies_for_tuta_Absoluta_Aug_Sept_2020[1]
Chemicals,,,High,uuid:1caa0fe8-838d-4ba4-b216-e5ee1e993dc9/SCLAMP_EA_Questionaire/Short_rain_season/Aug_Sept_2020[2],uuid:1caa0fe8-838d-4ba4-b216-e5ee1e993dc9/SCLAMP_EA_Questionaire/Short_rain_season/Aug_Sept_2020[2]/Strategies_for_tuta_Absoluta_Aug_Sept_2020[1]
Chemicals,,,Low,uuid:dbaddb91-4a28-4b66-8994-0e37783ac8e0/SCLAMP_EA_Questionaire/Short_rain_season/Aug_Sept_2020[2],uuid:dbaddb91-4a28-4b66-8994-0e37783ac8e0/SCLAMP_EA_Questionaire/Short_rain_season/Aug_Sept_2020[2]/Strategies_for_tuta_Absoluta_Aug_Sept_2020[1]
Chemicals,,,High,uuid:4a52825a-8f2f-4de7-ae5a-eb8229387b67/SCLAMP_EA_Questionaire/Short_rain_season/Aug_Sept_2020[1],uuid:4a52825a-8f2f-4de7-ae5a-eb8229387b67/SCLAMP_EA_Questionaire/Short_rain_season/Aug_Sept_2020[1]/Strategies_for_tuta_Absoluta_Aug_Sept_2020[1]
Field_hygiene_,,,High,uuid:4a52825a-8f2f-4de7-ae5a-eb8229387b67/SCLAMP_EA_Questionaire/Short_rain_season/Aug_Sept_2020[1],uuid:4a52825a-8f2f-4de7-ae5a-eb8229387b67/SCLAMP_EA_Questionaire/Short_rain_season/Aug_Sept_2020[1]/Strategies_for_tuta_Absoluta_Aug_Sept_2020[2]
Chemicals,,,High,uuid:f3910e58-f8dc-44cf-8b28-aa5c58de4245/SCLAMP_EA_Questionaire/Short_rain_season/Aug_Sept_2020[1],uuid:f3910e58-f8dc-44cf-8b28-aa5c58de4245/SCLAMP_EA_Questionaire/Short_rain_season/Aug_Sept_2020[1]/Strategies_for_tuta_Absoluta_Aug_Sept_2020[1]
Chemicals,,,High,uuid:97b5f5e6-a1e3-4ee4-a838-025627007ea2/SCLAMP_EA_Questionaire/Short_rain_season/Aug_Sept_2020[1],uuid:97b5f5e6-a1e3-4ee4-a838-025627007ea2/SCLAMP_EA_Questionaire/Short_rain_season/Aug_Sept_2020[1]/Strategies_for_tuta_Absoluta_Aug_Sept_2020[1]
Training_on_Pest_and_disease_ma,,,High,uuid:d63f054e-8b3a-4fcd-9ab5-4a4552f4be52/SCLAMP_EA_Questionaire/Short_rain_season/Aug_Sept_2020[2],uuid:d63f054e-8b3a-4fcd-9ab5-4a4552f4be52/SCLAMP_EA_Questionaire/Short_rain_season/Aug_Sept_2020[2]/Strategies_for_tuta_Absoluta_Aug_Sept_2020[1]
Improved_seed,,,Low,uuid:d63f054e-8b3a-4fcd-9ab5-4a4552f4be52/SCLAMP_EA_Questionaire/Short_rain_season/Aug_Sept_2020[2],uuid:d63f054e-8b3a-4fcd-9ab5-4a4552f4be52/SCLAMP_EA_Questionaire/Short_rain_season/Aug_Sept_2020[2]/Strategies_for_tuta_Absoluta_Aug_Sept_2020[2]
Chemicals,,,High,uuid:5ba0aafd-498f-48fd-99e2-57a06701247e/SCLAMP_EA_Questionaire/Short_rain_season/Aug_Sept_2020[1],uuid:5ba0aafd-498f-48fd-99e2-57a06701247e/SCLAMP_EA_Questionaire/Short_rain_season/Aug_Sept_2020[1]/Strategies_for_tuta_Absoluta_Aug_Sept_2020[1]
Training_on_Pest_and_disease_ma,,,High,uuid:6882eee5-40c9-4540-860e-bdb484b2ba9d/SCLAMP_EA_Questionaire/Short_rain_season/Aug_Sept_2020[2],uuid:6882eee5-40c9-4540-860e-bdb484b2ba9d/SCLAMP_EA_Questionaire/Short_rain_season/Aug_Sept_2020[2]/Strategies_for_tuta_Absoluta_Aug_Sept_2020[1]
other,Ash and pepper,,High,uuid:6882eee5-40c9-4540-860e-bdb484b2ba9d/SCLAMP_EA_Questionaire/Short_rain_season/Aug_Sept_2020[2],uuid:6882eee5-40c9-4540-860e-bdb484b2ba9d/SCLAMP_EA_Questionaire/Short_rain_season/Aug_Sept_2020[2]/Strategies_for_tuta_Absoluta_Aug_Sept_2020[2]
other,Ash and pepper,,High,uuid:6882eee5-40c9-4540-860e-bdb484b2ba9d/SCLAMP_EA_Questionaire/Short_rain_season/Aug_Sept_2020[4],uuid:6882eee5-40c9-4540-860e-bdb484b2ba9d/SCLAMP_EA_Questionaire/Short_rain_season/Aug_Sept_2020[4]/Strategies_for_tuta_Absoluta_Aug_Sept_2020[1]
other,Ash and pepper,,High,uuid:6882eee5-40c9-4540-860e-bdb484b2ba9d/SCLAMP_EA_Questionaire/Short_rain_season/Aug_Sept_2020[6],uuid:6882eee5-40c9-4540-860e-bdb484b2ba9d/SCLAMP_EA_Questionaire/Short_rain_season/Aug_Sept_2020[6]/Strategies_for_tuta_Absoluta_Aug_Sept_2020[1]
Training_on_Pest_and_disease_ma,,,High,uuid:6882eee5-40c9-4540-860e-bdb484b2ba9d/SCLAMP_EA_Questionaire/Short_rain_season/Aug_Sept_2020[6],uuid:6882eee5-40c9-4540-860e-bdb484b2ba9d/SCLAMP_EA_Questionaire/Short_rain_season/Aug_Sept_2020[6]/Strategies_for_tuta_Absoluta_Aug_Sept_2020[2]
other,Pepper and urine,,Medium,uuid:8727aacb-70dc-49a0-a467-480a60c07678/SCLAMP_EA_Questionaire/Short_rain_season/Aug_Sept_2020[1],uuid:8727aacb-70dc-49a0-a467-480a60c07678/SCLAMP_EA_Questionaire/Short_rain_season/Aug_Sept_2020[1]/Strategies_for_tuta_Absoluta_Aug_Sept_2020[1]
Chemicals,,,Medium,uuid:72f7b252-ff9a-461e-bf2d-c07cd669adf0/SCLAMP_EA_Questionaire/Short_rain_season/Aug_Sept_2020[1],uuid:72f7b252-ff9a-461e-bf2d-c07cd669adf0/SCLAMP_EA_Questionaire/Short_rain_season/Aug_Sept_2020[1]/Strategies_for_tuta_Absoluta_Aug_Sept_2020[1]
other,"Pepper, urine, ash mixture fermented",,Low,uuid:fb24a20d-12ba-46df-b329-f1164876fea8/SCLAMP_EA_Questionaire/Short_rain_season/Aug_Sept_2020[2],uuid:fb24a20d-12ba-46df-b329-f1164876fea8/SCLAMP_EA_Questionaire/Short_rain_season/Aug_Sept_2020[2]/Strategies_for_tuta_Absoluta_Aug_Sept_2020[1]
Field_hygiene_,,,Medium,uuid:d0520b03-6669-47e5-bfad-8d6ca11b00ef/SCLAMP_EA_Questionaire/Short_rain_season/Aug_Sept_2020[1],uuid:d0520b03-6669-47e5-bfad-8d6ca11b00ef/SCLAMP_EA_Questionaire/Short_rain_season/Aug_Sept_2020[1]/Strategies_for_tuta_Absoluta_Aug_Sept_2020[1]
Training_on_Pest_and_disease_ma,,,High,uuid:d0520b03-6669-47e5-bfad-8d6ca11b00ef/SCLAMP_EA_Questionaire/Short_rain_season/Aug_Sept_2020[1],uuid:d0520b03-6669-47e5-bfad-8d6ca11b00ef/SCLAMP_EA_Questionaire/Short_rain_season/Aug_Sept_2020[1]/Strategies_for_tuta_Absoluta_Aug_Sept_2020[2]
Chemicals,,,Medium,uuid:8238cb1a-dc5c-4eba-a66c-37fe7daf6375/SCLAMP_EA_Questionaire/Short_rain_season/Aug_Sept_2020[1],uuid:8238cb1a-dc5c-4eba-a66c-37fe7daf6375/SCLAMP_EA_Questionaire/Short_rain_season/Aug_Sept_2020[1]/Strategies_for_tuta_Absoluta_Aug_Sept_2020[1]
Chemicals,,,Medium,uuid:e226cb30-f92f-4c04-909e-98ad7a382f0a/SCLAMP_EA_Questionaire/Short_rain_season/Aug_Sept_2020[1],uuid:e226cb30-f92f-4c04-909e-98ad7a382f0a/SCLAMP_EA_Questionaire/Short_rain_season/Aug_Sept_2020[1]/Strategies_for_tuta_Absoluta_Aug_Sept_2020[1]
Training_on_Pest_and_disease_ma,,,High,uuid:22c4b622-938e-42f3-8fe9-a214a8e0182e/SCLAMP_EA_Questionaire/Short_rain_season/Aug_Sept_2020[2],uuid:22c4b622-938e-42f3-8fe9-a214a8e0182e/SCLAMP_EA_Questionaire/Short_rain_season/Aug_Sept_2020[2]/Strategies_for_tuta_Absoluta_Aug_Sept_2020[1]
Chemicals,,,Low,uuid:0418f7af-7471-4814-94df-b86dc57aaa57/SCLAMP_EA_Questionaire/Short_rain_season/Aug_Sept_2020[1],uuid:0418f7af-7471-4814-94df-b86dc57aaa57/SCLAMP_EA_Questionaire/Short_rain_season/Aug_Sept_2020[1]/Strategies_for_tuta_Absoluta_Aug_Sept_2020[1]
Field_hygiene_,,,Low,uuid:0418f7af-7471-4814-94df-b86dc57aaa57/SCLAMP_EA_Questionaire/Short_rain_season/Aug_Sept_2020[1],uuid:0418f7af-7471-4814-94df-b86dc57aaa57/SCLAMP_EA_Questionaire/Short_rain_season/Aug_Sept_2020[1]/Strategies_for_tuta_Absoluta_Aug_Sept_2020[2]
Field_hygiene_,,,Medium,uuid:e1e9b848-4ed4-440b-8a64-98a747ee143f/SCLAMP_EA_Questionaire/Short_rain_season/Aug_Sept_2020[2],uuid:e1e9b848-4ed4-440b-8a64-98a747ee143f/SCLAMP_EA_Questionaire/Short_rain_season/Aug_Sept_2020[2]/Strategies_for_tuta_Absoluta_Aug_Sept_2020[1]
Training_on_Pest_and_disease_ma,,,Medium,uuid:54592387-8f0a-4a59-8c9f-9e5839dd8404/SCLAMP_EA_Questionaire/Short_rain_season/Aug_Sept_2020[2],uuid:54592387-8f0a-4a59-8c9f-9e5839dd8404/SCLAMP_EA_Questionaire/Short_rain_season/Aug_Sept_2020[2]/Strategies_for_tuta_Absoluta_Aug_Sept_2020[1]
Chemicals,,,Medium,uuid:805cf1b9-4e28-4e62-8fae-6888c0ab8f2c/SCLAMP_EA_Questionaire/Short_rain_season/Aug_Sept_2020[2],uuid:805cf1b9-4e28-4e62-8fae-6888c0ab8f2c/SCLAMP_EA_Questionaire/Short_rain_season/Aug_Sept_2020[2]/Strategies_for_tuta_Absoluta_Aug_Sept_2020[1]
Field_hygiene_,,,Medium,uuid:805cf1b9-4e28-4e62-8fae-6888c0ab8f2c/SCLAMP_EA_Questionaire/Short_rain_season/Aug_Sept_2020[2],uuid:805cf1b9-4e28-4e62-8fae-6888c0ab8f2c/SCLAMP_EA_Questionaire/Short_rain_season/Aug_Sept_2020[2]/Strategies_for_tuta_Absoluta_Aug_Sept_2020[2]
Training_on_Pest_and_disease_ma,,,Medium,uuid:ac7d1a54-b90d-4a04-9286-b09110c2c79b/SCLAMP_EA_Questionaire/Short_rain_season/Aug_Sept_2020[1],uuid:ac7d1a54-b90d-4a04-9286-b09110c2c79b/SCLAMP_EA_Questionaire/Short_rain_season/Aug_Sept_2020[1]/Strategies_for_tuta_Absoluta_Aug_Sept_2020[1]
Chemicals,,,High,uuid:ac7d1a54-b90d-4a04-9286-b09110c2c79b/SCLAMP_EA_Questionaire/Short_rain_season/Aug_Sept_2020[1],uuid:ac7d1a54-b90d-4a04-9286-b09110c2c79b/SCLAMP_EA_Questionaire/Short_rain_season/Aug_Sept_2020[1]/Strategies_for_tuta_Absoluta_Aug_Sept_2020[2]
Field_hygiene_,,,Medium,uuid:ac7d1a54-b90d-4a04-9286-b09110c2c79b/SCLAMP_EA_Questionaire/Short_rain_season/Aug_Sept_2020[1],uuid:ac7d1a54-b90d-4a04-9286-b09110c2c79b/SCLAMP_EA_Questionaire/Short_rain_season/Aug_Sept_2020[1]/Strategies_for_tuta_Absoluta_Aug_Sept_2020[3]
Training_on_Pest_and_disease_ma,,,High,uuid:5beecaba-3f99-4397-9acf-e0a47debc7bd/SCLAMP_EA_Questionaire/Short_rain_season/Aug_Sept_2020[3],uuid:5beecaba-3f99-4397-9acf-e0a47debc7bd/SCLAMP_EA_Questionaire/Short_rain_season/Aug_Sept_2020[3]/Strategies_for_tuta_Absoluta_Aug_Sept_2020[1]
other,Organic fertilizers,,High,uuid:5beecaba-3f99-4397-9acf-e0a47debc7bd/SCLAMP_EA_Questionaire/Short_rain_season/Aug_Sept_2020[3],uuid:5beecaba-3f99-4397-9acf-e0a47debc7bd/SCLAMP_EA_Questionaire/Short_rain_season/Aug_Sept_2020[3]/Strategies_for_tuta_Absoluta_Aug_Sept_2020[2]
Chemicals,,,High,uuid:790a7e62-b2c7-4d49-9318-a8df9c3096e9/SCLAMP_EA_Questionaire/Short_rain_season/Aug_Sept_2020[2],uuid:790a7e62-b2c7-4d49-9318-a8df9c3096e9/SCLAMP_EA_Questionaire/Short_rain_season/Aug_Sept_2020[2]/Strategies_for_tuta_Absoluta_Aug_Sept_2020[1]
other,Ash and tifolia,,High,uuid:790a7e62-b2c7-4d49-9318-a8df9c3096e9/SCLAMP_EA_Questionaire/Short_rain_season/Aug_Sept_2020[2],uuid:790a7e62-b2c7-4d49-9318-a8df9c3096e9/SCLAMP_EA_Questionaire/Short_rain_season/Aug_Sept_2020[2]/Strategies_for_tuta_Absoluta_Aug_Sept_2020[2]
Chemicals,,,High,uuid:f9d1646e-db43-4495-8fc4-7c92357bdbfd/SCLAMP_EA_Questionaire/Short_rain_season/Aug_Sept_2020[1],uuid:f9d1646e-db43-4495-8fc4-7c92357bdbfd/SCLAMP_EA_Questionaire/Short_rain_season/Aug_Sept_2020[1]/Strategies_for_tuta_Absoluta_Aug_Sept_2020[1]
Chemicals,,,High,uuid:11c110f1-0254-4c04-9ab0-3280229e1356/SCLAMP_EA_Questionaire/Short_rain_season/Aug_Sept_2020[1],uuid:11c110f1-0254-4c04-9ab0-3280229e1356/SCLAMP_EA_Questionaire/Short_rain_season/Aug_Sept_2020[1]/Strategies_for_tuta_Absoluta_Aug_Sept_2020[1]
