maize_varieties_do_you_grew,is_maize_variety_improved_or_local,reason_for_growing_maize_variety,other_reason_for_growing_maize_variety,PARENT_KEY,KEY
Longe 5,Improved,Disease_resistance Seed_availability High_yielding,,uuid:a8bc8744-46f6-45a7-84eb-19febbd60cc1,uuid:a8bc8744-46f6-45a7-84eb-19febbd60cc1/SCLAMP_EA_Questionaire/Specify_Maize_Variety[1]
Longe 5,Improved,Good_price_ other,Short in height and not easily broken by wind,uuid:a3ccb1fc-001f-4975-9b72-afabca6a6a2e,uuid:a3ccb1fc-001f-4975-9b72-afabca6a6a2e/SCLAMP_EA_Questionaire/Specify_Maize_Variety[1]
Kawanda,Local,Seed_availability,,uuid:6a3d918a-96b5-4483-90ca-c8ffc63bcf7f,uuid:6a3d918a-96b5-4483-90ca-c8ffc63bcf7f/SCLAMP_EA_Questionaire/Specify_Maize_Variety[1]
Longe10 ,Improved,High_yielding,,uuid:4539cd93-da37-444c-a03c-ab3229edda1b,uuid:4539cd93-da37-444c-a03c-ab3229edda1b/SCLAMP_EA_Questionaire/Specify_Maize_Variety[1]
Longe10 ,Improved,High_yielding Insect_pest_resistance Drought_tolerance,,uuid:c20819bc-dcc6-4721-9655-d60f80ac911d,uuid:c20819bc-dcc6-4721-9655-d60f80ac911d/SCLAMP_EA_Questionaire/Specify_Maize_Variety[1]
Kawanda 9,Local,Seed_availability,,uuid:f78c9d9c-207e-4bf0-9bef-1d6a34f2a9ba,uuid:f78c9d9c-207e-4bf0-9bef-1d6a34f2a9ba/SCLAMP_EA_Questionaire/Specify_Maize_Variety[1]
Longe10 ,Local,Seed_availability,,uuid:47874c59-ec6e-4ee9-a583-f75e61074196,uuid:47874c59-ec6e-4ee9-a583-f75e61074196/SCLAMP_EA_Questionaire/Specify_Maize_Variety[1]
K5,Improved,High_yielding other,Big in size,uuid:5a10310c-170c-4ec9-abcb-00272c02fea4,uuid:5a10310c-170c-4ec9-abcb-00272c02fea4/SCLAMP_EA_Questionaire/Specify_Maize_Variety[1]
Longe10,Improved,High_yielding other,Has big grains compared to other varieties,uuid:e299f4eb-8fda-4c6d-9ce8-244fff556ffa,uuid:e299f4eb-8fda-4c6d-9ce8-244fff556ffa/SCLAMP_EA_Questionaire/Specify_Maize_Variety[1]
Longe10,Improved,High_yielding Insect_pest_resistance,,uuid:1a9ec839-9334-4076-9d8b-4f84d65c60c2,uuid:1a9ec839-9334-4076-9d8b-4f84d65c60c2/SCLAMP_EA_Questionaire/Specify_Maize_Variety[1]
Kawanda,Local,Seed_availability,,uuid:eaadad04-4464-49cd-a2bd-d1a3c8aa52d3,uuid:eaadad04-4464-49cd-a2bd-d1a3c8aa52d3/SCLAMP_EA_Questionaire/Specify_Maize_Variety[1]
Kawanda,Local,Seed_availability other,Its cheap,uuid:43b7710e-d047-4b4e-bf1f-60bd68ed68b2,uuid:43b7710e-d047-4b4e-bf1f-60bd68ed68b2/SCLAMP_EA_Questionaire/Specify_Maize_Variety[1]
Longe10,Improved,High_yielding Insect_pest_resistance,,uuid:5f497353-90f8-4be3-9614-3d5bf6cf668b,uuid:5f497353-90f8-4be3-9614-3d5bf6cf668b/SCLAMP_EA_Questionaire/Specify_Maize_Variety[1]
Kawanda,Improved,High_yielding Insect_pest_resistance,,uuid:57b8fcb2-2b67-49c3-8021-63d05217bd33,uuid:57b8fcb2-2b67-49c3-8021-63d05217bd33/SCLAMP_EA_Questionaire/Specify_Maize_Variety[1]
Longe 1,Improved,High_yielding other,For home consumption,uuid:4b4915f1-666c-463a-957c-897ecff93c31,uuid:4b4915f1-666c-463a-957c-897ecff93c31/SCLAMP_EA_Questionaire/Specify_Maize_Variety[1]
Longe 10,Local,Seed_availability Insect_pest_resistance,,uuid:d9cfae01-f338-4bca-a087-16ef9947f586,uuid:d9cfae01-f338-4bca-a087-16ef9947f586/SCLAMP_EA_Questionaire/Specify_Maize_Variety[1]
Longe 1,Improved,High_yielding,,uuid:0a6df2a0-2a31-4b93-9e2c-905a329664a4,uuid:0a6df2a0-2a31-4b93-9e2c-905a329664a4/SCLAMP_EA_Questionaire/Specify_Maize_Variety[1]
Longe 10,Improved,Insect_pest_resistance Disease_resistance High_yielding,,uuid:0b0d192a-5bab-4215-a5d9-acca65d1aa98,uuid:0b0d192a-5bab-4215-a5d9-acca65d1aa98/SCLAMP_EA_Questionaire/Specify_Maize_Variety[1]
Longe 10,Improved,High_yielding Insect_pest_resistance,,uuid:903ef8da-3ef5-4aed-a642-1fb56ecca819,uuid:903ef8da-3ef5-4aed-a642-1fb56ecca819/SCLAMP_EA_Questionaire/Specify_Maize_Variety[1]
Kawanda,Local,Seed_availability Insect_pest_resistance,,uuid:8d005c78-2678-40b8-85f2-847500b8d603,uuid:8d005c78-2678-40b8-85f2-847500b8d603/SCLAMP_EA_Questionaire/Specify_Maize_Variety[1]
Longe 10,Local,Seed_availability,,uuid:706361f5-93fc-4792-a155-95133b358e6e,uuid:706361f5-93fc-4792-a155-95133b358e6e/SCLAMP_EA_Questionaire/Specify_Maize_Variety[1]
Longe 2,Local,Seed_availability other,Big cob,uuid:11ab4f84-6da2-4af9-b6ac-94a76465934c,uuid:11ab4f84-6da2-4af9-b6ac-94a76465934c/SCLAMP_EA_Questionaire/Specify_Maize_Variety[1]
Local,Local,Seed_availability,,uuid:5f32e21a-e4c6-47ee-97a1-735bf0846906,uuid:5f32e21a-e4c6-47ee-97a1-735bf0846906/SCLAMP_EA_Questionaire/Specify_Maize_Variety[1]
Longe 10,Improved,High_yielding Insect_pest_resistance Early_maturity,,uuid:b274dff4-d26b-4575-bc67-002c4ed769a7,uuid:b274dff4-d26b-4575-bc67-002c4ed769a7/SCLAMP_EA_Questionaire/Specify_Maize_Variety[1]
Longe 10,Improved,Drought_tolerance,,uuid:0cafa010-dd3e-4b35-92d9-02cf799ad342,uuid:0cafa010-dd3e-4b35-92d9-02cf799ad342/SCLAMP_EA_Questionaire/Specify_Maize_Variety[1]
Longe 10,Improved,High_yielding Drought_tolerance,,uuid:f6b6da6c-f4e9-412f-9f35-dbf1601dd087,uuid:f6b6da6c-f4e9-412f-9f35-dbf1601dd087/SCLAMP_EA_Questionaire/Specify_Maize_Variety[1]
Longe 10,Improved,High_yielding Drought_tolerance,,uuid:eadc2067-16c3-4a6c-a3ee-5b82aab8063d,uuid:eadc2067-16c3-4a6c-a3ee-5b82aab8063d/SCLAMP_EA_Questionaire/Specify_Maize_Variety[1]
Longe 1,Improved,High_yielding Drought_tolerance Disease_resistance Good_taste,,uuid:eadc2067-16c3-4a6c-a3ee-5b82aab8063d,uuid:eadc2067-16c3-4a6c-a3ee-5b82aab8063d/SCLAMP_EA_Questionaire/Specify_Maize_Variety[2]
Local,Local,Seed_availability,,uuid:dcb54892-9548-4580-9d66-5e6934880d3d,uuid:dcb54892-9548-4580-9d66-5e6934880d3d/SCLAMP_EA_Questionaire/Specify_Maize_Variety[1]
Longe 10,Improved,High_yielding Early_maturity,,uuid:c3f2fc03-5d66-445f-8225-12bed1694a44,uuid:c3f2fc03-5d66-445f-8225-12bed1694a44/SCLAMP_EA_Questionaire/Specify_Maize_Variety[1]
Local,Local,Disease_resistance Seed_availability Drought_tolerance,,uuid:5314ad27-7f11-4c87-ab6b-baf35d397e26,uuid:5314ad27-7f11-4c87-ab6b-baf35d397e26/SCLAMP_EA_Questionaire/Specify_Maize_Variety[1]
None,Local,Seed_availability,,uuid:5314ad27-7f11-4c87-ab6b-baf35d397e26,uuid:5314ad27-7f11-4c87-ab6b-baf35d397e26/SCLAMP_EA_Questionaire/Specify_Maize_Variety[2]
Longe 5,Improved,High_yielding Seed_availability Drought_tolerance,,uuid:873f1ee1-be06-4f31-9bee-e7532a26ef6f,uuid:873f1ee1-be06-4f31-9bee-e7532a26ef6f/SCLAMP_EA_Questionaire/Specify_Maize_Variety[1]
Recycled  longe 5,Local,Seed_availability,,uuid:a09a56a3-2458-454b-b319-93a1748d397c,uuid:a09a56a3-2458-454b-b319-93a1748d397c/SCLAMP_EA_Questionaire/Specify_Maize_Variety[1]
Longe 5,Improved,Disease_resistance Good_taste High_yielding,,uuid:a09a56a3-2458-454b-b319-93a1748d397c,uuid:a09a56a3-2458-454b-b319-93a1748d397c/SCLAMP_EA_Questionaire/Specify_Maize_Variety[2]
Longe 5,Improved,High_yielding Disease_resistance Drought_tolerance,,uuid:fd9997a8-5c57-493d-8d68-c383c018aceb,uuid:fd9997a8-5c57-493d-8d68-c383c018aceb/SCLAMP_EA_Questionaire/Specify_Maize_Variety[1]
Longe 10,Improved,High_yielding Disease_resistance Drought_tolerance,,uuid:fd9997a8-5c57-493d-8d68-c383c018aceb,uuid:fd9997a8-5c57-493d-8d68-c383c018aceb/SCLAMP_EA_Questionaire/Specify_Maize_Variety[2]
Longe10 ,Local,Good_taste Early_maturity High_yielding,,uuid:9b05949b-b31f-405d-ba52-ccd55e15e5d4,uuid:9b05949b-b31f-405d-ba52-ccd55e15e5d4/SCLAMP_EA_Questionaire/Specify_Maize_Variety[1]
Longe 10,Improved,Seed_availability Early_maturity other,Given from the sub county,uuid:cb9fe384-e7e8-4f36-884c-23012a9b77f9,uuid:cb9fe384-e7e8-4f36-884c-23012a9b77f9/SCLAMP_EA_Questionaire/Specify_Maize_Variety[1]
Longe 10,Improved,High_yielding Early_maturity Disease_resistance,,uuid:034dd39d-23d2-421c-b1a8-60fe85e15022,uuid:034dd39d-23d2-421c-b1a8-60fe85e15022/SCLAMP_EA_Questionaire/Specify_Maize_Variety[1]
Local ,Local,Seed_availability,,uuid:64b66d1c-5eea-4132-8419-fe4ac895bd68,uuid:64b66d1c-5eea-4132-8419-fe4ac895bd68/SCLAMP_EA_Questionaire/Specify_Maize_Variety[1]
Longe10 ,Improved,Early_maturity Seed_availability Good_price_,,uuid:4868aa22-5c33-4bb1-b952-d1d9a40d3f8c,uuid:4868aa22-5c33-4bb1-b952-d1d9a40d3f8c/SCLAMP_EA_Questionaire/Specify_Maize_Variety[1]
Kayanda,Improved,Early_maturity High_market_demand High_yielding,,uuid:4868aa22-5c33-4bb1-b952-d1d9a40d3f8c,uuid:4868aa22-5c33-4bb1-b952-d1d9a40d3f8c/SCLAMP_EA_Questionaire/Specify_Maize_Variety[2]
Longe,Improved,High_yielding other,Big grain size,uuid:823b19c4-4a86-42bc-bf88-82e824c06546,uuid:823b19c4-4a86-42bc-bf88-82e824c06546/SCLAMP_EA_Questionaire/Specify_Maize_Variety[1]
Longe 5,Local,,,uuid:d638fc3e-a07a-4aa8-a251-d35f2721fe8b,uuid:d638fc3e-a07a-4aa8-a251-d35f2721fe8b/SCLAMP_EA_Questionaire/Specify_Maize_Variety[1]
Longe 5,Improved,High_yielding Early_maturity,,uuid:9340185b-fae5-42a0-81c8-45ef3f519c1b,uuid:9340185b-fae5-42a0-81c8-45ef3f519c1b/SCLAMP_EA_Questionaire/Specify_Maize_Variety[1]
Omweru,Local,Disease_resistance Insect_pest_resistance Drought_tolerance,,uuid:a1f01dba-b7db-4c61-9e6b-5a36ba9eca0b,uuid:a1f01dba-b7db-4c61-9e6b-5a36ba9eca0b/SCLAMP_EA_Questionaire/Specify_Maize_Variety[1]
Local,Improved,Seed_availability,,uuid:854617f7-6615-447e-8482-3aacea4981b1,uuid:854617f7-6615-447e-8482-3aacea4981b1/SCLAMP_EA_Questionaire/Specify_Maize_Variety[1]
Bazuka,Improved,High_yielding Disease_resistance Early_maturity,,uuid:3c611499-021b-49f1-bbc1-7c1b21db8a8c,uuid:3c611499-021b-49f1-bbc1-7c1b21db8a8c/SCLAMP_EA_Questionaire/Specify_Maize_Variety[1]
Local,Improved,Seed_availability,,uuid:b9551ab0-0467-48a8-aa91-611dc65f5a77,uuid:b9551ab0-0467-48a8-aa91-611dc65f5a77/SCLAMP_EA_Questionaire/Specify_Maize_Variety[1]
Longe10,Improved,other Early_maturity High_yielding,Heavy grains,uuid:be1a5f69-18ae-42cb-a598-205ca08f3c60,uuid:be1a5f69-18ae-42cb-a598-205ca08f3c60/SCLAMP_EA_Questionaire/Specify_Maize_Variety[1]
Local,Local,other Early_maturity,Heavy,uuid:ddb9a876-1be6-4949-bc16-2883a09c32cb,uuid:ddb9a876-1be6-4949-bc16-2883a09c32cb/SCLAMP_EA_Questionaire/Specify_Maize_Variety[1]
Longe 10,Improved,Good_price_ High_yielding Drought_tolerance,,uuid:e0914409-b489-41f0-b23a-56e2cf00b20f,uuid:e0914409-b489-41f0-b23a-56e2cf00b20f/SCLAMP_EA_Questionaire/Specify_Maize_Variety[1]
Longe5,Improved,High_yielding,,uuid:31db2250-5242-465d-8b42-589aa9703d7e,uuid:31db2250-5242-465d-8b42-589aa9703d7e/SCLAMP_EA_Questionaire/Specify_Maize_Variety[1]
Longe10 ,Local,Seed_availability High_yielding Good_taste,,uuid:a773bc95-53fc-4f21-8bbc-e14eff96e268,uuid:a773bc95-53fc-4f21-8bbc-e14eff96e268/SCLAMP_EA_Questionaire/Specify_Maize_Variety[1]
Local,Local,Seed_availability,,uuid:3845d444-8001-4525-be2c-9d1bdc7057d6,uuid:3845d444-8001-4525-be2c-9d1bdc7057d6/SCLAMP_EA_Questionaire/Specify_Maize_Variety[1]
MM3,Improved,Early_maturity Drought_tolerance,,uuid:c02a1732-25c3-409b-a2b8-fd92dd5cabaf,uuid:c02a1732-25c3-409b-a2b8-fd92dd5cabaf/SCLAMP_EA_Questionaire/Specify_Maize_Variety[1]
Longe 5,Improved,Drought_tolerance other,Can withstand strong winds and rains,uuid:46fc2f07-9bd0-4b75-956a-291b7615e896,uuid:46fc2f07-9bd0-4b75-956a-291b7615e896/SCLAMP_EA_Questionaire/Specify_Maize_Variety[1]
Longe 5,Improved,Insect_pest_resistance,,uuid:1bfdb3e2-a6f2-4daf-95a6-1246c02b46c9,uuid:1bfdb3e2-a6f2-4daf-95a6-1246c02b46c9/SCLAMP_EA_Questionaire/Specify_Maize_Variety[1]
Local,Local,Seed_availability,,uuid:07ee9afc-447f-4c3f-9d7c-63f57869d949,uuid:07ee9afc-447f-4c3f-9d7c-63f57869d949/SCLAMP_EA_Questionaire/Specify_Maize_Variety[1]
Longe 10,Improved,Early_maturity High_yielding,,uuid:53e2f3d8-9d93-47fc-a22f-ce61c0fa25ca,uuid:53e2f3d8-9d93-47fc-a22f-ce61c0fa25ca/SCLAMP_EA_Questionaire/Specify_Maize_Variety[1]
Longe 5,Improved,High_yielding Early_maturity Good_taste,,uuid:983b9ac5-bbc8-43f4-b8e3-b638fb65b99c,uuid:983b9ac5-bbc8-43f4-b8e3-b638fb65b99c/SCLAMP_EA_Questionaire/Specify_Maize_Variety[1]
,Local,High_yielding High_market_demand Seed_availability Good_price_,,uuid:c719d895-cab8-46f5-b221-7974f040a92f,uuid:c719d895-cab8-46f5-b221-7974f040a92f/SCLAMP_EA_Questionaire/Specify_Maize_Variety[1]
DK,Improved,High_yielding Early_maturity other,Big grains,uuid:e699e0c1-d33a-46c1-b4f6-9cba00fa8359,uuid:e699e0c1-d33a-46c1-b4f6-9cba00fa8359/SCLAMP_EA_Questionaire/Specify_Maize_Variety[1]
Longe 10,Improved,other High_yielding Good_taste,Heavy seeds,uuid:e699e0c1-d33a-46c1-b4f6-9cba00fa8359,uuid:e699e0c1-d33a-46c1-b4f6-9cba00fa8359/SCLAMP_EA_Questionaire/Specify_Maize_Variety[2]
Kayongo go,Improved,Seed_availability other,I wanted to confirm if it can resist infestation of striga,uuid:b4d52370-d1f0-464e-a3e6-37ac3186d773,uuid:b4d52370-d1f0-464e-a3e6-37ac3186d773/SCLAMP_EA_Questionaire/Specify_Maize_Variety[1]
Bazuka,Improved,High_yielding other,Its always heavy at weighing  during sale,uuid:b4d52370-d1f0-464e-a3e6-37ac3186d773,uuid:b4d52370-d1f0-464e-a3e6-37ac3186d773/SCLAMP_EA_Questionaire/Specify_Maize_Variety[2]
I don't know the names,Local,Seed_availability other,No money to buy,uuid:46c78423-8a2f-4fa0-8726-cf4bb3922974,uuid:46c78423-8a2f-4fa0-8726-cf4bb3922974/SCLAMP_EA_Questionaire/Specify_Maize_Variety[1]
Longe 10,Improved,High_yielding Seed_availability Drought_tolerance Disease_resistance Early_maturity Insect_pest_resistance other,Was given by FH,uuid:d5a2921d-f23c-4589-ac93-325beefa9f23,uuid:d5a2921d-f23c-4589-ac93-325beefa9f23/SCLAMP_EA_Questionaire/Specify_Maize_Variety[1]
Local breeds from my harvests,Local,Seed_availability,,uuid:99695b6e-706e-46f2-8da7-61df87c7b7d3,uuid:99695b6e-706e-46f2-8da7-61df87c7b7d3/SCLAMP_EA_Questionaire/Specify_Maize_Variety[1]
Longe 10,Improved,High_yielding Early_maturity,,uuid:84c6c6fa-8c01-4304-b791-a52cc87ef860,uuid:84c6c6fa-8c01-4304-b791-a52cc87ef860/SCLAMP_EA_Questionaire/Specify_Maize_Variety[1]
Bazuka,Improved,other High_yielding,Heavy at sale,uuid:84c6c6fa-8c01-4304-b791-a52cc87ef860,uuid:84c6c6fa-8c01-4304-b791-a52cc87ef860/SCLAMP_EA_Questionaire/Specify_Maize_Variety[2]
Longe 10,Improved,High_yielding other,Resistant to striga,uuid:d394be21-da52-4a1d-8b99-1d236c40d072,uuid:d394be21-da52-4a1d-8b99-1d236c40d072/SCLAMP_EA_Questionaire/Specify_Maize_Variety[1]
1,Improved,other Seed_availability,Wanted to try out the new type by FH,uuid:ff1731b0-a0b3-47c6-a78f-202554b71171,uuid:ff1731b0-a0b3-47c6-a78f-202554b71171/SCLAMP_EA_Questionaire/Specify_Maize_Variety[1]
Longe 10,Improved,High_yielding other Drought_tolerance,It weighs heavy at sale,uuid:70e9b71c-5419-4c1b-80af-5996633daaf1,uuid:70e9b71c-5419-4c1b-80af-5996633daaf1/SCLAMP_EA_Questionaire/Specify_Maize_Variety[1]
Longe,Improved,High_yielding,,uuid:030d8a49-f5f4-4bc4-9958-9e31027b467f,uuid:030d8a49-f5f4-4bc4-9958-9e31027b467f/SCLAMP_EA_Questionaire/Specify_Maize_Variety[1]
Local from my previous Yields,Local,Seed_availability other,I don't have money to buy better improved seeds,uuid:0a89bfd8-f993-4e90-ad09-7f98553d504c,uuid:0a89bfd8-f993-4e90-ad09-7f98553d504c/SCLAMP_EA_Questionaire/Specify_Maize_Variety[1]
Old species from previous yields,Local,Seed_availability other,No money to buy improved seeds,uuid:ceadf86c-a040-4eac-9ab0-56fc4b9352cd,uuid:ceadf86c-a040-4eac-9ab0-56fc4b9352cd/SCLAMP_EA_Questionaire/Specify_Maize_Variety[1]
,,,,uuid:ceadf86c-a040-4eac-9ab0-56fc4b9352cd,uuid:ceadf86c-a040-4eac-9ab0-56fc4b9352cd/SCLAMP_EA_Questionaire/Specify_Maize_Variety[2]
Longe 10,Improved,High_yielding,,uuid:5f7c94f8-ab1d-474f-8970-8054d1f507bc,uuid:5f7c94f8-ab1d-474f-8970-8054d1f507bc/SCLAMP_EA_Questionaire/Specify_Maize_Variety[1]
Longe 5,Improved,other Seed_availability,Was just given by FH,uuid:5f7c94f8-ab1d-474f-8970-8054d1f507bc,uuid:5f7c94f8-ab1d-474f-8970-8054d1f507bc/SCLAMP_EA_Questionaire/Specify_Maize_Variety[2]
Longe 5,Improved,High_yielding Early_maturity,,uuid:837e9c33-931e-49a9-a9a0-f9fcfa69a0ce,uuid:837e9c33-931e-49a9-a9a0-f9fcfa69a0ce/SCLAMP_EA_Questionaire/Specify_Maize_Variety[1]
Longe 5,Improved,Disease_resistance High_yielding Early_maturity,,uuid:38c6d19f-7251-44ba-956e-b2c8f26b6631,uuid:38c6d19f-7251-44ba-956e-b2c8f26b6631/SCLAMP_EA_Questionaire/Specify_Maize_Variety[1]
Longe 10,Improved,High_yielding Early_maturity,,uuid:38c6d19f-7251-44ba-956e-b2c8f26b6631,uuid:38c6d19f-7251-44ba-956e-b2c8f26b6631/SCLAMP_EA_Questionaire/Specify_Maize_Variety[2]
Bazuka,Improved,High_yielding Seed_availability other Good_taste,"Its heavy at weighing while selloff.,",uuid:6f5d5f3c-02f6-4401-8c83-fc146b370346,uuid:6f5d5f3c-02f6-4401-8c83-fc146b370346/SCLAMP_EA_Questionaire/Specify_Maize_Variety[1]
Longe 5,Improved,Early_maturity High_yielding Drought_tolerance other,Doesn't grow so tall thus not affected by the wind,uuid:2ec6dfb6-70a6-4eb3-b236-a476fd0957a5,uuid:2ec6dfb6-70a6-4eb3-b236-a476fd0957a5/SCLAMP_EA_Questionaire/Specify_Maize_Variety[1]
DK,Improved,High_yielding Early_maturity Drought_tolerance,,uuid:fa12ec53-8967-46ae-a923-ea00a4d0ad4e,uuid:fa12ec53-8967-46ae-a923-ea00a4d0ad4e/SCLAMP_EA_Questionaire/Specify_Maize_Variety[1]
DK ,Improved,Seed_availability other High_yielding Good_taste,My husband prefers this type,uuid:c46fb1a7-8005-4bda-bd14-3c2c8627f3ab,uuid:c46fb1a7-8005-4bda-bd14-3c2c8627f3ab/SCLAMP_EA_Questionaire/Specify_Maize_Variety[1]
Longe 10,Improved,High_yielding Early_maturity Drought_tolerance Seed_availability,,uuid:1c9ae9ae-fc95-4bc7-9140-1ca04b1d2e27,uuid:1c9ae9ae-fc95-4bc7-9140-1ca04b1d2e27/SCLAMP_EA_Questionaire/Specify_Maize_Variety[1]
Longe 5,Improved,Seed_availability other,"I was given by FH bpsinve a, a lead farmer",uuid:1c9ae9ae-fc95-4bc7-9140-1ca04b1d2e27,uuid:1c9ae9ae-fc95-4bc7-9140-1ca04b1d2e27/SCLAMP_EA_Questionaire/Specify_Maize_Variety[2]
Seeds from my previous harvests,Local,Seed_availability other,I don't have money to buy better seeds,uuid:3ee3b645-31e7-4d89-a46e-e65a0684e7d0,uuid:3ee3b645-31e7-4d89-a46e-e65a0684e7d0/SCLAMP_EA_Questionaire/Specify_Maize_Variety[1]
DK,Improved,Disease_resistance Insect_pest_resistance Drought_tolerance High_yielding other,Generally weighs heavy at sale,uuid:a00dfb83-c3b4-4037-8458-945ea65878be,uuid:a00dfb83-c3b4-4037-8458-945ea65878be/SCLAMP_EA_Questionaire/Specify_Maize_Variety[1]
DK,Improved,High_yielding Drought_tolerance other Good_taste Early_maturity,It has good weight at sell,uuid:7457a72b-9522-46f5-9921-3320b7f78865,uuid:7457a72b-9522-46f5-9921-3320b7f78865/SCLAMP_EA_Questionaire/Specify_Maize_Variety[1]
Longe 5,Improved,High_yielding,,uuid:58225dc1-7aaf-4473-b2c6-9d6974a5d13f,uuid:58225dc1-7aaf-4473-b2c6-9d6974a5d13f/SCLAMP_EA_Questionaire/Specify_Maize_Variety[1]
DK,Improved,High_yielding Seed_availability other,Wanted to try out DK,uuid:58225dc1-7aaf-4473-b2c6-9d6974a5d13f,uuid:58225dc1-7aaf-4473-b2c6-9d6974a5d13f/SCLAMP_EA_Questionaire/Specify_Maize_Variety[2]
Longe  10,Improved,Early_maturity other High_yielding,Resistant to striga,uuid:fe59bec3-195c-4326-b4d7-4b76831d6f2c,uuid:fe59bec3-195c-4326-b4d7-4b76831d6f2c/SCLAMP_EA_Questionaire/Specify_Maize_Variety[1]
"I don't know,  was given by FH",Improved,Seed_availability other,Wanted to try out the new type by FH,uuid:5ae5de58-3272-4966-950a-79d4527fd7d4,uuid:5ae5de58-3272-4966-950a-79d4527fd7d4/SCLAMP_EA_Questionaire/Specify_Maize_Variety[1]
Kiboko,Improved,Seed_availability other,It's the type that my husband bought,uuid:4a751ffc-435f-49d7-a944-96491220b319,uuid:4a751ffc-435f-49d7-a944-96491220b319/SCLAMP_EA_Questionaire/Specify_Maize_Variety[1]
,,,,uuid:4a751ffc-435f-49d7-a944-96491220b319,uuid:4a751ffc-435f-49d7-a944-96491220b319/SCLAMP_EA_Questionaire/Specify_Maize_Variety[2]
local from my previous  yields ,Local,Seed_availability other,No money to buy improved seeds ,uuid:993ca46e-1e60-4c0d-aa3e-42095d6a8e61,uuid:993ca46e-1e60-4c0d-aa3e-42095d6a8e61/SCLAMP_EA_Questionaire/Specify_Maize_Variety[1]
DK,Improved,High_yielding Disease_resistance Drought_tolerance Early_maturity,,uuid:fc04161f-6c14-4561-991d-9f7e796089df,uuid:fc04161f-6c14-4561-991d-9f7e796089df/SCLAMP_EA_Questionaire/Specify_Maize_Variety[1]
Longe 10,Improved,High_yielding Early_maturity other,Generally heavy,uuid:06d89973-abf7-47fe-9a69-29e068f2b15c,uuid:06d89973-abf7-47fe-9a69-29e068f2b15c/SCLAMP_EA_Questionaire/Specify_Maize_Variety[1]
Longe 4,Improved,Early_maturity High_yielding,,uuid:06d89973-abf7-47fe-9a69-29e068f2b15c,uuid:06d89973-abf7-47fe-9a69-29e068f2b15c/SCLAMP_EA_Questionaire/Specify_Maize_Variety[2]
I don't know the name but I got from my previous yields,Local,Seed_availability other,No money to buy improved seeds,uuid:af626575-606a-4575-9ce0-8a9ae2e0572c,uuid:af626575-606a-4575-9ce0-8a9ae2e0572c/SCLAMP_EA_Questionaire/Specify_Maize_Variety[1]
Local,Local,Insect_pest_resistance Seed_availability,,uuid:5b2febc5-a919-431f-8338-d0d2c2b3e5fa,uuid:5b2febc5-a919-431f-8338-d0d2c2b3e5fa/SCLAMP_EA_Questionaire/Specify_Maize_Variety[1]
Local ,Local,Seed_availability,,uuid:18c81212-d250-4ed9-b949-09aef9cc7ac2,uuid:18c81212-d250-4ed9-b949-09aef9cc7ac2/SCLAMP_EA_Questionaire/Specify_Maize_Variety[1]
Local ,Local,Seed_availability,,uuid:98195436-2c7b-47a3-811c-62ab8ae458b5,uuid:98195436-2c7b-47a3-811c-62ab8ae458b5/SCLAMP_EA_Questionaire/Specify_Maize_Variety[1]
Mawanda,Local,Seed_availability,,uuid:f5d32b35-4090-434b-ba40-394e688fedaf,uuid:f5d32b35-4090-434b-ba40-394e688fedaf/SCLAMP_EA_Questionaire/Specify_Maize_Variety[1]
Bazooka,Improved,Seed_availability,,uuid:3d2c54bf-549b-4f70-87b2-c7cbc84c7297,uuid:3d2c54bf-549b-4f70-87b2-c7cbc84c7297/SCLAMP_EA_Questionaire/Specify_Maize_Variety[1]
DK,Improved,High_yielding Disease_resistance Drought_tolerance Insect_pest_resistance,,uuid:3d2c54bf-549b-4f70-87b2-c7cbc84c7297,uuid:3d2c54bf-549b-4f70-87b2-c7cbc84c7297/SCLAMP_EA_Questionaire/Specify_Maize_Variety[2]
Longe 5,Improved,Seed_availability,,uuid:c557ee51-806f-4fb5-a7c9-fc11f34a1f2d,uuid:c557ee51-806f-4fb5-a7c9-fc11f34a1f2d/SCLAMP_EA_Questionaire/Specify_Maize_Variety[1]
DK,Improved,Drought_tolerance High_yielding Insect_pest_resistance,,uuid:7b2d4946-6b0a-484e-bd9a-400ac1b853a4,uuid:7b2d4946-6b0a-484e-bd9a-400ac1b853a4/SCLAMP_EA_Questionaire/Specify_Maize_Variety[1]
DK,Improved,Disease_resistance Drought_tolerance,,uuid:0b95fa58-f01b-42b5-a393-94dcd76e6de6,uuid:0b95fa58-f01b-42b5-a393-94dcd76e6de6/SCLAMP_EA_Questionaire/Specify_Maize_Variety[1]
Longe  10,Improved,High_yielding Drought_tolerance Insect_pest_resistance,,uuid:8874aac8-aee7-4b45-bec2-5ed795044149,uuid:8874aac8-aee7-4b45-bec2-5ed795044149/SCLAMP_EA_Questionaire/Specify_Maize_Variety[1]
Longe 10,Improved,High_yielding,,uuid:7e147c61-6742-4dee-90c5-c1bdd7d0414b,uuid:7e147c61-6742-4dee-90c5-c1bdd7d0414b/SCLAMP_EA_Questionaire/Specify_Maize_Variety[1]
Local,Local,Seed_availability,,uuid:8f7c3c4e-c50e-45e3-b5e4-0e36369ab784,uuid:8f7c3c4e-c50e-45e3-b5e4-0e36369ab784/SCLAMP_EA_Questionaire/Specify_Maize_Variety[1]
Longe 10,Improved,High_yielding Early_maturity,,uuid:3cd09f51-5ec4-4ba2-b2c6-e0d8509cb44e,uuid:3cd09f51-5ec4-4ba2-b2c6-e0d8509cb44e/SCLAMP_EA_Questionaire/Specify_Maize_Variety[1]
Bazooka,Improved,Insect_pest_resistance Drought_tolerance High_yielding,,uuid:3cd09f51-5ec4-4ba2-b2c6-e0d8509cb44e,uuid:3cd09f51-5ec4-4ba2-b2c6-e0d8509cb44e/SCLAMP_EA_Questionaire/Specify_Maize_Variety[2]
DK,Improved,Drought_tolerance High_yielding Insect_pest_resistance,,uuid:d2b31eaa-9886-447e-a4d0-9936245e7115,uuid:d2b31eaa-9886-447e-a4d0-9936245e7115/SCLAMP_EA_Questionaire/Specify_Maize_Variety[1]
Longe10,Improved,High_yielding,,uuid:67e229e9-b75d-469d-a9b3-15b1d308d509,uuid:67e229e9-b75d-469d-a9b3-15b1d308d509/SCLAMP_EA_Questionaire/Specify_Maize_Variety[1]
DK,Improved,Insect_pest_resistance High_yielding,,uuid:4dc1c499-0291-43b3-8c60-3343d4a3856d,uuid:4dc1c499-0291-43b3-8c60-3343d4a3856d/SCLAMP_EA_Questionaire/Specify_Maize_Variety[1]
Longe 10,Local,Seed_availability,,uuid:4ae4544e-e61f-4ed8-801a-79a3e13db49e,uuid:4ae4544e-e61f-4ed8-801a-79a3e13db49e/SCLAMP_EA_Questionaire/Specify_Maize_Variety[1]
Kawanda,Local,Seed_availability Drought_tolerance,,uuid:c96ade61-adfe-4e2e-ac90-404988e70e56,uuid:c96ade61-adfe-4e2e-ac90-404988e70e56/SCLAMP_EA_Questionaire/Specify_Maize_Variety[1]
Bazuuka,Improved,High_yielding Drought_tolerance,,uuid:0a194703-9461-4200-a331-a360cf95675a,uuid:0a194703-9461-4200-a331-a360cf95675a/SCLAMP_EA_Questionaire/Specify_Maize_Variety[1]
Longe 10,Improved,Seed_availability,,uuid:9f58b5ff-ef44-4cb2-8353-ef281cb7c4b2,uuid:9f58b5ff-ef44-4cb2-8353-ef281cb7c4b2/SCLAMP_EA_Questionaire/Specify_Maize_Variety[1]
Longe4,Improved,other,Given for free by the government ,uuid:9f58b5ff-ef44-4cb2-8353-ef281cb7c4b2,uuid:9f58b5ff-ef44-4cb2-8353-ef281cb7c4b2/SCLAMP_EA_Questionaire/Specify_Maize_Variety[2]
Longe10 ,Improved,High_yielding Drought_tolerance,,uuid:ac5da897-299a-4897-997a-036ef7a56b0d,uuid:ac5da897-299a-4897-997a-036ef7a56b0d/SCLAMP_EA_Questionaire/Specify_Maize_Variety[1]
Cant remember,Local,other,Other varieties were expensive,uuid:27899f17-cf84-49a1-9db2-cc13aaa3670f,uuid:27899f17-cf84-49a1-9db2-cc13aaa3670f/SCLAMP_EA_Questionaire/Specify_Maize_Variety[1]
Longe 5,Improved,Seed_availability High_yielding Early_maturity,,uuid:724da5aa-aab0-43da-9502-f95ccb8c415a,uuid:724da5aa-aab0-43da-9502-f95ccb8c415a/SCLAMP_EA_Questionaire/Specify_Maize_Variety[1]
Longe 5 ,Local,High_yielding Early_maturity Seed_availability Good_taste,,uuid:a0435873-bee0-4581-af28-5b743ac4b426,uuid:a0435873-bee0-4581-af28-5b743ac4b426/SCLAMP_EA_Questionaire/Specify_Maize_Variety[1]
DK,Improved,High_yielding Early_maturity Good_taste,,uuid:6c58a45c-cd63-4bbc-a61a-04e7056a31a4,uuid:6c58a45c-cd63-4bbc-a61a-04e7056a31a4/SCLAMP_EA_Questionaire/Specify_Maize_Variety[1]
Longe 5,Improved,Good_taste Early_maturity other,Big size,uuid:8714a2e5-9f27-4f34-acbb-e940af910a2e,uuid:8714a2e5-9f27-4f34-acbb-e940af910a2e/SCLAMP_EA_Questionaire/Specify_Maize_Variety[1]
Longe 5,Improved,High_yielding Good_taste Early_maturity,,uuid:269f5244-0539-49d7-8bf5-cb24654149ae,uuid:269f5244-0539-49d7-8bf5-cb24654149ae/SCLAMP_EA_Questionaire/Specify_Maize_Variety[1]
Dk,Improved,Drought_tolerance other Good_taste,Heavy grains,uuid:23977ef8-020f-4fe6-b1dd-367790299f6e,uuid:23977ef8-020f-4fe6-b1dd-367790299f6e/SCLAMP_EA_Questionaire/Specify_Maize_Variety[1]
Longe 2,Improved,High_yielding,,uuid:67c52bae-54d7-48a0-9dd9-60834ed48252,uuid:67c52bae-54d7-48a0-9dd9-60834ed48252/SCLAMP_EA_Questionaire/Specify_Maize_Variety[1]
Local,Local,Seed_availability,,uuid:3aed71f8-615e-4570-9b4d-044205c4ce55,uuid:3aed71f8-615e-4570-9b4d-044205c4ce55/SCLAMP_EA_Questionaire/Specify_Maize_Variety[1]
Longe 2,Improved,Early_maturity,,uuid:2938fc1d-d083-4419-8164-220ee2d7dbcd,uuid:2938fc1d-d083-4419-8164-220ee2d7dbcd/SCLAMP_EA_Questionaire/Specify_Maize_Variety[1]
Longe 5,Improved,High_yielding,,uuid:f20a0cde-6921-4cfc-9190-a09b348e60d2,uuid:f20a0cde-6921-4cfc-9190-a09b348e60d2/SCLAMP_EA_Questionaire/Specify_Maize_Variety[1]
Longe 10,Improved,High_yielding,,uuid:a3ccafb7-a68b-4298-a6fe-d7f31283994b,uuid:a3ccafb7-a68b-4298-a6fe-d7f31283994b/SCLAMP_EA_Questionaire/Specify_Maize_Variety[1]
Recycled longe5,Local,High_yielding Disease_resistance,,uuid:8ab6100b-ab81-4016-9a01-e69d6a41ec8e,uuid:8ab6100b-ab81-4016-9a01-e69d6a41ec8e/SCLAMP_EA_Questionaire/Specify_Maize_Variety[1]
Longe 10,Improved,Drought_tolerance High_yielding Disease_resistance,,uuid:91ebebfd-528a-48cd-89f3-c7ce65d7374c,uuid:91ebebfd-528a-48cd-89f3-c7ce65d7374c/SCLAMP_EA_Questionaire/Specify_Maize_Variety[1]
Bazuka,Improved,High_yielding,,uuid:090b90ee-6284-44d6-a991-e953ffca4e25,uuid:090b90ee-6284-44d6-a991-e953ffca4e25/SCLAMP_EA_Questionaire/Specify_Maize_Variety[1]
Dk,Improved,High_yielding Disease_resistance Drought_tolerance,,uuid:090b90ee-6284-44d6-a991-e953ffca4e25,uuid:090b90ee-6284-44d6-a991-e953ffca4e25/SCLAMP_EA_Questionaire/Specify_Maize_Variety[2]
Longe 10,Improved,High_yielding Disease_resistance,,uuid:e3b86724-7776-48fb-929d-8810761461e6,uuid:e3b86724-7776-48fb-929d-8810761461e6/SCLAMP_EA_Questionaire/Specify_Maize_Variety[1]
Longe 5,Improved,High_yielding Seed_availability Drought_tolerance Good_price_,,uuid:99d4886c-008e-4a38-921e-08eaf8e9173e,uuid:99d4886c-008e-4a38-921e-08eaf8e9173e/SCLAMP_EA_Questionaire/Specify_Maize_Variety[1]
Longe 5,Improved,High_yielding Disease_resistance Early_maturity,,uuid:91042e5f-acf0-4f72-9d3e-1dc0122c1785,uuid:91042e5f-acf0-4f72-9d3e-1dc0122c1785/SCLAMP_EA_Questionaire/Specify_Maize_Variety[1]
Dk,Improved,High_yielding Early_maturity Drought_tolerance,,uuid:91042e5f-acf0-4f72-9d3e-1dc0122c1785,uuid:91042e5f-acf0-4f72-9d3e-1dc0122c1785/SCLAMP_EA_Questionaire/Specify_Maize_Variety[2]
Longe 5,Improved,High_yielding Disease_resistance Drought_tolerance Good_taste,,uuid:1c912811-732d-40f9-8c3b-945efe269ef5,uuid:1c912811-732d-40f9-8c3b-945efe269ef5/SCLAMP_EA_Questionaire/Specify_Maize_Variety[1]
Longe 5,Improved,Disease_resistance Seed_availability,,uuid:ed16eab9-16f2-4df0-8052-54481ac657ed,uuid:ed16eab9-16f2-4df0-8052-54481ac657ed/SCLAMP_EA_Questionaire/Specify_Maize_Variety[1]
Mawalampa,Local,Seed_availability High_yielding,,uuid:ed16eab9-16f2-4df0-8052-54481ac657ed,uuid:ed16eab9-16f2-4df0-8052-54481ac657ed/SCLAMP_EA_Questionaire/Specify_Maize_Variety[2]
Longe two,Improved,Disease_resistance Seed_availability,,uuid:b3b48ada-36b2-4c1b-a59b-507f9cce56a1,uuid:b3b48ada-36b2-4c1b-a59b-507f9cce56a1/SCLAMP_EA_Questionaire/Specify_Maize_Variety[1]
Longe10,Improved,High_yielding Drought_tolerance other,Doesn't easily rot,uuid:bfa64993-2626-43ea-9de0-f2ff80e83467,uuid:bfa64993-2626-43ea-9de0-f2ff80e83467/SCLAMP_EA_Questionaire/Specify_Maize_Variety[1]
Bazuka,Improved,High_yielding Drought_tolerance other,Puts on big maize grains,uuid:070eb28e-6b24-406f-93f0-59693e9ff69c,uuid:070eb28e-6b24-406f-93f0-59693e9ff69c/SCLAMP_EA_Questionaire/Specify_Maize_Variety[1]
Longe10 ,Improved,Seed_availability Drought_tolerance,,uuid:0fb487ff-88ea-4e37-a2db-c9462a2c0ae5,uuid:0fb487ff-88ea-4e37-a2db-c9462a2c0ae5/SCLAMP_EA_Questionaire/Specify_Maize_Variety[1]
Longe 10,Local,Seed_availability Good_taste,,uuid:8b6c125a-5cd1-455e-b5e4-b8c7bc85f088,uuid:8b6c125a-5cd1-455e-b5e4-b8c7bc85f088/SCLAMP_EA_Questionaire/Specify_Maize_Variety[1]
Longe 10,Local,Seed_availability other,Not expensive,uuid:8a2e2b8d-4b7e-4492-b829-7c7167bcae4c,uuid:8a2e2b8d-4b7e-4492-b829-7c7167bcae4c/SCLAMP_EA_Questionaire/Specify_Maize_Variety[1]
Doesn't know the name,Local,Seed_availability other,Never had money to buy improved seeds,uuid:9a2bb3af-05be-45f2-bf3b-a0ac1f0ed694,uuid:9a2bb3af-05be-45f2-bf3b-a0ac1f0ed694/SCLAMP_EA_Questionaire/Specify_Maize_Variety[1]
Longe 10,Local,Seed_availability,,uuid:e54be10e-9363-49d3-9050-7cd4d21b6fe5,uuid:e54be10e-9363-49d3-9050-7cd4d21b6fe5/SCLAMP_EA_Questionaire/Specify_Maize_Variety[1]
Musoga,Local,High_yielding Good_taste other,Shortage of capital,uuid:88ce6a0e-ffbc-493c-90d0-38b0983a59fa,uuid:88ce6a0e-ffbc-493c-90d0-38b0983a59fa/SCLAMP_EA_Questionaire/Specify_Maize_Variety[1]
Longe 10,Local,other Early_maturity Good_taste,Heavy,uuid:e5e76e2b-659a-4689-98ba-bcd849a20e01,uuid:e5e76e2b-659a-4689-98ba-bcd849a20e01/SCLAMP_EA_Questionaire/Specify_Maize_Variety[1]
Muboga,Local,Seed_availability Good_taste Easy_preparation,,uuid:40a23965-2f8c-4421-adf0-636a4feadb56,uuid:40a23965-2f8c-4421-adf0-636a4feadb56/SCLAMP_EA_Questionaire/Specify_Maize_Variety[1]
Dk,Local,Seed_availability High_yielding Early_maturity,,uuid:2f718564-83ec-499c-80ba-ce222d6f7bb4,uuid:2f718564-83ec-499c-80ba-ce222d6f7bb4/SCLAMP_EA_Questionaire/Specify_Maize_Variety[1]
DK,Improved,High_yielding Insect_pest_resistance Early_maturity,,uuid:b7e7019d-45f4-4c3f-8a96-4d4440905ba8,uuid:b7e7019d-45f4-4c3f-8a96-4d4440905ba8/SCLAMP_EA_Questionaire/Specify_Maize_Variety[1]
Musoga,Local,Drought_tolerance Insect_pest_resistance other,Heavy,uuid:357c98f1-9062-48e8-94ca-f6021bf43a00,uuid:357c98f1-9062-48e8-94ca-f6021bf43a00/SCLAMP_EA_Questionaire/Specify_Maize_Variety[1]
Longe 5,Improved,High_yielding Early_maturity other,Looks good,uuid:a55b28c6-9bbc-41b1-b657-d05c3cd4cb78,uuid:a55b28c6-9bbc-41b1-b657-d05c3cd4cb78/SCLAMP_EA_Questionaire/Specify_Maize_Variety[1]
Longe 10,Improved,Good_taste,,uuid:fba9859a-2d82-4e50-a132-c51423e92138,uuid:fba9859a-2d82-4e50-a132-c51423e92138/SCLAMP_EA_Questionaire/Specify_Maize_Variety[1]
Local,Local,High_yielding,,uuid:a462c631-cc91-4c58-90c5-ff0d1b4d3aac,uuid:a462c631-cc91-4c58-90c5-ff0d1b4d3aac/SCLAMP_EA_Questionaire/Specify_Maize_Variety[1]
Longe 10,Improved,High_yielding other,Heavy grains ,uuid:ffb99610-52f8-42d6-ab8d-6aec84278a97,uuid:ffb99610-52f8-42d6-ab8d-6aec84278a97/SCLAMP_EA_Questionaire/Specify_Maize_Variety[1]
Bazuka,Improved,High_yielding,,uuid:0338b47b-e685-4047-b210-cb2ff000db4c,uuid:0338b47b-e685-4047-b210-cb2ff000db4c/SCLAMP_EA_Questionaire/Specify_Maize_Variety[1]
Local,Local,Seed_availability,,uuid:a94c4186-553f-42da-b7d5-a66cce3b0458,uuid:a94c4186-553f-42da-b7d5-a66cce3b0458/SCLAMP_EA_Questionaire/Specify_Maize_Variety[1]
Local,Local,High_yielding,,uuid:a0015b82-7837-4c6f-86ba-df11c0e13cad,uuid:a0015b82-7837-4c6f-86ba-df11c0e13cad/SCLAMP_EA_Questionaire/Specify_Maize_Variety[1]
Local,Local,Seed_availability,,uuid:c838e643-a3e0-4ef7-8487-33c1497a790f,uuid:c838e643-a3e0-4ef7-8487-33c1497a790f/SCLAMP_EA_Questionaire/Specify_Maize_Variety[1]
Longe 10,Improved,other High_yielding,Heavy grains,uuid:c5042384-df41-497d-b113-6061d7c9dce1,uuid:c5042384-df41-497d-b113-6061d7c9dce1/SCLAMP_EA_Questionaire/Specify_Maize_Variety[1]
Dk,Improved,Early_maturity,,uuid:7606408a-7fff-4fca-a9da-6a5f16856ea9,uuid:7606408a-7fff-4fca-a9da-6a5f16856ea9/SCLAMP_EA_Questionaire/Specify_Maize_Variety[1]
,,,,uuid:192fe43f-7a13-4cc6-9f2e-a2a6971380b6,uuid:192fe43f-7a13-4cc6-9f2e-a2a6971380b6/SCLAMP_EA_Questionaire/Specify_Maize_Variety[1]
Local,Local,Seed_availability,,uuid:b02b0755-fc25-4a93-8ab5-0680976567a1,uuid:b02b0755-fc25-4a93-8ab5-0680976567a1/SCLAMP_EA_Questionaire/Specify_Maize_Variety[1]
Longe10 ,Improved,Early_maturity other,Heavy,uuid:e1b876cd-fbb8-4c2f-aafa-ff24ba6340d4,uuid:e1b876cd-fbb8-4c2f-aafa-ff24ba6340d4/SCLAMP_EA_Questionaire/Specify_Maize_Variety[1]
Local,Local,Seed_availability,,uuid:8ad67238-b7d7-435b-a949-40cbc5402d79,uuid:8ad67238-b7d7-435b-a949-40cbc5402d79/SCLAMP_EA_Questionaire/Specify_Maize_Variety[1]
D.k,Improved,Early_maturity Good_taste,,uuid:ea229d4f-9ac3-4cf5-8b27-bcb72333a97c,uuid:ea229d4f-9ac3-4cf5-8b27-bcb72333a97c/SCLAMP_EA_Questionaire/Specify_Maize_Variety[1]
D.k,Improved,other Drought_tolerance,Heavy grain,uuid:fc2c8191-ea53-4fcb-8b2a-7417de3dd844,uuid:fc2c8191-ea53-4fcb-8b2a-7417de3dd844/SCLAMP_EA_Questionaire/Specify_Maize_Variety[1]
Local ,Local,Seed_availability,,uuid:399f5648-1717-4bd5-915d-d14945503c52,uuid:399f5648-1717-4bd5-915d-d14945503c52/SCLAMP_EA_Questionaire/Specify_Maize_Variety[1]
Longe5,Improved,Early_maturity,,uuid:b0a54d36-3d01-4011-8dc4-e6d2fcc8383e,uuid:b0a54d36-3d01-4011-8dc4-e6d2fcc8383e/SCLAMP_EA_Questionaire/Specify_Maize_Variety[1]
Kayongo Go,Improved,other,Free seed,uuid:b0a54d36-3d01-4011-8dc4-e6d2fcc8383e,uuid:b0a54d36-3d01-4011-8dc4-e6d2fcc8383e/SCLAMP_EA_Questionaire/Specify_Maize_Variety[2]
Longe10,Improved,Early_maturity High_yielding,,uuid:1e4e60cd-111b-4ef5-9730-cfa7e59b97a4,uuid:1e4e60cd-111b-4ef5-9730-cfa7e59b97a4/SCLAMP_EA_Questionaire/Specify_Maize_Variety[1]
Local,Local,Seed_availability,,uuid:01385028-0559-4e7c-8fe3-75a26ca60907,uuid:01385028-0559-4e7c-8fe3-75a26ca60907/SCLAMP_EA_Questionaire/Specify_Maize_Variety[1]
Local ,Local,Seed_availability,,uuid:fbdd77d7-1f73-4f36-8298-92e97bef54e5,uuid:fbdd77d7-1f73-4f36-8298-92e97bef54e5/SCLAMP_EA_Questionaire/Specify_Maize_Variety[1]
Longe10 ,Improved,Drought_tolerance High_yielding Insect_pest_resistance,,uuid:12608c54-abdb-442e-9874-f8a480f3554c,uuid:12608c54-abdb-442e-9874-f8a480f3554c/SCLAMP_EA_Questionaire/Specify_Maize_Variety[1]
Mawalampa,Local,Seed_availability,,uuid:871c04d8-aeb3-4e6a-b3e0-cfde6dae3a8a,uuid:871c04d8-aeb3-4e6a-b3e0-cfde6dae3a8a/SCLAMP_EA_Questionaire/Specify_Maize_Variety[1]
Longe10,Improved,Drought_tolerance High_yielding,,uuid:5acdb267-68c9-4b85-97f5-bb1579bd87a4,uuid:5acdb267-68c9-4b85-97f5-bb1579bd87a4/SCLAMP_EA_Questionaire/Specify_Maize_Variety[1]
Longe,Improved,other,Free seed,uuid:1bf4e1f4-1c3b-47a4-9889-57aa54207e0e,uuid:1bf4e1f4-1c3b-47a4-9889-57aa54207e0e/SCLAMP_EA_Questionaire/Specify_Maize_Variety[1]
Local,Local,Seed_availability,,uuid:8f227f55-8816-4493-a646-57e0daf307e6,uuid:8f227f55-8816-4493-a646-57e0daf307e6/SCLAMP_EA_Questionaire/Specify_Maize_Variety[1]
Longe10,Improved,High_yielding,,uuid:3e002f74-407c-4805-be85-dddc1b48217a,uuid:3e002f74-407c-4805-be85-dddc1b48217a/SCLAMP_EA_Questionaire/Specify_Maize_Variety[1]
Longe5,Improved,Disease_resistance Insect_pest_resistance,,uuid:73223edc-2e98-4a5a-92a1-538259a03cb2,uuid:73223edc-2e98-4a5a-92a1-538259a03cb2/SCLAMP_EA_Questionaire/Specify_Maize_Variety[1]
Longe5,Improved,other,Tolerate poor soils,uuid:9ea35354-172a-4dff-b467-c2c1821ba56c,uuid:9ea35354-172a-4dff-b467-c2c1821ba56c/SCLAMP_EA_Questionaire/Specify_Maize_Variety[1]
Longe10,Improved,High_yielding other,Heavy grain,uuid:0ad8722b-76ec-4b04-bb8d-72f96b744be2,uuid:0ad8722b-76ec-4b04-bb8d-72f96b744be2/SCLAMP_EA_Questionaire/Specify_Maize_Variety[1]
Local ,Local,Seed_availability,,uuid:025731bf-12fb-4d84-ba4d-e2f7374f761d,uuid:025731bf-12fb-4d84-ba4d-e2f7374f761d/SCLAMP_EA_Questionaire/Specify_Maize_Variety[1]
Longe2,Improved,other,Low market price,uuid:2db21b0b-5956-4426-afad-185484d5200b,uuid:2db21b0b-5956-4426-afad-185484d5200b/SCLAMP_EA_Questionaire/Specify_Maize_Variety[1]
Local,Local,Seed_availability,,uuid:2e8ae5d7-7afa-48f1-a7e3-eb85797fe045,uuid:2e8ae5d7-7afa-48f1-a7e3-eb85797fe045/SCLAMP_EA_Questionaire/Specify_Maize_Variety[1]
Longe 5,Improved,High_yielding Early_maturity,,uuid:8bafae56-e491-4b11-abe7-067527794a0f,uuid:8bafae56-e491-4b11-abe7-067527794a0f/SCLAMP_EA_Questionaire/Specify_Maize_Variety[1]
Local,Local,Seed_availability other,Good quality,uuid:63282e91-cfb6-4913-9eaf-a904013b92da,uuid:63282e91-cfb6-4913-9eaf-a904013b92da/SCLAMP_EA_Questionaire/Specify_Maize_Variety[1]
Longe 10,Improved,Seed_availability,,uuid:167ff4f1-1ba5-4c12-b5ae-c26e1a185bf5,uuid:167ff4f1-1ba5-4c12-b5ae-c26e1a185bf5/SCLAMP_EA_Questionaire/Specify_Maize_Variety[1]
Longe 10,Improved,High_yielding,,uuid:b75c2d33-8117-485c-8821-26b9c9dc3ec5,uuid:b75c2d33-8117-485c-8821-26b9c9dc3ec5/SCLAMP_EA_Questionaire/Specify_Maize_Variety[1]
Local,Local,Seed_availability,,uuid:363b3b58-7fc0-4142-9cfd-fad5780c18e0,uuid:363b3b58-7fc0-4142-9cfd-fad5780c18e0/SCLAMP_EA_Questionaire/Specify_Maize_Variety[1]
Local,Local,Seed_availability,,uuid:a107c48b-c32c-4ce4-8aec-59cf10b753ad,uuid:a107c48b-c32c-4ce4-8aec-59cf10b753ad/SCLAMP_EA_Questionaire/Specify_Maize_Variety[1]
Local,Local,Seed_availability,,uuid:e16d958f-170c-4826-bc3d-59443bd7b2f7,uuid:e16d958f-170c-4826-bc3d-59443bd7b2f7/SCLAMP_EA_Questionaire/Specify_Maize_Variety[1]
0,Local,other,None,uuid:464c42d2-ffd1-4e3e-89de-807673575262,uuid:464c42d2-ffd1-4e3e-89de-807673575262/SCLAMP_EA_Questionaire/Specify_Maize_Variety[1]
Local ,Local,Seed_availability,,uuid:465409d0-9be8-46a9-9f70-854b46254cec,uuid:465409d0-9be8-46a9-9f70-854b46254cec/SCLAMP_EA_Questionaire/Specify_Maize_Variety[1]
Longe 5,Improved,High_yielding Seed_availability,,uuid:8ea0b9ce-9774-4909-b25c-6b5f0a5810c0,uuid:8ea0b9ce-9774-4909-b25c-6b5f0a5810c0/SCLAMP_EA_Questionaire/Specify_Maize_Variety[1]
Local,Local,Seed_availability,,uuid:b3b082a5-59da-41cd-aea0-822da0d108ac,uuid:b3b082a5-59da-41cd-aea0-822da0d108ac/SCLAMP_EA_Questionaire/Specify_Maize_Variety[1]
Bazooka,Improved,High_yielding Disease_resistance High_market_demand Drought_tolerance,,uuid:1b699bb9-f89c-41ee-92fb-d24235bee633,uuid:1b699bb9-f89c-41ee-92fb-d24235bee633/SCLAMP_EA_Questionaire/Specify_Maize_Variety[1]
Omweru,Local,Seed_availability Early_maturity Good_taste,,uuid:c965210e-f0cf-476b-9b1e-a2398f44c2d6,uuid:c965210e-f0cf-476b-9b1e-a2398f44c2d6/SCLAMP_EA_Questionaire/Specify_Maize_Variety[1]
Longe 5,Improved,Early_maturity Drought_tolerance Disease_resistance,,uuid:501eb22c-da4d-4cdc-b1a1-d4b1ba8e6360,uuid:501eb22c-da4d-4cdc-b1a1-d4b1ba8e6360/SCLAMP_EA_Questionaire/Specify_Maize_Variety[1]
Longe10,Improved,High_yielding Early_maturity other,Heavy,uuid:501eb22c-da4d-4cdc-b1a1-d4b1ba8e6360,uuid:501eb22c-da4d-4cdc-b1a1-d4b1ba8e6360/SCLAMP_EA_Questionaire/Specify_Maize_Variety[2]
Red and big seeds,Local,High_yielding Good_taste Insect_pest_resistance,,uuid:79587701-697d-4d61-b3c5-5764215c892e,uuid:79587701-697d-4d61-b3c5-5764215c892e/SCLAMP_EA_Questionaire/Specify_Maize_Variety[1]
Mumyusu,Local,High_yielding other Early_maturity Seed_availability,Grows big,uuid:00c1f00d-1f57-4ceb-b8be-7c11ce98db62,uuid:00c1f00d-1f57-4ceb-b8be-7c11ce98db62/SCLAMP_EA_Questionaire/Specify_Maize_Variety[1]
Longe 5,Improved,High_yielding Disease_resistance Early_maturity,,uuid:265d85a0-f44c-4db3-9eba-fde2e0e9bd4a,uuid:265d85a0-f44c-4db3-9eba-fde2e0e9bd4a/SCLAMP_EA_Questionaire/Specify_Maize_Variety[1]
Longe 10,Improved,High_yielding Early_maturity other,Big grains,uuid:2cca7dc6-061e-4681-9731-037873aba279,uuid:2cca7dc6-061e-4681-9731-037873aba279/SCLAMP_EA_Questionaire/Specify_Maize_Variety[1]
Bazuka,Improved,High_yielding,,uuid:173de4a3-5266-4140-87c1-6d88e2a47675,uuid:173de4a3-5266-4140-87c1-6d88e2a47675/SCLAMP_EA_Questionaire/Specify_Maize_Variety[1]
Longe 5,Local,Seed_availability,,uuid:04b1de55-4612-4637-abe2-2f9a59ffd903,uuid:04b1de55-4612-4637-abe2-2f9a59ffd903/SCLAMP_EA_Questionaire/Specify_Maize_Variety[1]
Longe 5,Improved,High_yielding,,uuid:f4f9b17b-57c3-4ae3-be4d-f056a3921e4b,uuid:f4f9b17b-57c3-4ae3-be4d-f056a3921e4b/SCLAMP_EA_Questionaire/Specify_Maize_Variety[1]
Can't remember ,Local,Seed_availability Good_taste,,uuid:13e7043b-4c4f-43be-87fe-2c1e2a589eb0,uuid:13e7043b-4c4f-43be-87fe-2c1e2a589eb0/SCLAMP_EA_Questionaire/Specify_Maize_Variety[1]
Bazuka,Improved,Drought_tolerance,,uuid:b015ca0d-d4fe-4e14-a86c-31ff1b59d005,uuid:b015ca0d-d4fe-4e14-a86c-31ff1b59d005/SCLAMP_EA_Questionaire/Specify_Maize_Variety[1]
Local,Local,Seed_availability,,uuid:587c5dd5-2a7f-4847-83ea-68a4bb301056,uuid:587c5dd5-2a7f-4847-83ea-68a4bb301056/SCLAMP_EA_Questionaire/Specify_Maize_Variety[1]
,,,,uuid:e3cdd302-612e-43f1-b314-d16ae0203559,uuid:e3cdd302-612e-43f1-b314-d16ae0203559/SCLAMP_EA_Questionaire/Specify_Maize_Variety[1]
Bazuka,Improved,High_yielding,,uuid:41eb5bc0-3d94-4b77-a13e-c419df021e79,uuid:41eb5bc0-3d94-4b77-a13e-c419df021e79/SCLAMP_EA_Questionaire/Specify_Maize_Variety[1]
Longe 10,Improved,High_yielding,,uuid:54729e38-076c-452b-9e7d-12d509dcf84b,uuid:54729e38-076c-452b-9e7d-12d509dcf84b/SCLAMP_EA_Questionaire/Specify_Maize_Variety[1]
Kayongo,Improved,Disease_resistance,,uuid:54729e38-076c-452b-9e7d-12d509dcf84b,uuid:54729e38-076c-452b-9e7d-12d509dcf84b/SCLAMP_EA_Questionaire/Specify_Maize_Variety[2]
Longe 2,Improved,Seed_availability,,uuid:bd68435f-87fa-4ae4-867c-4d04276cc6c7,uuid:bd68435f-87fa-4ae4-867c-4d04276cc6c7/SCLAMP_EA_Questionaire/Specify_Maize_Variety[1]
Longe 5,Improved,Seed_availability,,uuid:96d8d923-2fa6-45c7-ad34-daa5a92057c7,uuid:96d8d923-2fa6-45c7-ad34-daa5a92057c7/SCLAMP_EA_Questionaire/Specify_Maize_Variety[1]
Longe 1,Local,Seed_availability,,uuid:34d636da-763f-4455-86c4-5b14d06904d7,uuid:34d636da-763f-4455-86c4-5b14d06904d7/SCLAMP_EA_Questionaire/Specify_Maize_Variety[1]
Longe 5,Improved,Seed_availability,,uuid:3cc2a0e0-7d55-455d-b46d-c3d5be5a7e73,uuid:3cc2a0e0-7d55-455d-b46d-c3d5be5a7e73/SCLAMP_EA_Questionaire/Specify_Maize_Variety[1]
Bazooka,Improved,High_yielding Good_taste Early_maturity,,uuid:423ef76e-4803-4832-af87-de38e6d97a0d,uuid:423ef76e-4803-4832-af87-de38e6d97a0d/SCLAMP_EA_Questionaire/Specify_Maize_Variety[1]
Longe 10,Improved,High_yielding Insect_pest_resistance,,uuid:423ef76e-4803-4832-af87-de38e6d97a0d,uuid:423ef76e-4803-4832-af87-de38e6d97a0d/SCLAMP_EA_Questionaire/Specify_Maize_Variety[2]
Longe 10,Improved,High_yielding Insect_pest_resistance,,uuid:3507a620-cdac-49db-b02a-badd0c7b399e,uuid:3507a620-cdac-49db-b02a-badd0c7b399e/SCLAMP_EA_Questionaire/Specify_Maize_Variety[1]
Longe 10,Improved,High_yielding Insect_pest_resistance,,uuid:a2aa4c0a-6cc2-43f7-972c-86f30290d013,uuid:a2aa4c0a-6cc2-43f7-972c-86f30290d013/SCLAMP_EA_Questionaire/Specify_Maize_Variety[1]
Longe 5,Improved,Seed_availability,,uuid:f799df60-6764-4553-b417-994da0ce80a0,uuid:f799df60-6764-4553-b417-994da0ce80a0/SCLAMP_EA_Questionaire/Specify_Maize_Variety[1]
Longe 5,Improved,High_yielding,,uuid:c7297361-85cf-4cf4-8416-344899beca71,uuid:c7297361-85cf-4cf4-8416-344899beca71/SCLAMP_EA_Questionaire/Specify_Maize_Variety[1]
Longe 10,Improved,High_yielding Insect_pest_resistance,,uuid:3806c404-49ee-4ea5-af32-6838eed8c5ea,uuid:3806c404-49ee-4ea5-af32-6838eed8c5ea/SCLAMP_EA_Questionaire/Specify_Maize_Variety[1]
Local,Local,Seed_availability,,uuid:56d72e10-506c-4f35-9041-15c8b1bc1d7b,uuid:56d72e10-506c-4f35-9041-15c8b1bc1d7b/SCLAMP_EA_Questionaire/Specify_Maize_Variety[1]
Longe 1,Local,Seed_availability,,uuid:8ea3c974-2773-4887-b876-67a06afe9ad0,uuid:8ea3c974-2773-4887-b876-67a06afe9ad0/SCLAMP_EA_Questionaire/Specify_Maize_Variety[1]
Longe 2,Improved,Insect_pest_resistance Good_taste,,uuid:e6805d24-ed14-4724-a2ea-b94dddaaf315,uuid:e6805d24-ed14-4724-a2ea-b94dddaaf315/SCLAMP_EA_Questionaire/Specify_Maize_Variety[1]
Longe 1,Improved,Disease_resistance Good_taste,,uuid:e6805d24-ed14-4724-a2ea-b94dddaaf315,uuid:e6805d24-ed14-4724-a2ea-b94dddaaf315/SCLAMP_EA_Questionaire/Specify_Maize_Variety[2]
Longe 10,Improved,High_yielding Drought_tolerance,,uuid:b76607e5-167a-4bc2-b162-c92fbd835b73,uuid:b76607e5-167a-4bc2-b162-c92fbd835b73/SCLAMP_EA_Questionaire/Specify_Maize_Variety[1]
Dk,Improved,High_yielding Drought_tolerance,,uuid:e98894f1-3d48-4609-9099-c1dab11f0729,uuid:e98894f1-3d48-4609-9099-c1dab11f0729/SCLAMP_EA_Questionaire/Specify_Maize_Variety[1]
Dk,Improved,High_yielding Disease_resistance Drought_tolerance,,uuid:fc736717-778a-49ba-8585-51c9aa4f6e6b,uuid:fc736717-778a-49ba-8585-51c9aa4f6e6b/SCLAMP_EA_Questionaire/Specify_Maize_Variety[1]
Longe 10,Improved,High_yielding Early_maturity,,uuid:c2b9c147-bc78-407a-a3ec-9f8a53778b15,uuid:c2b9c147-bc78-407a-a3ec-9f8a53778b15/SCLAMP_EA_Questionaire/Specify_Maize_Variety[1]
Local,Local,Seed_availability,,uuid:8007fa11-90a1-40d9-ab12-ee7d9dd108cb,uuid:8007fa11-90a1-40d9-ab12-ee7d9dd108cb/SCLAMP_EA_Questionaire/Specify_Maize_Variety[1]
Local,Local,Seed_availability,,uuid:a364b4b1-a577-4607-bdec-8e0eacced241,uuid:a364b4b1-a577-4607-bdec-8e0eacced241/SCLAMP_EA_Questionaire/Specify_Maize_Variety[1]
Longe 5,Improved,Seed_availability,,uuid:a93fc1c7-c528-441b-bae9-a0c8be9a1b06,uuid:a93fc1c7-c528-441b-bae9-a0c8be9a1b06/SCLAMP_EA_Questionaire/Specify_Maize_Variety[1]
Local,Local,Seed_availability,,uuid:6ecfec1c-6701-43f4-b761-4edb796ef73d,uuid:6ecfec1c-6701-43f4-b761-4edb796ef73d/SCLAMP_EA_Questionaire/Specify_Maize_Variety[1]
Local,Local,Seed_availability,,uuid:aff99375-c659-4f5f-855c-4802570d8f51,uuid:aff99375-c659-4f5f-855c-4802570d8f51/SCLAMP_EA_Questionaire/Specify_Maize_Variety[1]
Local,Local,Seed_availability,,uuid:d009f9b4-ea45-45a2-afe0-0610584c9ade,uuid:d009f9b4-ea45-45a2-afe0-0610584c9ade/SCLAMP_EA_Questionaire/Specify_Maize_Variety[1]
Longe 5,Improved,Insect_pest_resistance Drought_tolerance,,uuid:bbbe67e4-6887-4321-9672-ce6e8db09f81,uuid:bbbe67e4-6887-4321-9672-ce6e8db09f81/SCLAMP_EA_Questionaire/Specify_Maize_Variety[1]
Can't remember,Local,Seed_availability,,uuid:50f468c9-961c-46bb-9cee-45b0be89d3f6,uuid:50f468c9-961c-46bb-9cee-45b0be89d3f6/SCLAMP_EA_Questionaire/Specify_Maize_Variety[1]
Longe10,Improved,High_yielding Disease_resistance,,uuid:6a744ca6-83d9-4df7-91f9-77f28ec4a1b0,uuid:6a744ca6-83d9-4df7-91f9-77f28ec4a1b0/SCLAMP_EA_Questionaire/Specify_Maize_Variety[1]
Longe 5,Improved,Good_price_ Early_maturity High_yielding,,uuid:70a8cb2c-691a-448c-8676-eae4e3c8e20a,uuid:70a8cb2c-691a-448c-8676-eae4e3c8e20a/SCLAMP_EA_Questionaire/Specify_Maize_Variety[1]
Longe 5,Improved,High_yielding Early_maturity other,Does not grow tall,uuid:e8527c6e-c7cc-4e97-97b1-27b55e7f7a16,uuid:e8527c6e-c7cc-4e97-97b1-27b55e7f7a16/SCLAMP_EA_Questionaire/Specify_Maize_Variety[1]
Longe10,Improved,High_yielding Early_maturity other,Doesn't grow tall,uuid:e8527c6e-c7cc-4e97-97b1-27b55e7f7a16,uuid:e8527c6e-c7cc-4e97-97b1-27b55e7f7a16/SCLAMP_EA_Questionaire/Specify_Maize_Variety[2]
Longe 5,Improved,High_yielding Insect_pest_resistance other,Used to it,uuid:ef1a949c-e26b-47c8-bc1d-d643d28a0aed,uuid:ef1a949c-e26b-47c8-bc1d-d643d28a0aed/SCLAMP_EA_Questionaire/Specify_Maize_Variety[1]
Longe 5,Improved,High_yielding Early_maturity High_market_demand,,uuid:fb85054d-4557-4ea7-869b-0543a84c544d,uuid:fb85054d-4557-4ea7-869b-0543a84c544d/SCLAMP_EA_Questionaire/Specify_Maize_Variety[1]
Hybrid,Improved,other Drought_tolerance High_market_demand,Heavy seeds,uuid:a2ae917f-d30a-49e3-9585-6412e77d8609,uuid:a2ae917f-d30a-49e3-9585-6412e77d8609/SCLAMP_EA_Questionaire/Specify_Maize_Variety[1]
Longe 5,Improved,other Early_maturity,Just given,uuid:9ce59e4a-a05e-4a9d-aeb4-6e38d8c6f657,uuid:9ce59e4a-a05e-4a9d-aeb4-6e38d8c6f657/SCLAMP_EA_Questionaire/Specify_Maize_Variety[1]
Longe 10,Improved,High_yielding Disease_resistance other,Heavy havests,uuid:1cd0ea53-f376-4a0f-b828-a8a0e19c217b,uuid:1cd0ea53-f376-4a0f-b828-a8a0e19c217b/SCLAMP_EA_Questionaire/Specify_Maize_Variety[1]
Longe 5,Improved,High_yielding Early_maturity Seed_availability,,uuid:e3ac3722-0ecf-402c-a02f-774b1837d753,uuid:e3ac3722-0ecf-402c-a02f-774b1837d753/SCLAMP_EA_Questionaire/Specify_Maize_Variety[1]
Longe 5,Local,Early_maturity Good_taste Seed_availability,,uuid:e3ac3722-0ecf-402c-a02f-774b1837d753,uuid:e3ac3722-0ecf-402c-a02f-774b1837d753/SCLAMP_EA_Questionaire/Specify_Maize_Variety[2]
Longe 10,Improved,High_yielding other Good_taste,Heavy grains,uuid:3e23f659-08b9-487b-8ccd-12c90ba9dfe5,uuid:3e23f659-08b9-487b-8ccd-12c90ba9dfe5/SCLAMP_EA_Questionaire/Specify_Maize_Variety[1]
Dk,Improved,Early_maturity other,Outgrows striga,uuid:64901c90-40ca-4005-afec-9d419590afe7,uuid:64901c90-40ca-4005-afec-9d419590afe7/SCLAMP_EA_Questionaire/Specify_Maize_Variety[1]
Longe 10,Improved,High_yielding Drought_tolerance,,uuid:28393575-bf0e-485c-adf4-bf64623190eb,uuid:28393575-bf0e-485c-adf4-bf64623190eb/SCLAMP_EA_Questionaire/Specify_Maize_Variety[1]
Longe 5,Improved,High_yielding,,uuid:142c0d75-4831-4a26-9d37-21ac828565c4,uuid:142c0d75-4831-4a26-9d37-21ac828565c4/SCLAMP_EA_Questionaire/Specify_Maize_Variety[1]
Longe 10,Improved,Early_maturity High_yielding,,uuid:41726afc-6d56-4cff-a79a-fc1586ae2342,uuid:41726afc-6d56-4cff-a79a-fc1586ae2342/SCLAMP_EA_Questionaire/Specify_Maize_Variety[1]
Local,Local,Seed_availability,,uuid:2106354c-c65e-4d7a-a6e7-086e8066fde2,uuid:2106354c-c65e-4d7a-a6e7-086e8066fde2/SCLAMP_EA_Questionaire/Specify_Maize_Variety[1]
She doesn't  know,Improved,Seed_availability other,Husband brought that,uuid:02f03a73-8df1-4a49-9c9a-e53e4b70d646,uuid:02f03a73-8df1-4a49-9c9a-e53e4b70d646/SCLAMP_EA_Questionaire/Specify_Maize_Variety[1]
Longe10,Improved,High_yielding other Early_maturity,Head bought,uuid:194a77a8-f583-452e-9315-d6e1787129af,uuid:194a77a8-f583-452e-9315-d6e1787129af/SCLAMP_EA_Questionaire/Specify_Maize_Variety[1]
Longe 2,Improved,High_yielding Early_maturity,,uuid:a0057bf5-96e7-449a-8f49-a7c5d882f4e0,uuid:a0057bf5-96e7-449a-8f49-a7c5d882f4e0/SCLAMP_EA_Questionaire/Specify_Maize_Variety[1]
,,,,uuid:a0057bf5-96e7-449a-8f49-a7c5d882f4e0,uuid:a0057bf5-96e7-449a-8f49-a7c5d882f4e0/SCLAMP_EA_Questionaire/Specify_Maize_Variety[2]
,,,,uuid:a0057bf5-96e7-449a-8f49-a7c5d882f4e0,uuid:a0057bf5-96e7-449a-8f49-a7c5d882f4e0/SCLAMP_EA_Questionaire/Specify_Maize_Variety[3]
,,,,uuid:a0057bf5-96e7-449a-8f49-a7c5d882f4e0,uuid:a0057bf5-96e7-449a-8f49-a7c5d882f4e0/SCLAMP_EA_Questionaire/Specify_Maize_Variety[4]
,,,,uuid:a0057bf5-96e7-449a-8f49-a7c5d882f4e0,uuid:a0057bf5-96e7-449a-8f49-a7c5d882f4e0/SCLAMP_EA_Questionaire/Specify_Maize_Variety[5]
,,,,uuid:a0057bf5-96e7-449a-8f49-a7c5d882f4e0,uuid:a0057bf5-96e7-449a-8f49-a7c5d882f4e0/SCLAMP_EA_Questionaire/Specify_Maize_Variety[6]
,,,,uuid:a0057bf5-96e7-449a-8f49-a7c5d882f4e0,uuid:a0057bf5-96e7-449a-8f49-a7c5d882f4e0/SCLAMP_EA_Questionaire/Specify_Maize_Variety[7]
,,,,uuid:a0057bf5-96e7-449a-8f49-a7c5d882f4e0,uuid:a0057bf5-96e7-449a-8f49-a7c5d882f4e0/SCLAMP_EA_Questionaire/Specify_Maize_Variety[8]
,,,,uuid:a0057bf5-96e7-449a-8f49-a7c5d882f4e0,uuid:a0057bf5-96e7-449a-8f49-a7c5d882f4e0/SCLAMP_EA_Questionaire/Specify_Maize_Variety[9]
,,,,uuid:a0057bf5-96e7-449a-8f49-a7c5d882f4e0,uuid:a0057bf5-96e7-449a-8f49-a7c5d882f4e0/SCLAMP_EA_Questionaire/Specify_Maize_Variety[10]
Longe10,Improved,Drought_tolerance other,Doesn't rot when it rains and heavy grain,uuid:5ca9fb80-aad8-4737-9cc7-e34c5fe336a7,uuid:5ca9fb80-aad8-4737-9cc7-e34c5fe336a7/SCLAMP_EA_Questionaire/Specify_Maize_Variety[1]
Longe,Improved,High_yielding,,uuid:fa9b04d1-1cce-4fd3-8abf-8f739e268058,uuid:fa9b04d1-1cce-4fd3-8abf-8f739e268058/SCLAMP_EA_Questionaire/Specify_Maize_Variety[1]
Longe 10,Improved,High_yielding Insect_pest_resistance Early_maturity,,uuid:f376dee1-79eb-4178-af15-fb8a0a7ebd33,uuid:f376dee1-79eb-4178-af15-fb8a0a7ebd33/SCLAMP_EA_Questionaire/Specify_Maize_Variety[1]
Longe 10,Improved,Early_maturity Insect_pest_resistance Seed_availability,,uuid:8bd1b7ec-6a0b-44b4-a4f4-65dc14a4082c,uuid:8bd1b7ec-6a0b-44b4-a4f4-65dc14a4082c/SCLAMP_EA_Questionaire/Specify_Maize_Variety[1]
Hybrid,Improved,Early_maturity Drought_tolerance High_yielding,,uuid:18c05651-86d7-42ba-a4e2-4be7f7044da0,uuid:18c05651-86d7-42ba-a4e2-4be7f7044da0/SCLAMP_EA_Questionaire/Specify_Maize_Variety[1]
Longe10 ,Improved,Seed_availability,,uuid:a0c7510f-9ef5-44a3-a1ea-c9273abeb5dd,uuid:a0c7510f-9ef5-44a3-a1ea-c9273abeb5dd/SCLAMP_EA_Questionaire/Specify_Maize_Variety[1]
Longe10H,Improved,High_yielding,,uuid:2f9a95c9-ab41-4177-ac88-693057a73a4b,uuid:2f9a95c9-ab41-4177-ac88-693057a73a4b/SCLAMP_EA_Questionaire/Specify_Maize_Variety[1]
Local,Local,Disease_resistance,,uuid:cb5db43d-0b1c-4a1a-a495-5b13836c53f4,uuid:cb5db43d-0b1c-4a1a-a495-5b13836c53f4/SCLAMP_EA_Questionaire/Specify_Maize_Variety[1]
Local,Local,High_yielding Disease_resistance Insect_pest_resistance,,uuid:a73e6b01-8aa8-4ff5-8c75-b2a7528a25e7,uuid:a73e6b01-8aa8-4ff5-8c75-b2a7528a25e7/SCLAMP_EA_Questionaire/Specify_Maize_Variety[1]
Longe 10,Improved,Drought_tolerance,,uuid:28b02719-2f65-4dd7-a437-fbc63fe972e6,uuid:28b02719-2f65-4dd7-a437-fbc63fe972e6/SCLAMP_EA_Questionaire/Specify_Maize_Variety[1]
Longe 5,Improved,High_yielding,,uuid:9ffc3094-6b94-4312-84ba-87d886d0b382,uuid:9ffc3094-6b94-4312-84ba-87d886d0b382/SCLAMP_EA_Questionaire/Specify_Maize_Variety[1]
Longe 10,Improved,Disease_resistance High_yielding,,uuid:9ffc3094-6b94-4312-84ba-87d886d0b382,uuid:9ffc3094-6b94-4312-84ba-87d886d0b382/SCLAMP_EA_Questionaire/Specify_Maize_Variety[2]
Local,Local,Seed_availability,,uuid:c22c613d-f39c-4f02-a6da-bdca53917c53,uuid:c22c613d-f39c-4f02-a6da-bdca53917c53/SCLAMP_EA_Questionaire/Specify_Maize_Variety[1]
Longe 10,Improved,High_yielding,,uuid:dac10073-eb7a-4da7-9917-fce56cd07462,uuid:dac10073-eb7a-4da7-9917-fce56cd07462/SCLAMP_EA_Questionaire/Specify_Maize_Variety[1]
Doesn't remember ,Local,Seed_availability,,uuid:ae010d79-e722-4214-ae9c-c2e7fa6da286,uuid:ae010d79-e722-4214-ae9c-c2e7fa6da286/SCLAMP_EA_Questionaire/Specify_Maize_Variety[1]
Longe5,Improved,Disease_resistance High_yielding,,uuid:4e4df2d5-6810-4e39-b9bb-9433acbf668f,uuid:4e4df2d5-6810-4e39-b9bb-9433acbf668f/SCLAMP_EA_Questionaire/Specify_Maize_Variety[1]
Omusoga,Local,Seed_availability Good_taste,,uuid:0f79ab75-ab9d-4266-90e0-0c9746411ce8,uuid:0f79ab75-ab9d-4266-90e0-0c9746411ce8/SCLAMP_EA_Questionaire/Specify_Maize_Variety[1]
"Does not know, bought from the nearby shop",Local,Seed_availability other,Low price,uuid:63546d75-e509-4a04-9b86-d7117ee1d0c6,uuid:63546d75-e509-4a04-9b86-d7117ee1d0c6/SCLAMP_EA_Questionaire/Specify_Maize_Variety[1]
Longe 1,Local,Seed_availability,,uuid:33785fb0-7605-4b9d-9f5c-15c9c2d38c13,uuid:33785fb0-7605-4b9d-9f5c-15c9c2d38c13/SCLAMP_EA_Questionaire/Specify_Maize_Variety[1]
Longe 5,Improved,High_yielding Early_maturity,,uuid:330eb74e-81da-427d-b573-a349929db347,uuid:330eb74e-81da-427d-b573-a349929db347/SCLAMP_EA_Questionaire/Specify_Maize_Variety[1]
Longe 5,Improved,High_yielding Seed_availability,,uuid:dcc02f08-bc55-40a4-85b5-6af5fdd85a8f,uuid:dcc02f08-bc55-40a4-85b5-6af5fdd85a8f/SCLAMP_EA_Questionaire/Specify_Maize_Variety[1]
Longe 5,Improved,Seed_availability,,uuid:e4242d08-052f-42dd-b293-046d58a09df3,uuid:e4242d08-052f-42dd-b293-046d58a09df3/SCLAMP_EA_Questionaire/Specify_Maize_Variety[1]
Longe 10,Improved,High_yielding High_market_demand Good_taste,,uuid:c49e80d4-dbaf-47fa-b8be-3a8024e0f5a3,uuid:c49e80d4-dbaf-47fa-b8be-3a8024e0f5a3/SCLAMP_EA_Questionaire/Specify_Maize_Variety[1]
Bazooka,Improved,High_yielding,,uuid:c49e80d4-dbaf-47fa-b8be-3a8024e0f5a3,uuid:c49e80d4-dbaf-47fa-b8be-3a8024e0f5a3/SCLAMP_EA_Questionaire/Specify_Maize_Variety[2]
Longe 5,Improved,Disease_resistance Early_maturity,,uuid:7aad379b-d2e6-42ae-956b-33e6ff246d90,uuid:7aad379b-d2e6-42ae-956b-33e6ff246d90/SCLAMP_EA_Questionaire/Specify_Maize_Variety[1]
Longe 10,Improved,Seed_availability,,uuid:a51e93fb-f944-46a6-aeb6-05650558eaae,uuid:a51e93fb-f944-46a6-aeb6-05650558eaae/SCLAMP_EA_Questionaire/Specify_Maize_Variety[1]
DH,Improved,High_yielding Drought_tolerance,,uuid:b15f97b5-10c7-4a8b-8566-793eb5973307,uuid:b15f97b5-10c7-4a8b-8566-793eb5973307/SCLAMP_EA_Questionaire/Specify_Maize_Variety[1]
Local,Local,Seed_availability,,uuid:0c9cb42b-1256-4d13-b033-d1a66feeec8c,uuid:0c9cb42b-1256-4d13-b033-d1a66feeec8c/SCLAMP_EA_Questionaire/Specify_Maize_Variety[1]
Local,Local,Seed_availability,,uuid:6283e625-98f2-45e6-a7e8-764b970aa1ec,uuid:6283e625-98f2-45e6-a7e8-764b970aa1ec/SCLAMP_EA_Questionaire/Specify_Maize_Variety[1]
Local,Local,Seed_availability,,uuid:a4e45acb-0979-4c25-8827-98d123954071,uuid:a4e45acb-0979-4c25-8827-98d123954071/SCLAMP_EA_Questionaire/Specify_Maize_Variety[1]
Bazooka,Improved,High_yielding Good_taste Early_maturity,,uuid:6ffe94e2-0cba-466e-b903-4a85a84ef064,uuid:6ffe94e2-0cba-466e-b903-4a85a84ef064/SCLAMP_EA_Questionaire/Specify_Maize_Variety[1]
Longe 10,Improved,Good_taste High_yielding Drought_tolerance,,uuid:472975f4-4795-4eea-a6b4-4e9781e3be1d,uuid:472975f4-4795-4eea-a6b4-4e9781e3be1d/SCLAMP_EA_Questionaire/Specify_Maize_Variety[1]
Longe 10,Local,Drought_tolerance Disease_resistance,,uuid:9390008a-a015-4d66-9be8-dfec73c7cc0c,uuid:9390008a-a015-4d66-9be8-dfec73c7cc0c/SCLAMP_EA_Questionaire/Specify_Maize_Variety[1]
1,Improved,Seed_availability Early_maturity High_yielding Good_price_ Disease_resistance Insect_pest_resistance,,uuid:6eee0e24-ef75-4faa-8514-9b3083e5460b,uuid:6eee0e24-ef75-4faa-8514-9b3083e5460b/SCLAMP_EA_Questionaire/Specify_Maize_Variety[1]
I don't know,Improved,High_yielding Early_maturity Drought_tolerance,,uuid:2851c99b-41cd-4eb7-8d1c-fcf163eea943,uuid:2851c99b-41cd-4eb7-8d1c-fcf163eea943/SCLAMP_EA_Questionaire/Specify_Maize_Variety[1]
I don't know the name  I just pick from my past yields,Local,High_yielding Seed_availability,,uuid:e397a1cc-4ab7-406f-92d6-facf1079d070,uuid:e397a1cc-4ab7-406f-92d6-facf1079d070/SCLAMP_EA_Questionaire/Specify_Maize_Variety[1]
Longe 10,Improved,Drought_tolerance Insect_pest_resistance Early_maturity,,uuid:c6d0943a-3436-405c-8962-287e761a465d,uuid:c6d0943a-3436-405c-8962-287e761a465d/SCLAMP_EA_Questionaire/Specify_Maize_Variety[1]
,Local,other Drought_tolerance Good_taste,Lack of capital,uuid:1f60651e-482c-4625-b75b-07d3cac794d8,uuid:1f60651e-482c-4625-b75b-07d3cac794d8/SCLAMP_EA_Questionaire/Specify_Maize_Variety[1]
Longe 5,Improved,High_yielding Insect_pest_resistance Early_maturity,,uuid:896e6cc5-a3bd-4e86-8834-b65a68bd8240,uuid:896e6cc5-a3bd-4e86-8834-b65a68bd8240/SCLAMP_EA_Questionaire/Specify_Maize_Variety[1]
Musoga,Local,High_yielding Seed_availability other,Had no money,uuid:3119d7fe-94e1-46fc-80c8-86662bf11b03,uuid:3119d7fe-94e1-46fc-80c8-86662bf11b03/SCLAMP_EA_Questionaire/Specify_Maize_Variety[1]
Longe 5,Improved,High_yielding Early_maturity other,Heavy harvests,uuid:14d6b913-d38f-45f7-8870-d404d73dbba0,uuid:14d6b913-d38f-45f7-8870-d404d73dbba0/SCLAMP_EA_Questionaire/Specify_Maize_Variety[1]
Cob,Local,High_yielding other,Big grains,uuid:ece97d7a-a0fd-41f0-98c1-4fd5c079fe79,uuid:ece97d7a-a0fd-41f0-98c1-4fd5c079fe79/SCLAMP_EA_Questionaire/Specify_Maize_Variety[1]
Hybrid,Improved,High_yielding Early_maturity Seed_availability,,uuid:b2a3ce44-f7cd-4e68-8be5-ea0a080a3608,uuid:b2a3ce44-f7cd-4e68-8be5-ea0a080a3608/SCLAMP_EA_Questionaire/Specify_Maize_Variety[1]
Busoga,Local,Seed_availability Insect_pest_resistance Early_maturity,,uuid:b2a3ce44-f7cd-4e68-8be5-ea0a080a3608,uuid:b2a3ce44-f7cd-4e68-8be5-ea0a080a3608/SCLAMP_EA_Questionaire/Specify_Maize_Variety[2]
Musoga,Local,other,Poverty,uuid:6b6f1e90-072e-4c89-a47f-ded25ce395af,uuid:6b6f1e90-072e-4c89-a47f-ded25ce395af/SCLAMP_EA_Questionaire/Specify_Maize_Variety[1]
Local,Local,Seed_availability,,uuid:ba8e2c8c-cfc2-4fa1-aafd-478a82d8fe59,uuid:ba8e2c8c-cfc2-4fa1-aafd-478a82d8fe59/SCLAMP_EA_Questionaire/Specify_Maize_Variety[1]
Bazuka,Improved,Disease_resistance Drought_tolerance,,uuid:a51b1120-ec78-4e07-9f86-71a8420c5feb,uuid:a51b1120-ec78-4e07-9f86-71a8420c5feb/SCLAMP_EA_Questionaire/Specify_Maize_Variety[1]
Local,Local,Seed_availability,,uuid:b3156722-3178-4331-b4c4-022c2dc807d6,uuid:b3156722-3178-4331-b4c4-022c2dc807d6/SCLAMP_EA_Questionaire/Specify_Maize_Variety[1]
Local,Local,Seed_availability,,uuid:de15c0ff-8439-45bc-ad13-7940e2cd46ff,uuid:de15c0ff-8439-45bc-ad13-7940e2cd46ff/SCLAMP_EA_Questionaire/Specify_Maize_Variety[1]
Local,Local,Seed_availability,,uuid:d4a71b1e-635b-40bf-8cc5-b3a2c66d6fbc,uuid:d4a71b1e-635b-40bf-8cc5-b3a2c66d6fbc/SCLAMP_EA_Questionaire/Specify_Maize_Variety[1]
Longe 5,Improved,High_yielding,,uuid:7139d3cd-16bc-4706-b40a-935412f6ad11,uuid:7139d3cd-16bc-4706-b40a-935412f6ad11/SCLAMP_EA_Questionaire/Specify_Maize_Variety[1]
Local,Local,Seed_availability,,uuid:e4bd52b8-0f2d-445d-9646-2290f1814f0d,uuid:e4bd52b8-0f2d-445d-9646-2290f1814f0d/SCLAMP_EA_Questionaire/Specify_Maize_Variety[1]
Longe,Improved,Seed_availability,,uuid:3e1a773a-3e2e-488c-9790-c76a256bb3c0,uuid:3e1a773a-3e2e-488c-9790-c76a256bb3c0/SCLAMP_EA_Questionaire/Specify_Maize_Variety[1]
Longe10H,Improved,Seed_availability,,uuid:4cf863ff-d9e5-49e7-b7d1-dc2b1b9462c7,uuid:4cf863ff-d9e5-49e7-b7d1-dc2b1b9462c7/SCLAMP_EA_Questionaire/Specify_Maize_Variety[1]
Local,Local,Seed_availability,,uuid:7085af2f-f640-4213-bdf5-6763d552e2fe,uuid:7085af2f-f640-4213-bdf5-6763d552e2fe/SCLAMP_EA_Questionaire/Specify_Maize_Variety[1]
Local,Local,Seed_availability,,uuid:9a89cabe-041f-41dd-ba73-778efdb76397,uuid:9a89cabe-041f-41dd-ba73-778efdb76397/SCLAMP_EA_Questionaire/Specify_Maize_Variety[1]
Mawalampa ,Local,High_yielding other,Heavy grain ,uuid:c1ca06ab-dc5b-4c21-9f45-66dfa8f55d58,uuid:c1ca06ab-dc5b-4c21-9f45-66dfa8f55d58/SCLAMP_EA_Questionaire/Specify_Maize_Variety[1]
Mawalampa,Local,Drought_tolerance other,Resistant weeds,uuid:ece8c09f-0625-4c88-9b53-5cbc1d442f7f,uuid:ece8c09f-0625-4c88-9b53-5cbc1d442f7f/SCLAMP_EA_Questionaire/Specify_Maize_Variety[1]
Mawalampa,Local,Insect_pest_resistance Seed_availability,,uuid:e1025d5b-b8fd-498d-a6a5-7d1f3cc04fde,uuid:e1025d5b-b8fd-498d-a6a5-7d1f3cc04fde/SCLAMP_EA_Questionaire/Specify_Maize_Variety[1]
Bazooka,Improved,other High_yielding Drought_tolerance,Heavy ,uuid:3bb27607-5aaf-4d0f-9b55-33a520d8cb4f,uuid:3bb27607-5aaf-4d0f-9b55-33a520d8cb4f/SCLAMP_EA_Questionaire/Specify_Maize_Variety[1]
Bazooka,Improved,High_yielding Drought_tolerance,,uuid:8a49b34a-53c4-48e6-acf9-4f0b91412938,uuid:8a49b34a-53c4-48e6-acf9-4f0b91412938/SCLAMP_EA_Questionaire/Specify_Maize_Variety[1]
D.K,Improved,High_yielding other,Heavy grain,uuid:3c0523c8-4b85-4cd1-bbfe-e150df251222,uuid:3c0523c8-4b85-4cd1-bbfe-e150df251222/SCLAMP_EA_Questionaire/Specify_Maize_Variety[1]
Longe10 ,Improved,High_yielding Early_maturity,,uuid:cef19f5d-c14b-4d95-a79b-ccbaaaea584b,uuid:cef19f5d-c14b-4d95-a79b-ccbaaaea584b/SCLAMP_EA_Questionaire/Specify_Maize_Variety[1]
Hybrid ,Improved,High_yielding Early_maturity,,uuid:057a82a3-a023-4e19-b764-a539d6000f08,uuid:057a82a3-a023-4e19-b764-a539d6000f08/SCLAMP_EA_Questionaire/Specify_Maize_Variety[1]
D.K,Improved,Drought_tolerance High_yielding Early_maturity,,uuid:c27de2d7-fa02-4302-acf4-1e6142e9a8c8,uuid:c27de2d7-fa02-4302-acf4-1e6142e9a8c8/SCLAMP_EA_Questionaire/Specify_Maize_Variety[1]
Tege,Improved,High_yielding Early_maturity,,uuid:fd39c261-e361-4c05-9e66-61d5c797b0df,uuid:fd39c261-e361-4c05-9e66-61d5c797b0df/SCLAMP_EA_Questionaire/Specify_Maize_Variety[1]
1,Local,Seed_availability other,Big grain size,uuid:80937023-cef9-4f21-957d-0a27e1953cf9,uuid:80937023-cef9-4f21-957d-0a27e1953cf9/SCLAMP_EA_Questionaire/Specify_Maize_Variety[1]
Longe5,Improved,Insect_pest_resistance,,uuid:246ee87a-dbb2-46b0-a8c7-228770230677,uuid:246ee87a-dbb2-46b0-a8c7-228770230677/SCLAMP_EA_Questionaire/Specify_Maize_Variety[1]
Hybrid ,Improved,High_yielding Early_maturity Disease_resistance,,uuid:ac4a955d-e12e-4f2c-b772-4f7fe8a94b19,uuid:ac4a955d-e12e-4f2c-b772-4f7fe8a94b19/SCLAMP_EA_Questionaire/Specify_Maize_Variety[1]
Longe 10,Improved,High_yielding Early_maturity other,Its heavy at sale and it takes long to go bad while in stock,uuid:36d3e4c8-db41-4b43-8608-05bc37cd4605,uuid:36d3e4c8-db41-4b43-8608-05bc37cd4605/SCLAMP_EA_Questionaire/Specify_Maize_Variety[1]
I pick seeds from my previous produce ,Local,Seed_availability other,No money to buy  improved seeds,uuid:bf3bb5a3-5ba9-4285-ab55-e9eeed9bfdb5,uuid:bf3bb5a3-5ba9-4285-ab55-e9eeed9bfdb5/SCLAMP_EA_Questionaire/Specify_Maize_Variety[1]
Longe 7,Improved,Good_price_ High_yielding,,uuid:55dd0014-cfd5-4461-b5d5-aab65417a48c,uuid:55dd0014-cfd5-4461-b5d5-aab65417a48c/SCLAMP_EA_Questionaire/Specify_Maize_Variety[1]
Longe 10,Improved,High_yielding Disease_resistance Drought_tolerance Early_maturity,,uuid:55dd0014-cfd5-4461-b5d5-aab65417a48c,uuid:55dd0014-cfd5-4461-b5d5-aab65417a48c/SCLAMP_EA_Questionaire/Specify_Maize_Variety[2]
Used part of my previous yields,Local,Seed_availability other,No money to buy new seeds,uuid:26c0764f-4b2b-4f7d-b4cf-196c4e0e8c9d,uuid:26c0764f-4b2b-4f7d-b4cf-196c4e0e8c9d/SCLAMP_EA_Questionaire/Specify_Maize_Variety[1]
Longe,Local,Seed_availability other,No money to buy  improved seeds,uuid:1b10c35a-5d3b-4f3e-a802-4b47a7b1db94,uuid:1b10c35a-5d3b-4f3e-a802-4b47a7b1db94/SCLAMP_EA_Questionaire/Specify_Maize_Variety[1]
Longe 10,Improved,High_yielding Early_maturity,,uuid:78bf4c92-660c-488f-98ab-97af73e54de4,uuid:78bf4c92-660c-488f-98ab-97af73e54de4/SCLAMP_EA_Questionaire/Specify_Maize_Variety[1]
Longe 5,Improved,Good_price_ Early_maturity High_yielding,,uuid:c1ae1cf1-35da-4a4c-b00f-a33553b2485b,uuid:c1ae1cf1-35da-4a4c-b00f-a33553b2485b/SCLAMP_EA_Questionaire/Specify_Maize_Variety[1]
Longe 5,Improved,High_yielding Early_maturity other Drought_tolerance,Takes long in stock after  harvest ,uuid:51bf1cc9-a26e-4b29-8845-9b529c9e9cfb,uuid:51bf1cc9-a26e-4b29-8845-9b529c9e9cfb/SCLAMP_EA_Questionaire/Specify_Maize_Variety[1]
Longe 10,Improved,High_yielding Early_maturity other Drought_tolerance,Takes long in stock after  harvest ,uuid:51bf1cc9-a26e-4b29-8845-9b529c9e9cfb,uuid:51bf1cc9-a26e-4b29-8845-9b529c9e9cfb/SCLAMP_EA_Questionaire/Specify_Maize_Variety[2]
Bazuka,Improved,High_yielding Early_maturity Insect_pest_resistance Disease_resistance Drought_tolerance,,uuid:51bf1cc9-a26e-4b29-8845-9b529c9e9cfb,uuid:51bf1cc9-a26e-4b29-8845-9b529c9e9cfb/SCLAMP_EA_Questionaire/Specify_Maize_Variety[3]
Longe 5,Improved,Good_price_ other Seed_availability,No money to buy the better species,uuid:24f3f9b6-3402-4ff2-ab46-df0ddd80e00f,uuid:24f3f9b6-3402-4ff2-ab46-df0ddd80e00f/SCLAMP_EA_Questionaire/Specify_Maize_Variety[1]
Longe 5,Improved,High_yielding Good_price_ Drought_tolerance,,uuid:a2e0cd54-84d9-4d00-ad78-eee20a7979d2,uuid:a2e0cd54-84d9-4d00-ad78-eee20a7979d2/SCLAMP_EA_Questionaire/Specify_Maize_Variety[1]
Longe,Local,Early_maturity Seed_availability,,uuid:f32705b6-9c8a-4e76-825c-fab797ebc70b,uuid:f32705b6-9c8a-4e76-825c-fab797ebc70b/SCLAMP_EA_Questionaire/Specify_Maize_Variety[1]
Bazuka,Improved,Seed_availability Early_maturity,,uuid:abbc04a2-1f49-4dd9-9259-eb39f8ea954c,uuid:abbc04a2-1f49-4dd9-9259-eb39f8ea954c/SCLAMP_EA_Questionaire/Specify_Maize_Variety[1]
Bazuka,Improved,High_yielding Early_maturity,,uuid:79dbad5f-9e43-4506-9f2c-d084b304937d,uuid:79dbad5f-9e43-4506-9f2c-d084b304937d/SCLAMP_EA_Questionaire/Specify_Maize_Variety[1]
Longe 10,Improved,High_yielding Easy_preparation,,uuid:efc71b22-348e-409c-9c4d-d7e96a72d1a2,uuid:efc71b22-348e-409c-9c4d-d7e96a72d1a2/SCLAMP_EA_Questionaire/Specify_Maize_Variety[1]
Kawanda,Local,Seed_availability Good_taste,,uuid:2b1b0f26-426b-4f5c-ad9e-48c6bfd08591,uuid:2b1b0f26-426b-4f5c-ad9e-48c6bfd08591/SCLAMP_EA_Questionaire/Specify_Maize_Variety[1]
Longe5,Improved,Early_maturity,,uuid:358ebb24-e9b7-43b7-9be7-2a7db6ce3fc2,uuid:358ebb24-e9b7-43b7-9be7-2a7db6ce3fc2/SCLAMP_EA_Questionaire/Specify_Maize_Variety[1]
Longe10,Improved,High_yielding,,uuid:358ebb24-e9b7-43b7-9be7-2a7db6ce3fc2,uuid:358ebb24-e9b7-43b7-9be7-2a7db6ce3fc2/SCLAMP_EA_Questionaire/Specify_Maize_Variety[2]
Longe 10,Improved,Disease_resistance Good_taste High_yielding,,uuid:44bd90b5-b349-4d39-9b23-b196e003f1c1,uuid:44bd90b5-b349-4d39-9b23-b196e003f1c1/SCLAMP_EA_Questionaire/Specify_Maize_Variety[1]
Longe 1,Improved,Drought_tolerance High_yielding,,uuid:b80757f7-862e-4805-980e-40db4114e85c,uuid:b80757f7-862e-4805-980e-40db4114e85c/SCLAMP_EA_Questionaire/Specify_Maize_Variety[1]
Hybrid 513,Improved,High_yielding Insect_pest_resistance,,uuid:809ac499-5b8b-4bf9-a3d9-facae0ac5769,uuid:809ac499-5b8b-4bf9-a3d9-facae0ac5769/SCLAMP_EA_Questionaire/Specify_Maize_Variety[1]
Kawanda ,Local,Insect_pest_resistance Early_maturity,,uuid:efebad0e-8919-4ffb-8276-08db82f6c131,uuid:efebad0e-8919-4ffb-8276-08db82f6c131/SCLAMP_EA_Questionaire/Specify_Maize_Variety[1]
Longe 10,Local,Seed_availability,,uuid:a3a6eb00-0f28-40d4-8ada-1dcdf7c227bb,uuid:a3a6eb00-0f28-40d4-8ada-1dcdf7c227bb/SCLAMP_EA_Questionaire/Specify_Maize_Variety[1]
Longe 5,Local,Early_maturity,,uuid:a3a6eb00-0f28-40d4-8ada-1dcdf7c227bb,uuid:a3a6eb00-0f28-40d4-8ada-1dcdf7c227bb/SCLAMP_EA_Questionaire/Specify_Maize_Variety[2]
Longe 5,Improved,High_yielding Insect_pest_resistance,,uuid:da1faa37-41f1-4efd-9bca-9b07df97e354,uuid:da1faa37-41f1-4efd-9bca-9b07df97e354/SCLAMP_EA_Questionaire/Specify_Maize_Variety[1]
Longe 10,Improved,Seed_availability,,uuid:aa085989-6e13-4c0c-8ae4-c96a9f9de7e3,uuid:aa085989-6e13-4c0c-8ae4-c96a9f9de7e3/SCLAMP_EA_Questionaire/Specify_Maize_Variety[1]
Hybrid H515,Improved,other,Household head came with the seeds,uuid:c1ba5983-a0f4-4360-95b3-52303a86698c,uuid:c1ba5983-a0f4-4360-95b3-52303a86698c/SCLAMP_EA_Questionaire/Specify_Maize_Variety[1]
Longe 10,Local,Early_maturity Seed_availability,,uuid:36cad476-4a8c-4225-bf82-0d7bc0f8837e,uuid:36cad476-4a8c-4225-bf82-0d7bc0f8837e/SCLAMP_EA_Questionaire/Specify_Maize_Variety[1]
Longe 7h,Improved,Seed_availability other,Recommended by a friend,uuid:c6a93dc4-8d7c-4b06-b147-d9c9df99a040,uuid:c6a93dc4-8d7c-4b06-b147-d9c9df99a040/SCLAMP_EA_Questionaire/Specify_Maize_Variety[1]
Longe 10,Improved,High_yielding,,uuid:212580f2-9ce4-4ae3-b034-d72390393977,uuid:212580f2-9ce4-4ae3-b034-d72390393977/SCLAMP_EA_Questionaire/Specify_Maize_Variety[1]
Longe 5,Improved,High_yielding Drought_tolerance,,uuid:212580f2-9ce4-4ae3-b034-d72390393977,uuid:212580f2-9ce4-4ae3-b034-d72390393977/SCLAMP_EA_Questionaire/Specify_Maize_Variety[2]
Longe 5,Improved,Drought_tolerance High_yielding Early_maturity,,uuid:d311cd2d-b41a-476f-abf6-436c6a340b01,uuid:d311cd2d-b41a-476f-abf6-436c6a340b01/SCLAMP_EA_Questionaire/Specify_Maize_Variety[1]
Longe 5,Improved,High_yielding Early_maturity,,uuid:67cd64a9-356f-42f1-a7d8-a0146cb543d9,uuid:67cd64a9-356f-42f1-a7d8-a0146cb543d9/SCLAMP_EA_Questionaire/Specify_Maize_Variety[1]
Longe 5,Improved,Drought_tolerance Disease_resistance other Early_maturity,Recommended by a friend ,uuid:41a0d048-6984-48a2-83a8-bd0e539ddceb,uuid:41a0d048-6984-48a2-83a8-bd0e539ddceb/SCLAMP_EA_Questionaire/Specify_Maize_Variety[1]
Longe 10,Improved,High_yielding Early_maturity Good_taste other,Is long lasting while in stock,uuid:89b6bc47-4879-4591-823b-ec8b8231739e,uuid:89b6bc47-4879-4591-823b-ec8b8231739e/SCLAMP_EA_Questionaire/Specify_Maize_Variety[1]
Picked from part of my previous yield ,Local,Seed_availability other,Lack of money  to acquire better ,uuid:47723d49-7247-438c-828d-fd058255c78f,uuid:47723d49-7247-438c-828d-fd058255c78f/SCLAMP_EA_Questionaire/Specify_Maize_Variety[1]
I don't know the name I just bought,Improved,Seed_availability High_yielding,,uuid:fb497324-4399-4045-93b0-902c2733c5ea,uuid:fb497324-4399-4045-93b0-902c2733c5ea/SCLAMP_EA_Questionaire/Specify_Maize_Variety[1]
1,Improved,High_yielding Seed_availability,,uuid:acd6cbf4-d7ec-4454-846d-cbcb488a35ab,uuid:acd6cbf4-d7ec-4454-846d-cbcb488a35ab/SCLAMP_EA_Questionaire/Specify_Maize_Variety[1]
I got from my  previous yields,Local,Seed_availability other,No  money to buy the mother improved on breeds,uuid:85747ebe-7301-4275-b5ef-4567b2a3d399,uuid:85747ebe-7301-4275-b5ef-4567b2a3d399/SCLAMP_EA_Questionaire/Specify_Maize_Variety[1]
Longe 5,Improved,High_yielding Drought_tolerance Early_maturity other,Doesn't over grow and has strong roots,uuid:60a68405-60e8-4678-930a-e21b31d1230f,uuid:60a68405-60e8-4678-930a-e21b31d1230f/SCLAMP_EA_Questionaire/Specify_Maize_Variety[1]
I dont know the name but it's from  my harvests,Local,Seed_availability,,uuid:46191a75-a5f8-44fd-814a-5c461a441973,uuid:46191a75-a5f8-44fd-814a-5c461a441973/SCLAMP_EA_Questionaire/Specify_Maize_Variety[1]
Tk,Local,Seed_availability other,I had no money to buy new/other seed types,uuid:ed18b15f-532b-4de1-b373-c902f78bdb22,uuid:ed18b15f-532b-4de1-b373-c902f78bdb22/SCLAMP_EA_Questionaire/Specify_Maize_Variety[1]
Kawanda,Improved,High_yielding Good_taste,,uuid:44995f4f-f38a-4e22-8456-cb16ac9e75ac,uuid:44995f4f-f38a-4e22-8456-cb16ac9e75ac/SCLAMP_EA_Questionaire/Specify_Maize_Variety[1]
Mawalampa,Local,High_yielding,,uuid:fd7cc810-0406-4d32-b01f-ed7ed530cf88,uuid:fd7cc810-0406-4d32-b01f-ed7ed530cf88/SCLAMP_EA_Questionaire/Specify_Maize_Variety[1]
Local,Local,Seed_availability,,uuid:3c47e1e7-b112-4ae7-9129-fcada8c54241,uuid:3c47e1e7-b112-4ae7-9129-fcada8c54241/SCLAMP_EA_Questionaire/Specify_Maize_Variety[1]
Local,Local,Seed_availability,,uuid:73c87c15-4de3-4785-a6c3-46c744464d12,uuid:73c87c15-4de3-4785-a6c3-46c744464d12/SCLAMP_EA_Questionaire/Specify_Maize_Variety[1]
Longe 2,Improved,Early_maturity,,uuid:1caa0fe8-838d-4ba4-b216-e5ee1e993dc9,uuid:1caa0fe8-838d-4ba4-b216-e5ee1e993dc9/SCLAMP_EA_Questionaire/Specify_Maize_Variety[1]
Local,Local,Seed_availability,,uuid:cbbf6dc4-126e-4acd-9158-fe997842e98d,uuid:cbbf6dc4-126e-4acd-9158-fe997842e98d/SCLAMP_EA_Questionaire/Specify_Maize_Variety[1]
Local,Local,Seed_availability,,uuid:515c0f2c-960e-46bb-96ea-a025cdc12d68,uuid:515c0f2c-960e-46bb-96ea-a025cdc12d68/SCLAMP_EA_Questionaire/Specify_Maize_Variety[1]
Longe 5,Improved,Insect_pest_resistance,,uuid:740ad3af-fb14-4499-824e-1f612b523698,uuid:740ad3af-fb14-4499-824e-1f612b523698/SCLAMP_EA_Questionaire/Specify_Maize_Variety[1]
Longe 5,Improved,High_yielding,,uuid:dbaddb91-4a28-4b66-8994-0e37783ac8e0,uuid:dbaddb91-4a28-4b66-8994-0e37783ac8e0/SCLAMP_EA_Questionaire/Specify_Maize_Variety[1]
Longe 10,Improved,High_yielding Early_maturity,,uuid:f69a21ba-ff24-42c1-b5bf-eff717580548,uuid:f69a21ba-ff24-42c1-b5bf-eff717580548/SCLAMP_EA_Questionaire/Specify_Maize_Variety[1]
Longe 10,Improved,High_yielding,,uuid:4a52825a-8f2f-4de7-ae5a-eb8229387b67,uuid:4a52825a-8f2f-4de7-ae5a-eb8229387b67/SCLAMP_EA_Questionaire/Specify_Maize_Variety[1]
Longe 10,Improved,High_yielding,,uuid:f3910e58-f8dc-44cf-8b28-aa5c58de4245,uuid:f3910e58-f8dc-44cf-8b28-aa5c58de4245/SCLAMP_EA_Questionaire/Specify_Maize_Variety[1]
Longe 10,Improved,other High_yielding Insect_pest_resistance,"Very strong, can withstand strong winds",uuid:8298f1b2-d5d7-4d31-bf17-c1d175482eae,uuid:8298f1b2-d5d7-4d31-bf17-c1d175482eae/SCLAMP_EA_Questionaire/Specify_Maize_Variety[1]
Don't know,Improved,High_yielding Drought_tolerance,,uuid:8cf2839e-5d9d-42e7-b25b-c4a456563524,uuid:8cf2839e-5d9d-42e7-b25b-c4a456563524/SCLAMP_EA_Questionaire/Specify_Maize_Variety[1]
Longe 10,Improved,High_yielding,,uuid:9ac34419-35ec-41c5-ae4d-0e62718476c1,uuid:9ac34419-35ec-41c5-ae4d-0e62718476c1/SCLAMP_EA_Questionaire/Specify_Maize_Variety[1]
Longe 10,Improved,High_yielding Drought_tolerance Seed_availability,,uuid:0c8926a6-fca4-4c6d-bd04-dc59e246ced9,uuid:0c8926a6-fca4-4c6d-bd04-dc59e246ced9/SCLAMP_EA_Questionaire/Specify_Maize_Variety[1]
Longe 1,Local,Seed_availability,,uuid:60c0af4c-2602-4451-8b61-ba40cd09a1ea,uuid:60c0af4c-2602-4451-8b61-ba40cd09a1ea/SCLAMP_EA_Questionaire/Specify_Maize_Variety[1]
DK,Improved,High_yielding,,uuid:97b5f5e6-a1e3-4ee4-a838-025627007ea2,uuid:97b5f5e6-a1e3-4ee4-a838-025627007ea2/SCLAMP_EA_Questionaire/Specify_Maize_Variety[1]
H04,Improved,High_yielding,,uuid:97b5f5e6-a1e3-4ee4-a838-025627007ea2,uuid:97b5f5e6-a1e3-4ee4-a838-025627007ea2/SCLAMP_EA_Questionaire/Specify_Maize_Variety[2]
Longe 10,Improved,Drought_tolerance High_yielding,,uuid:cc0bbf64-c76f-4e03-aa71-ec697b87f517,uuid:cc0bbf64-c76f-4e03-aa71-ec697b87f517/SCLAMP_EA_Questionaire/Specify_Maize_Variety[1]
Basooka,Improved,High_yielding,,uuid:cc0bbf64-c76f-4e03-aa71-ec697b87f517,uuid:cc0bbf64-c76f-4e03-aa71-ec697b87f517/SCLAMP_EA_Questionaire/Specify_Maize_Variety[2]
Longe 10,Improved,Seed_availability,,uuid:598606b0-c282-4773-9278-d54f0bbb740f,uuid:598606b0-c282-4773-9278-d54f0bbb740f/SCLAMP_EA_Questionaire/Specify_Maize_Variety[1]
Longe 5,Improved,Seed_availability,,uuid:598606b0-c282-4773-9278-d54f0bbb740f,uuid:598606b0-c282-4773-9278-d54f0bbb740f/SCLAMP_EA_Questionaire/Specify_Maize_Variety[2]
Longe 10,Improved,High_yielding Good_taste,,uuid:fc3ab37c-c61e-4660-8a14-b49056f3173e,uuid:fc3ab37c-c61e-4660-8a14-b49056f3173e/SCLAMP_EA_Questionaire/Specify_Maize_Variety[1]
Longe 10,Improved,Seed_availability,,uuid:429ffe3c-86a9-4cad-956e-f5a22d1bf3c5,uuid:429ffe3c-86a9-4cad-956e-f5a22d1bf3c5/SCLAMP_EA_Questionaire/Specify_Maize_Variety[1]
Longe 5,Improved,Seed_availability,,uuid:429ffe3c-86a9-4cad-956e-f5a22d1bf3c5,uuid:429ffe3c-86a9-4cad-956e-f5a22d1bf3c5/SCLAMP_EA_Questionaire/Specify_Maize_Variety[2]
Longe 10,Improved,High_yielding,,uuid:a0d37626-a05e-414c-ad78-4c39f5c41d7f,uuid:a0d37626-a05e-414c-ad78-4c39f5c41d7f/SCLAMP_EA_Questionaire/Specify_Maize_Variety[1]
Longe 5,Improved,Seed_availability Good_price_,,uuid:e217243e-5052-4eb3-b07d-689f233da586,uuid:e217243e-5052-4eb3-b07d-689f233da586/SCLAMP_EA_Questionaire/Specify_Maize_Variety[1]
BH04,Improved,Drought_tolerance High_yielding other,Heavy grains,uuid:4058abf1-5806-4577-acdb-08c86f1998dc,uuid:4058abf1-5806-4577-acdb-08c86f1998dc/SCLAMP_EA_Questionaire/Specify_Maize_Variety[1]
Longe 5,Improved,Disease_resistance,,uuid:67527d9c-9a68-4eab-9a04-e1dc985c0021,uuid:67527d9c-9a68-4eab-9a04-e1dc985c0021/SCLAMP_EA_Questionaire/Specify_Maize_Variety[1]
Longe 5,Improved,High_yielding,,uuid:d63f054e-8b3a-4fcd-9ab5-4a4552f4be52,uuid:d63f054e-8b3a-4fcd-9ab5-4a4552f4be52/SCLAMP_EA_Questionaire/Specify_Maize_Variety[1]
Longe 10,Improved,High_yielding,,uuid:d63f054e-8b3a-4fcd-9ab5-4a4552f4be52,uuid:d63f054e-8b3a-4fcd-9ab5-4a4552f4be52/SCLAMP_EA_Questionaire/Specify_Maize_Variety[2]
Longe 10,Improved,High_yielding Drought_tolerance,,uuid:d3f32d59-60c6-42e9-9009-be69647fe76f,uuid:d3f32d59-60c6-42e9-9009-be69647fe76f/SCLAMP_EA_Questionaire/Specify_Maize_Variety[1]
Longe,Improved,Seed_availability High_yielding,,uuid:5ba0aafd-498f-48fd-99e2-57a06701247e,uuid:5ba0aafd-498f-48fd-99e2-57a06701247e/SCLAMP_EA_Questionaire/Specify_Maize_Variety[1]
Longe 10,Improved,High_yielding,,uuid:598bc491-bd4d-4b7b-b969-bac4fd1d42d8,uuid:598bc491-bd4d-4b7b-b969-bac4fd1d42d8/SCLAMP_EA_Questionaire/Specify_Maize_Variety[1]
DK,Improved,High_yielding,,uuid:b812dda1-5c79-431f-99c7-8e4a7613e18e,uuid:b812dda1-5c79-431f-99c7-8e4a7613e18e/SCLAMP_EA_Questionaire/Specify_Maize_Variety[1]
Longe 10,Improved,Seed_availability,,uuid:b812dda1-5c79-431f-99c7-8e4a7613e18e,uuid:b812dda1-5c79-431f-99c7-8e4a7613e18e/SCLAMP_EA_Questionaire/Specify_Maize_Variety[2]
Longe 1,Local,Seed_availability,,uuid:712ff4bc-2557-4d1f-885a-456ba2b8f6e0,uuid:712ff4bc-2557-4d1f-885a-456ba2b8f6e0/SCLAMP_EA_Questionaire/Specify_Maize_Variety[1]
Longe 5,Improved,High_yielding,,uuid:ccc160bb-90fe-4468-93e7-9eb4d44bda2e,uuid:ccc160bb-90fe-4468-93e7-9eb4d44bda2e/SCLAMP_EA_Questionaire/Specify_Maize_Variety[1]
DK,Improved,High_yielding Drought_tolerance,,uuid:82504691-2c43-4223-ad0d-cc1b846d088a,uuid:82504691-2c43-4223-ad0d-cc1b846d088a/SCLAMP_EA_Questionaire/Specify_Maize_Variety[1]
Longe 10,Improved,Seed_availability,,uuid:af0eeb10-578b-44e5-ae64-56af198344d8,uuid:af0eeb10-578b-44e5-ae64-56af198344d8/SCLAMP_EA_Questionaire/Specify_Maize_Variety[1]
Longe 10,Improved,High_yielding,,uuid:49b74130-d328-40cc-88ef-3378391b4c87,uuid:49b74130-d328-40cc-88ef-3378391b4c87/SCLAMP_EA_Questionaire/Specify_Maize_Variety[1]
Longe 1,Improved,Seed_availability,,uuid:b978d291-c584-4b22-994c-96acf065e3b2,uuid:b978d291-c584-4b22-994c-96acf065e3b2/SCLAMP_EA_Questionaire/Specify_Maize_Variety[1]
Longe 5,Improved,Seed_availability High_yielding,,uuid:b978d291-c584-4b22-994c-96acf065e3b2,uuid:b978d291-c584-4b22-994c-96acf065e3b2/SCLAMP_EA_Questionaire/Specify_Maize_Variety[2]
Local,Local,Seed_availability,,uuid:4a8b43e4-a6eb-4686-af76-790a7601d802,uuid:4a8b43e4-a6eb-4686-af76-790a7601d802/SCLAMP_EA_Questionaire/Specify_Maize_Variety[1]
Longe 10,Improved,High_yielding Disease_resistance,,uuid:aa7d2c50-c9dc-4f1f-9dd8-c6e88e2cc9a5,uuid:aa7d2c50-c9dc-4f1f-9dd8-c6e88e2cc9a5/SCLAMP_EA_Questionaire/Specify_Maize_Variety[1]
Longe 5,Improved,High_yielding Disease_resistance,,uuid:aa7d2c50-c9dc-4f1f-9dd8-c6e88e2cc9a5,uuid:aa7d2c50-c9dc-4f1f-9dd8-c6e88e2cc9a5/SCLAMP_EA_Questionaire/Specify_Maize_Variety[2]
Longe 10,Improved,High_yielding,,uuid:ec1ce14c-c80d-44ad-ad34-2f99d1a851d1,uuid:ec1ce14c-c80d-44ad-ad34-2f99d1a851d1/SCLAMP_EA_Questionaire/Specify_Maize_Variety[1]
Local,Local,Early_maturity,,uuid:89f9f59e-07fc-479e-bcb9-705bb705edc4,uuid:89f9f59e-07fc-479e-bcb9-705bb705edc4/SCLAMP_EA_Questionaire/Specify_Maize_Variety[1]
Local,Local,Seed_availability,,uuid:81fcf54b-f3e6-40ba-b943-be12213859b1,uuid:81fcf54b-f3e6-40ba-b943-be12213859b1/SCLAMP_EA_Questionaire/Specify_Maize_Variety[1]
Local,Local,Drought_tolerance Seed_availability,,uuid:17bec21f-2470-422c-9ac0-fc85ac2d5b4e,uuid:17bec21f-2470-422c-9ac0-fc85ac2d5b4e/SCLAMP_EA_Questionaire/Specify_Maize_Variety[1]
Hybrid,Improved,High_yielding,,uuid:6b91cff1-95ec-41b1-a07b-dbd0186c1b0a,uuid:6b91cff1-95ec-41b1-a07b-dbd0186c1b0a/SCLAMP_EA_Questionaire/Specify_Maize_Variety[1]
Local,Local,Seed_availability,,uuid:2b952b15-db21-4287-94f7-7ebb0cd7855f,uuid:2b952b15-db21-4287-94f7-7ebb0cd7855f/SCLAMP_EA_Questionaire/Specify_Maize_Variety[1]
Local,Local,Seed_availability,,uuid:5eaf2b32-8c70-4383-8839-01d7460d065a,uuid:5eaf2b32-8c70-4383-8839-01d7460d065a/SCLAMP_EA_Questionaire/Specify_Maize_Variety[1]
Longe10,Improved,High_yielding other,Tolerant to poor soils,uuid:cf409ba1-8cb2-4b36-b820-913783f8c98a,uuid:cf409ba1-8cb2-4b36-b820-913783f8c98a/SCLAMP_EA_Questionaire/Specify_Maize_Variety[1]
Local,Local,other High_yielding,Big grain size,uuid:cf409ba1-8cb2-4b36-b820-913783f8c98a,uuid:cf409ba1-8cb2-4b36-b820-913783f8c98a/SCLAMP_EA_Questionaire/Specify_Maize_Variety[2]
Local,Local,Seed_availability,,uuid:6935555e-b06a-4c8a-83ee-647558eefc12,uuid:6935555e-b06a-4c8a-83ee-647558eefc12/SCLAMP_EA_Questionaire/Specify_Maize_Variety[1]
Local,Local,Drought_tolerance,,uuid:aa0d9581-4676-4d29-a17c-530995702a2c,uuid:aa0d9581-4676-4d29-a17c-530995702a2c/SCLAMP_EA_Questionaire/Specify_Maize_Variety[1]
Longe 6D,Improved,High_yielding Seed_availability,,uuid:66158315-dad7-4c2b-9ac3-0dae319b182a,uuid:66158315-dad7-4c2b-9ac3-0dae319b182a/SCLAMP_EA_Questionaire/Specify_Maize_Variety[1]
Longe 5,Improved,High_yielding,,uuid:c3f0a9a1-70b8-453c-94c9-4b129e81cad3,uuid:c3f0a9a1-70b8-453c-94c9-4b129e81cad3/SCLAMP_EA_Questionaire/Specify_Maize_Variety[1]
Longe,Improved,High_yielding,,uuid:2b670aae-b0e6-4f0c-adc3-20aef0a2d5d1,uuid:2b670aae-b0e6-4f0c-adc3-20aef0a2d5d1/SCLAMP_EA_Questionaire/Specify_Maize_Variety[1]
Bazooka,Improved,High_yielding Early_maturity,,uuid:6882eee5-40c9-4540-860e-bdb484b2ba9d,uuid:6882eee5-40c9-4540-860e-bdb484b2ba9d/SCLAMP_EA_Questionaire/Specify_Maize_Variety[1]
Longe,Improved,High_yielding,,uuid:8727aacb-70dc-49a0-a467-480a60c07678,uuid:8727aacb-70dc-49a0-a467-480a60c07678/SCLAMP_EA_Questionaire/Specify_Maize_Variety[1]
Longe 5,Local,Drought_tolerance,,uuid:bc613a4f-b477-47ea-98b7-51e1e6b4422c,uuid:bc613a4f-b477-47ea-98b7-51e1e6b4422c/SCLAMP_EA_Questionaire/Specify_Maize_Variety[1]
Longe 5,Local,Seed_availability Drought_tolerance,,uuid:e8873d10-8971-4927-ae58-2b12967e98a9,uuid:e8873d10-8971-4927-ae58-2b12967e98a9/SCLAMP_EA_Questionaire/Specify_Maize_Variety[1]
Longe10,Improved,High_yielding other,Good for the soils here,uuid:d64c2b96-bfb8-410e-95d1-c50a820bc67e,uuid:d64c2b96-bfb8-410e-95d1-c50a820bc67e/SCLAMP_EA_Questionaire/Specify_Maize_Variety[1]
Local,Local,Seed_availability,,uuid:d64c2b96-bfb8-410e-95d1-c50a820bc67e,uuid:d64c2b96-bfb8-410e-95d1-c50a820bc67e/SCLAMP_EA_Questionaire/Specify_Maize_Variety[2]
Kawanda,Local,Seed_availability,,uuid:2a396277-966e-4286-b12b-7565146c7a8d,uuid:2a396277-966e-4286-b12b-7565146c7a8d/SCLAMP_EA_Questionaire/Specify_Maize_Variety[1]
Kawanda,Local,Seed_availability,,uuid:33f0db65-4aa7-4acf-b675-dc0afccc921e,uuid:33f0db65-4aa7-4acf-b675-dc0afccc921e/SCLAMP_EA_Questionaire/Specify_Maize_Variety[1]
Kawanda,Local,High_yielding,,uuid:edb2cacb-b8f5-4c97-97d1-333aa9566a8a,uuid:edb2cacb-b8f5-4c97-97d1-333aa9566a8a/SCLAMP_EA_Questionaire/Specify_Maize_Variety[1]
Longe10,Improved,other High_yielding,Performs well in poor soils,uuid:72f7b252-ff9a-461e-bf2d-c07cd669adf0,uuid:72f7b252-ff9a-461e-bf2d-c07cd669adf0/SCLAMP_EA_Questionaire/Specify_Maize_Variety[1]
Longe 10,Improved,High_yielding,,uuid:fb24a20d-12ba-46df-b329-f1164876fea8,uuid:fb24a20d-12ba-46df-b329-f1164876fea8/SCLAMP_EA_Questionaire/Specify_Maize_Variety[1]
Longe 5,Improved,other,Cheap affordable  seedlings,uuid:b7ddd784-ac1c-4215-8af1-c6d39a8db4d9,uuid:b7ddd784-ac1c-4215-8af1-c6d39a8db4d9/SCLAMP_EA_Questionaire/Specify_Maize_Variety[1]
Longe 10,Improved,High_yielding Early_maturity Drought_tolerance,,uuid:c0d1cec6-0b11-48a0-96a3-af1e3e6fa999,uuid:c0d1cec6-0b11-48a0-96a3-af1e3e6fa999/SCLAMP_EA_Questionaire/Specify_Maize_Variety[1]
Longe 5,Improved,Drought_tolerance High_yielding Early_maturity Seed_availability,,uuid:c0d1cec6-0b11-48a0-96a3-af1e3e6fa999,uuid:c0d1cec6-0b11-48a0-96a3-af1e3e6fa999/SCLAMP_EA_Questionaire/Specify_Maize_Variety[2]
Longe 5,Improved,Good_taste High_yielding,,uuid:933e068e-104d-4951-9f5e-888ca8e60b82,uuid:933e068e-104d-4951-9f5e-888ca8e60b82/SCLAMP_EA_Questionaire/Specify_Maize_Variety[1]
Longe 10,Improved,High_yielding Early_maturity Drought_tolerance,,uuid:d0520b03-6669-47e5-bfad-8d6ca11b00ef,uuid:d0520b03-6669-47e5-bfad-8d6ca11b00ef/SCLAMP_EA_Questionaire/Specify_Maize_Variety[1]
Longe 1,Improved,High_yielding other,Low prices for seedlings,uuid:8238cb1a-dc5c-4eba-a66c-37fe7daf6375,uuid:8238cb1a-dc5c-4eba-a66c-37fe7daf6375/SCLAMP_EA_Questionaire/Specify_Maize_Variety[1]
Longe 5,Improved,High_yielding Seed_availability Early_maturity Drought_tolerance,,uuid:e226cb30-f92f-4c04-909e-98ad7a382f0a,uuid:e226cb30-f92f-4c04-909e-98ad7a382f0a/SCLAMP_EA_Questionaire/Specify_Maize_Variety[1]
Basuka,Improved,High_yielding Early_maturity,,uuid:22c4b622-938e-42f3-8fe9-a214a8e0182e,uuid:22c4b622-938e-42f3-8fe9-a214a8e0182e/SCLAMP_EA_Questionaire/Specify_Maize_Variety[1]
Longe 5,Improved,Early_maturity,,uuid:287285d8-a9e5-4863-bc66-3ac55fc9c006,uuid:287285d8-a9e5-4863-bc66-3ac55fc9c006/SCLAMP_EA_Questionaire/Specify_Maize_Variety[1]
I don't know,Improved,High_yielding Early_maturity,,uuid:ea66a161-0dd8-43e7-9421-51cbc4380b8e,uuid:ea66a161-0dd8-43e7-9421-51cbc4380b8e/SCLAMP_EA_Questionaire/Specify_Maize_Variety[1]
Longe 10,Improved,High_yielding Early_maturity,,uuid:b17ca88b-3d49-4c3b-af0c-b004675debea,uuid:b17ca88b-3d49-4c3b-af0c-b004675debea/SCLAMP_EA_Questionaire/Specify_Maize_Variety[1]
Longe 10,Improved,Seed_availability,,uuid:0418f7af-7471-4814-94df-b86dc57aaa57,uuid:0418f7af-7471-4814-94df-b86dc57aaa57/SCLAMP_EA_Questionaire/Specify_Maize_Variety[1]
I don't know the name,Improved,High_yielding Early_maturity,,uuid:0418f7af-7471-4814-94df-b86dc57aaa57,uuid:0418f7af-7471-4814-94df-b86dc57aaa57/SCLAMP_EA_Questionaire/Specify_Maize_Variety[2]
Basuka,Improved,Seed_availability,,uuid:e1e9b848-4ed4-440b-8a64-98a747ee143f,uuid:e1e9b848-4ed4-440b-8a64-98a747ee143f/SCLAMP_EA_Questionaire/Specify_Maize_Variety[1]
Longe 10,Improved,High_yielding Early_maturity,,uuid:54592387-8f0a-4a59-8c9f-9e5839dd8404,uuid:54592387-8f0a-4a59-8c9f-9e5839dd8404/SCLAMP_EA_Questionaire/Specify_Maize_Variety[1]
Do not know name,Local,Seed_availability High_yielding,,uuid:805cf1b9-4e28-4e62-8fae-6888c0ab8f2c,uuid:805cf1b9-4e28-4e62-8fae-6888c0ab8f2c/SCLAMP_EA_Questionaire/Specify_Maize_Variety[1]
Longe 10,Improved,High_yielding,,uuid:5439f74c-72b3-41a7-8a4d-3496abab785b,uuid:5439f74c-72b3-41a7-8a4d-3496abab785b/SCLAMP_EA_Questionaire/Specify_Maize_Variety[1]
Longe 10,Improved,Good_taste High_yielding,,uuid:582da7c3-26ab-4008-afe0-ed711c4d0380,uuid:582da7c3-26ab-4008-afe0-ed711c4d0380/SCLAMP_EA_Questionaire/Specify_Maize_Variety[1]
Longe 10,Improved,High_yielding,,uuid:4c06ad3e-98dd-4759-9266-edbef2207e99,uuid:4c06ad3e-98dd-4759-9266-edbef2207e99/SCLAMP_EA_Questionaire/Specify_Maize_Variety[1]
Longe 5,Improved,High_yielding,,uuid:16c01cba-33ce-4578-b55f-c44ccd6e4189,uuid:16c01cba-33ce-4578-b55f-c44ccd6e4189/SCLAMP_EA_Questionaire/Specify_Maize_Variety[1]
Longe 5,Improved,Seed_availability High_yielding,,uuid:f682731b-3d6b-4491-b8fe-b14d0971e11a,uuid:f682731b-3d6b-4491-b8fe-b14d0971e11a/SCLAMP_EA_Questionaire/Specify_Maize_Variety[1]
Longe 5,Improved,High_yielding Insect_pest_resistance Good_price_,,uuid:97353fa9-ebc4-43a4-8b23-ce8d1f79d791,uuid:97353fa9-ebc4-43a4-8b23-ce8d1f79d791/SCLAMP_EA_Questionaire/Specify_Maize_Variety[1]
Longe 5,Improved,High_yielding Early_maturity Insect_pest_resistance,,uuid:a7944a93-8b27-4870-9370-e4e4d1dec72b,uuid:a7944a93-8b27-4870-9370-e4e4d1dec72b/SCLAMP_EA_Questionaire/Specify_Maize_Variety[1]
Longe 5,Improved,other Good_price_,Head buys,uuid:c1c7151a-133e-4c95-afb6-ef800a314c44,uuid:c1c7151a-133e-4c95-afb6-ef800a314c44/SCLAMP_EA_Questionaire/Specify_Maize_Variety[1]
Longe 5,Improved,High_yielding Disease_resistance Insect_pest_resistance,,uuid:a315471a-5314-4119-91ea-daf90803b1ce,uuid:a315471a-5314-4119-91ea-daf90803b1ce/SCLAMP_EA_Questionaire/Specify_Maize_Variety[1]
DK,Improved,Disease_resistance Seed_availability Insect_pest_resistance,,uuid:a315471a-5314-4119-91ea-daf90803b1ce,uuid:a315471a-5314-4119-91ea-daf90803b1ce/SCLAMP_EA_Questionaire/Specify_Maize_Variety[2]
Longe 5,Improved,High_yielding Early_maturity,,uuid:83177d03-e631-44d2-9f90-da427bcd0b74,uuid:83177d03-e631-44d2-9f90-da427bcd0b74/SCLAMP_EA_Questionaire/Specify_Maize_Variety[1]
Longe 10,Improved,Disease_resistance High_yielding Good_taste,,uuid:07c584f5-10c8-436a-8230-9ae9614b48bf,uuid:07c584f5-10c8-436a-8230-9ae9614b48bf/SCLAMP_EA_Questionaire/Specify_Maize_Variety[1]
Longe 5,Improved,High_yielding Early_maturity other,Persists  on bad land,uuid:4d85ed3e-f728-40c6-ae4e-1c6269b586ea,uuid:4d85ed3e-f728-40c6-ae4e-1c6269b586ea/SCLAMP_EA_Questionaire/Specify_Maize_Variety[1]
Longe 10,Improved,High_yielding Early_maturity other,Heavy seeds when selling,uuid:ac7d1a54-b90d-4a04-9286-b09110c2c79b,uuid:ac7d1a54-b90d-4a04-9286-b09110c2c79b/SCLAMP_EA_Questionaire/Specify_Maize_Variety[1]
Longe10,Improved,High_yielding Disease_resistance Early_maturity,,uuid:5beecaba-3f99-4397-9acf-e0a47debc7bd,uuid:5beecaba-3f99-4397-9acf-e0a47debc7bd/SCLAMP_EA_Questionaire/Specify_Maize_Variety[1]
Longe 5,Improved,High_yielding Disease_resistance Early_maturity,,uuid:5beecaba-3f99-4397-9acf-e0a47debc7bd,uuid:5beecaba-3f99-4397-9acf-e0a47debc7bd/SCLAMP_EA_Questionaire/Specify_Maize_Variety[2]
Longe 5,Improved,High_yielding Disease_resistance other,Persists in infertile soils,uuid:daae7233-f0fd-4be9-8a37-4111f98b9ab7,uuid:daae7233-f0fd-4be9-8a37-4111f98b9ab7/SCLAMP_EA_Questionaire/Specify_Maize_Variety[1]
Longe 5,Improved,High_yielding Good_taste Good_price_,,uuid:10a33ce9-94d9-4aec-8e1a-f4c6dbcc5f5e,uuid:10a33ce9-94d9-4aec-8e1a-f4c6dbcc5f5e/SCLAMP_EA_Questionaire/Specify_Maize_Variety[1]
Longe 10,Improved,High_yielding Good_price_ High_market_demand,,uuid:10a33ce9-94d9-4aec-8e1a-f4c6dbcc5f5e,uuid:10a33ce9-94d9-4aec-8e1a-f4c6dbcc5f5e/SCLAMP_EA_Questionaire/Specify_Maize_Variety[2]
Longe 10,Improved,High_yielding,,uuid:790a7e62-b2c7-4d49-9318-a8df9c3096e9,uuid:790a7e62-b2c7-4d49-9318-a8df9c3096e9/SCLAMP_EA_Questionaire/Specify_Maize_Variety[1]
Local,Local,Disease_resistance Seed_availability Insect_pest_resistance High_market_demand,,uuid:790a7e62-b2c7-4d49-9318-a8df9c3096e9,uuid:790a7e62-b2c7-4d49-9318-a8df9c3096e9/SCLAMP_EA_Questionaire/Specify_Maize_Variety[2]
Longe 10,Improved,High_yielding,,uuid:f9d1646e-db43-4495-8fc4-7c92357bdbfd,uuid:f9d1646e-db43-4495-8fc4-7c92357bdbfd/SCLAMP_EA_Questionaire/Specify_Maize_Variety[1]
Bazuka ,Improved,High_yielding,,uuid:b7b6322f-b708-4475-a408-6b7338e7fb92,uuid:b7b6322f-b708-4475-a408-6b7338e7fb92/SCLAMP_EA_Questionaire/Specify_Maize_Variety[1]
Local ,Local,Disease_resistance Insect_pest_resistance,,uuid:b7b6322f-b708-4475-a408-6b7338e7fb92,uuid:b7b6322f-b708-4475-a408-6b7338e7fb92/SCLAMP_EA_Questionaire/Specify_Maize_Variety[2]
Longe 5,Improved,Seed_availability,,uuid:be1088bd-fded-4c04-9579-7b20c04053fd,uuid:be1088bd-fded-4c04-9579-7b20c04053fd/SCLAMP_EA_Questionaire/Specify_Maize_Variety[1]
Bazuka,Improved,High_yielding,,uuid:be1088bd-fded-4c04-9579-7b20c04053fd,uuid:be1088bd-fded-4c04-9579-7b20c04053fd/SCLAMP_EA_Questionaire/Specify_Maize_Variety[2]
Longe 5,Improved,High_yielding,,uuid:e25e3ec5-33cd-4725-954c-defc0b9c0422,uuid:e25e3ec5-33cd-4725-954c-defc0b9c0422/SCLAMP_EA_Questionaire/Specify_Maize_Variety[1]
Longe 10,Improved,High_yielding other,Big grains,uuid:e25e3ec5-33cd-4725-954c-defc0b9c0422,uuid:e25e3ec5-33cd-4725-954c-defc0b9c0422/SCLAMP_EA_Questionaire/Specify_Maize_Variety[2]
Longe 1,Improved,Early_maturity High_yielding,,uuid:d882ddfb-dd1a-4cc4-973a-aa0e90fc69bc,uuid:d882ddfb-dd1a-4cc4-973a-aa0e90fc69bc/SCLAMP_EA_Questionaire/Specify_Maize_Variety[1]
Bazuka,Improved,High_yielding,,uuid:c7d2ff26-8041-4025-9544-b0ce88abfb2b,uuid:c7d2ff26-8041-4025-9544-b0ce88abfb2b/SCLAMP_EA_Questionaire/Specify_Maize_Variety[1]
Phika,Improved,High_yielding,,uuid:c7d2ff26-8041-4025-9544-b0ce88abfb2b,uuid:c7d2ff26-8041-4025-9544-b0ce88abfb2b/SCLAMP_EA_Questionaire/Specify_Maize_Variety[2]
Dk,Improved,Early_maturity High_yielding,,uuid:11c110f1-0254-4c04-9ab0-3280229e1356,uuid:11c110f1-0254-4c04-9ab0-3280229e1356/SCLAMP_EA_Questionaire/Specify_Maize_Variety[1]
Longe 10,Improved,Early_maturity,,uuid:11c110f1-0254-4c04-9ab0-3280229e1356,uuid:11c110f1-0254-4c04-9ab0-3280229e1356/SCLAMP_EA_Questionaire/Specify_Maize_Variety[2]
