three_other_constraints_for_tomato_production_Aug_Sept_2020,other_constraints_for_tomato_production_Aug_Sept_2020,level_of_severity_tomato_production_Aug_Sept_2020,PARENT_KEY,KEY
Cut_worm,,Low,uuid:a3ccb1fc-001f-4975-9b72-afabca6a6a2e/SCLAMP_EA_Questionaire/Short_rain_season/Aug_Sept_2020[1],uuid:a3ccb1fc-001f-4975-9b72-afabca6a6a2e/SCLAMP_EA_Questionaire/Short_rain_season/Aug_Sept_2020[1]/constraints_for_tomato_production_Aug_Sept_2020[1]
other,Drying of leaves ,Medium,uuid:c20819bc-dcc6-4721-9655-d60f80ac911d/SCLAMP_EA_Questionaire/Short_rain_season/Aug_Sept_2020[2],uuid:c20819bc-dcc6-4721-9655-d60f80ac911d/SCLAMP_EA_Questionaire/Short_rain_season/Aug_Sept_2020[2]/constraints_for_tomato_production_Aug_Sept_2020[1]
other,Caterpillars,Low,uuid:c20819bc-dcc6-4721-9655-d60f80ac911d/SCLAMP_EA_Questionaire/Short_rain_season/Aug_Sept_2020[2],uuid:c20819bc-dcc6-4721-9655-d60f80ac911d/SCLAMP_EA_Questionaire/Short_rain_season/Aug_Sept_2020[2]/constraints_for_tomato_production_Aug_Sept_2020[2]
other,Leaves turn to ash like,Low,uuid:c20819bc-dcc6-4721-9655-d60f80ac911d/SCLAMP_EA_Questionaire/Short_rain_season/Aug_Sept_2020[2],uuid:c20819bc-dcc6-4721-9655-d60f80ac911d/SCLAMP_EA_Questionaire/Short_rain_season/Aug_Sept_2020[2]/constraints_for_tomato_production_Aug_Sept_2020[3]
other,Drying of plants ,High,uuid:47874c59-ec6e-4ee9-a583-f75e61074196/SCLAMP_EA_Questionaire/Short_rain_season/Aug_Sept_2020[1],uuid:47874c59-ec6e-4ee9-a583-f75e61074196/SCLAMP_EA_Questionaire/Short_rain_season/Aug_Sept_2020[1]/constraints_for_tomato_production_Aug_Sept_2020[1]
Shortage_of_rain,,High,uuid:47874c59-ec6e-4ee9-a583-f75e61074196/SCLAMP_EA_Questionaire/Short_rain_season/Aug_Sept_2020[1],uuid:47874c59-ec6e-4ee9-a583-f75e61074196/SCLAMP_EA_Questionaire/Short_rain_season/Aug_Sept_2020[1]/constraints_for_tomato_production_Aug_Sept_2020[2]
other,Animals ,Low,uuid:47874c59-ec6e-4ee9-a583-f75e61074196/SCLAMP_EA_Questionaire/Short_rain_season/Aug_Sept_2020[1],uuid:47874c59-ec6e-4ee9-a583-f75e61074196/SCLAMP_EA_Questionaire/Short_rain_season/Aug_Sept_2020[1]/constraints_for_tomato_production_Aug_Sept_2020[3]
Aphids,,Low,uuid:5a10310c-170c-4ec9-abcb-00272c02fea4/SCLAMP_EA_Questionaire/Short_rain_season/Aug_Sept_2020[1],uuid:5a10310c-170c-4ec9-abcb-00272c02fea4/SCLAMP_EA_Questionaire/Short_rain_season/Aug_Sept_2020[1]/constraints_for_tomato_production_Aug_Sept_2020[1]
Ballworm,,Medium,uuid:e299f4eb-8fda-4c6d-9ce8-244fff556ffa/SCLAMP_EA_Questionaire/Short_rain_season/Aug_Sept_2020[1],uuid:e299f4eb-8fda-4c6d-9ce8-244fff556ffa/SCLAMP_EA_Questionaire/Short_rain_season/Aug_Sept_2020[1]/constraints_for_tomato_production_Aug_Sept_2020[1]
Shortage_of_rain,,High,uuid:e299f4eb-8fda-4c6d-9ce8-244fff556ffa/SCLAMP_EA_Questionaire/Short_rain_season/Aug_Sept_2020[1],uuid:e299f4eb-8fda-4c6d-9ce8-244fff556ffa/SCLAMP_EA_Questionaire/Short_rain_season/Aug_Sept_2020[1]/constraints_for_tomato_production_Aug_Sept_2020[2]
other,Too much sunshine,High,uuid:1a9ec839-9334-4076-9d8b-4f84d65c60c2/SCLAMP_EA_Questionaire/Short_rain_season/Aug_Sept_2020[1],uuid:1a9ec839-9334-4076-9d8b-4f84d65c60c2/SCLAMP_EA_Questionaire/Short_rain_season/Aug_Sept_2020[1]/constraints_for_tomato_production_Aug_Sept_2020[1]
Aphids,,Medium,uuid:57b8fcb2-2b67-49c3-8021-63d05217bd33/SCLAMP_EA_Questionaire/Short_rain_season/Aug_Sept_2020[2],uuid:57b8fcb2-2b67-49c3-8021-63d05217bd33/SCLAMP_EA_Questionaire/Short_rain_season/Aug_Sept_2020[2]/constraints_for_tomato_production_Aug_Sept_2020[1]
Shortage_of_rain,,Medium,uuid:57b8fcb2-2b67-49c3-8021-63d05217bd33/SCLAMP_EA_Questionaire/Short_rain_season/Aug_Sept_2020[2],uuid:57b8fcb2-2b67-49c3-8021-63d05217bd33/SCLAMP_EA_Questionaire/Short_rain_season/Aug_Sept_2020[2]/constraints_for_tomato_production_Aug_Sept_2020[2]
other,Falling off the flowers,Medium,uuid:d9cfae01-f338-4bca-a087-16ef9947f586/SCLAMP_EA_Questionaire/Short_rain_season/Aug_Sept_2020[1],uuid:d9cfae01-f338-4bca-a087-16ef9947f586/SCLAMP_EA_Questionaire/Short_rain_season/Aug_Sept_2020[1]/constraints_for_tomato_production_Aug_Sept_2020[1]
other,Animals,Medium,uuid:903ef8da-3ef5-4aed-a642-1fb56ecca819/SCLAMP_EA_Questionaire/Short_rain_season/Aug_Sept_2020[2],uuid:903ef8da-3ef5-4aed-a642-1fb56ecca819/SCLAMP_EA_Questionaire/Short_rain_season/Aug_Sept_2020[2]/constraints_for_tomato_production_Aug_Sept_2020[1]
other,Pests,High,uuid:903ef8da-3ef5-4aed-a642-1fb56ecca819/SCLAMP_EA_Questionaire/Short_rain_season/Aug_Sept_2020[2],uuid:903ef8da-3ef5-4aed-a642-1fb56ecca819/SCLAMP_EA_Questionaire/Short_rain_season/Aug_Sept_2020[2]/constraints_for_tomato_production_Aug_Sept_2020[2]
Shortage_of_rain,,High,uuid:706361f5-93fc-4792-a155-95133b358e6e/SCLAMP_EA_Questionaire/Short_rain_season/Aug_Sept_2020[1],uuid:706361f5-93fc-4792-a155-95133b358e6e/SCLAMP_EA_Questionaire/Short_rain_season/Aug_Sept_2020[1]/constraints_for_tomato_production_Aug_Sept_2020[1]
Shortage_of_rain,,High,uuid:11ab4f84-6da2-4af9-b6ac-94a76465934c/SCLAMP_EA_Questionaire/Short_rain_season/Aug_Sept_2020[2],uuid:11ab4f84-6da2-4af9-b6ac-94a76465934c/SCLAMP_EA_Questionaire/Short_rain_season/Aug_Sept_2020[2]/constraints_for_tomato_production_Aug_Sept_2020[1]
Soil_fertility_exhaustion_,,Medium,uuid:11ab4f84-6da2-4af9-b6ac-94a76465934c/SCLAMP_EA_Questionaire/Short_rain_season/Aug_Sept_2020[2],uuid:11ab4f84-6da2-4af9-b6ac-94a76465934c/SCLAMP_EA_Questionaire/Short_rain_season/Aug_Sept_2020[2]/constraints_for_tomato_production_Aug_Sept_2020[2]
other,None,Low,uuid:eadc2067-16c3-4a6c-a3ee-5b82aab8063d/SCLAMP_EA_Questionaire/Short_rain_season/Aug_Sept_2020[1],uuid:eadc2067-16c3-4a6c-a3ee-5b82aab8063d/SCLAMP_EA_Questionaire/Short_rain_season/Aug_Sept_2020[1]/constraints_for_tomato_production_Aug_Sept_2020[1]
other,None,Low,uuid:eadc2067-16c3-4a6c-a3ee-5b82aab8063d/SCLAMP_EA_Questionaire/Short_rain_season/Aug_Sept_2020[1],uuid:eadc2067-16c3-4a6c-a3ee-5b82aab8063d/SCLAMP_EA_Questionaire/Short_rain_season/Aug_Sept_2020[1]/constraints_for_tomato_production_Aug_Sept_2020[2]
Plant_diseases_,,High,uuid:5314ad27-7f11-4c87-ab6b-baf35d397e26/SCLAMP_EA_Questionaire/Short_rain_season/Aug_Sept_2020[1],uuid:5314ad27-7f11-4c87-ab6b-baf35d397e26/SCLAMP_EA_Questionaire/Short_rain_season/Aug_Sept_2020[1]/constraints_for_tomato_production_Aug_Sept_2020[1]
Plant_diseases_,,High,uuid:873f1ee1-be06-4f31-9bee-e7532a26ef6f/SCLAMP_EA_Questionaire/Short_rain_season/Aug_Sept_2020[2],uuid:873f1ee1-be06-4f31-9bee-e7532a26ef6f/SCLAMP_EA_Questionaire/Short_rain_season/Aug_Sept_2020[2]/constraints_for_tomato_production_Aug_Sept_2020[1]
Other_leaf_miners_Lirimyza_spec,,High,uuid:a1f01dba-b7db-4c61-9e6b-5a36ba9eca0b/SCLAMP_EA_Questionaire/Short_rain_season/Aug_Sept_2020[2],uuid:a1f01dba-b7db-4c61-9e6b-5a36ba9eca0b/SCLAMP_EA_Questionaire/Short_rain_season/Aug_Sept_2020[2]/constraints_for_tomato_production_Aug_Sept_2020[1]
Shortage_of_rain,,Medium,uuid:a1f01dba-b7db-4c61-9e6b-5a36ba9eca0b/SCLAMP_EA_Questionaire/Short_rain_season/Aug_Sept_2020[2],uuid:a1f01dba-b7db-4c61-9e6b-5a36ba9eca0b/SCLAMP_EA_Questionaire/Short_rain_season/Aug_Sept_2020[2]/constraints_for_tomato_production_Aug_Sept_2020[2]
Leaf_eaters_,,Medium,uuid:a1f01dba-b7db-4c61-9e6b-5a36ba9eca0b/SCLAMP_EA_Questionaire/Short_rain_season/Aug_Sept_2020[2],uuid:a1f01dba-b7db-4c61-9e6b-5a36ba9eca0b/SCLAMP_EA_Questionaire/Short_rain_season/Aug_Sept_2020[2]/constraints_for_tomato_production_Aug_Sept_2020[3]
Other_leaf_miners_Lirimyza_spec,,High,uuid:3c611499-021b-49f1-bbc1-7c1b21db8a8c/SCLAMP_EA_Questionaire/Short_rain_season/Aug_Sept_2020[2],uuid:3c611499-021b-49f1-bbc1-7c1b21db8a8c/SCLAMP_EA_Questionaire/Short_rain_season/Aug_Sept_2020[2]/constraints_for_tomato_production_Aug_Sept_2020[1]
Plant_diseases_,,Medium,uuid:3c611499-021b-49f1-bbc1-7c1b21db8a8c/SCLAMP_EA_Questionaire/Short_rain_season/Aug_Sept_2020[2],uuid:3c611499-021b-49f1-bbc1-7c1b21db8a8c/SCLAMP_EA_Questionaire/Short_rain_season/Aug_Sept_2020[2]/constraints_for_tomato_production_Aug_Sept_2020[2]
other,Animals  ,Medium,uuid:3c611499-021b-49f1-bbc1-7c1b21db8a8c/SCLAMP_EA_Questionaire/Short_rain_season/Aug_Sept_2020[2],uuid:3c611499-021b-49f1-bbc1-7c1b21db8a8c/SCLAMP_EA_Questionaire/Short_rain_season/Aug_Sept_2020[2]/constraints_for_tomato_production_Aug_Sept_2020[3]
Other_leaf_miners_Lirimyza_spec,,High,uuid:be1a5f69-18ae-42cb-a598-205ca08f3c60/SCLAMP_EA_Questionaire/Short_rain_season/Aug_Sept_2020[2],uuid:be1a5f69-18ae-42cb-a598-205ca08f3c60/SCLAMP_EA_Questionaire/Short_rain_season/Aug_Sept_2020[2]/constraints_for_tomato_production_Aug_Sept_2020[1]
other,Cloudy,High,uuid:be1a5f69-18ae-42cb-a598-205ca08f3c60/SCLAMP_EA_Questionaire/Short_rain_season/Aug_Sept_2020[2],uuid:be1a5f69-18ae-42cb-a598-205ca08f3c60/SCLAMP_EA_Questionaire/Short_rain_season/Aug_Sept_2020[2]/constraints_for_tomato_production_Aug_Sept_2020[2]
Shortage_of_rain,,Medium,uuid:be1a5f69-18ae-42cb-a598-205ca08f3c60/SCLAMP_EA_Questionaire/Short_rain_season/Aug_Sept_2020[2],uuid:be1a5f69-18ae-42cb-a598-205ca08f3c60/SCLAMP_EA_Questionaire/Short_rain_season/Aug_Sept_2020[2]/constraints_for_tomato_production_Aug_Sept_2020[3]
Plant_diseases_,,High,uuid:ddb9a876-1be6-4949-bc16-2883a09c32cb/SCLAMP_EA_Questionaire/Short_rain_season/Aug_Sept_2020[3],uuid:ddb9a876-1be6-4949-bc16-2883a09c32cb/SCLAMP_EA_Questionaire/Short_rain_season/Aug_Sept_2020[3]/constraints_for_tomato_production_Aug_Sept_2020[1]
Other_leaf_miners_Lirimyza_spec,,High,uuid:e0914409-b489-41f0-b23a-56e2cf00b20f/SCLAMP_EA_Questionaire/Short_rain_season/Aug_Sept_2020[2],uuid:e0914409-b489-41f0-b23a-56e2cf00b20f/SCLAMP_EA_Questionaire/Short_rain_season/Aug_Sept_2020[2]/constraints_for_tomato_production_Aug_Sept_2020[1]
other,Rats,Medium,uuid:e0914409-b489-41f0-b23a-56e2cf00b20f/SCLAMP_EA_Questionaire/Short_rain_season/Aug_Sept_2020[2],uuid:e0914409-b489-41f0-b23a-56e2cf00b20f/SCLAMP_EA_Questionaire/Short_rain_season/Aug_Sept_2020[2]/constraints_for_tomato_production_Aug_Sept_2020[2]
Aphids,,Low,uuid:e0914409-b489-41f0-b23a-56e2cf00b20f/SCLAMP_EA_Questionaire/Short_rain_season/Aug_Sept_2020[2],uuid:e0914409-b489-41f0-b23a-56e2cf00b20f/SCLAMP_EA_Questionaire/Short_rain_season/Aug_Sept_2020[2]/constraints_for_tomato_production_Aug_Sept_2020[3]
Too_much_rain,,Low,uuid:31db2250-5242-465d-8b42-589aa9703d7e/SCLAMP_EA_Questionaire/Short_rain_season/Aug_Sept_2020[2],uuid:31db2250-5242-465d-8b42-589aa9703d7e/SCLAMP_EA_Questionaire/Short_rain_season/Aug_Sept_2020[2]/constraints_for_tomato_production_Aug_Sept_2020[1]
Other_leaf_miners_Lirimyza_spec,,High,uuid:a773bc95-53fc-4f21-8bbc-e14eff96e268/SCLAMP_EA_Questionaire/Short_rain_season/Aug_Sept_2020[2],uuid:a773bc95-53fc-4f21-8bbc-e14eff96e268/SCLAMP_EA_Questionaire/Short_rain_season/Aug_Sept_2020[2]/constraints_for_tomato_production_Aug_Sept_2020[1]
Shortage_of_rain,,Medium,uuid:a773bc95-53fc-4f21-8bbc-e14eff96e268/SCLAMP_EA_Questionaire/Short_rain_season/Aug_Sept_2020[2],uuid:a773bc95-53fc-4f21-8bbc-e14eff96e268/SCLAMP_EA_Questionaire/Short_rain_season/Aug_Sept_2020[2]/constraints_for_tomato_production_Aug_Sept_2020[2]
Plant_diseases_,,Low,uuid:a773bc95-53fc-4f21-8bbc-e14eff96e268/SCLAMP_EA_Questionaire/Short_rain_season/Aug_Sept_2020[2],uuid:a773bc95-53fc-4f21-8bbc-e14eff96e268/SCLAMP_EA_Questionaire/Short_rain_season/Aug_Sept_2020[2]/constraints_for_tomato_production_Aug_Sept_2020[3]
other,Tomato wilt,High,uuid:c02a1732-25c3-409b-a2b8-fd92dd5cabaf/SCLAMP_EA_Questionaire/Short_rain_season/Aug_Sept_2020[2],uuid:c02a1732-25c3-409b-a2b8-fd92dd5cabaf/SCLAMP_EA_Questionaire/Short_rain_season/Aug_Sept_2020[2]/constraints_for_tomato_production_Aug_Sept_2020[1]
other,Tomato wilt,High,uuid:1bfdb3e2-a6f2-4daf-95a6-1246c02b46c9/SCLAMP_EA_Questionaire/Short_rain_season/Aug_Sept_2020[3],uuid:1bfdb3e2-a6f2-4daf-95a6-1246c02b46c9/SCLAMP_EA_Questionaire/Short_rain_season/Aug_Sept_2020[3]/constraints_for_tomato_production_Aug_Sept_2020[1]
Shortage_of_rain,,High,uuid:c719d895-cab8-46f5-b221-7974f040a92f/SCLAMP_EA_Questionaire/Short_rain_season/Aug_Sept_2020[1],uuid:c719d895-cab8-46f5-b221-7974f040a92f/SCLAMP_EA_Questionaire/Short_rain_season/Aug_Sept_2020[1]/constraints_for_tomato_production_Aug_Sept_2020[1]
Other_leaf_miners_Lirimyza_spec,,High,uuid:e699e0c1-d33a-46c1-b4f6-9cba00fa8359/SCLAMP_EA_Questionaire/Short_rain_season/Aug_Sept_2020[2],uuid:e699e0c1-d33a-46c1-b4f6-9cba00fa8359/SCLAMP_EA_Questionaire/Short_rain_season/Aug_Sept_2020[2]/constraints_for_tomato_production_Aug_Sept_2020[1]
Leaf_eaters_,,Medium,uuid:e699e0c1-d33a-46c1-b4f6-9cba00fa8359/SCLAMP_EA_Questionaire/Short_rain_season/Aug_Sept_2020[2],uuid:e699e0c1-d33a-46c1-b4f6-9cba00fa8359/SCLAMP_EA_Questionaire/Short_rain_season/Aug_Sept_2020[2]/constraints_for_tomato_production_Aug_Sept_2020[2]
Shortage_of_rain,,Low,uuid:e699e0c1-d33a-46c1-b4f6-9cba00fa8359/SCLAMP_EA_Questionaire/Short_rain_season/Aug_Sept_2020[2],uuid:e699e0c1-d33a-46c1-b4f6-9cba00fa8359/SCLAMP_EA_Questionaire/Short_rain_season/Aug_Sept_2020[2]/constraints_for_tomato_production_Aug_Sept_2020[3]
Drought,,High,uuid:b4d52370-d1f0-464e-a3e6-37ac3186d773/SCLAMP_EA_Questionaire/Short_rain_season/Aug_Sept_2020[2],uuid:b4d52370-d1f0-464e-a3e6-37ac3186d773/SCLAMP_EA_Questionaire/Short_rain_season/Aug_Sept_2020[2]/constraints_for_tomato_production_Aug_Sept_2020[1]
Drought,,High,uuid:d5a2921d-f23c-4589-ac93-325beefa9f23/SCLAMP_EA_Questionaire/Short_rain_season/Aug_Sept_2020[2],uuid:d5a2921d-f23c-4589-ac93-325beefa9f23/SCLAMP_EA_Questionaire/Short_rain_season/Aug_Sept_2020[2]/constraints_for_tomato_production_Aug_Sept_2020[1]
Too_much_rain,,High,uuid:84c6c6fa-8c01-4304-b791-a52cc87ef860/SCLAMP_EA_Questionaire/Short_rain_season/Aug_Sept_2020[1],uuid:84c6c6fa-8c01-4304-b791-a52cc87ef860/SCLAMP_EA_Questionaire/Short_rain_season/Aug_Sept_2020[1]/constraints_for_tomato_production_Aug_Sept_2020[1]
Other_leaf_miners_Lirimyza_spec,,High,uuid:d394be21-da52-4a1d-8b99-1d236c40d072/SCLAMP_EA_Questionaire/Short_rain_season/Aug_Sept_2020[2],uuid:d394be21-da52-4a1d-8b99-1d236c40d072/SCLAMP_EA_Questionaire/Short_rain_season/Aug_Sept_2020[2]/constraints_for_tomato_production_Aug_Sept_2020[1]
Other_leaf_miners_Lirimyza_spec,,High,uuid:70e9b71c-5419-4c1b-80af-5996633daaf1/SCLAMP_EA_Questionaire/Short_rain_season/Aug_Sept_2020[2],uuid:70e9b71c-5419-4c1b-80af-5996633daaf1/SCLAMP_EA_Questionaire/Short_rain_season/Aug_Sept_2020[2]/constraints_for_tomato_production_Aug_Sept_2020[1]
Drought,,Medium,uuid:70e9b71c-5419-4c1b-80af-5996633daaf1/SCLAMP_EA_Questionaire/Short_rain_season/Aug_Sept_2020[2],uuid:70e9b71c-5419-4c1b-80af-5996633daaf1/SCLAMP_EA_Questionaire/Short_rain_season/Aug_Sept_2020[2]/constraints_for_tomato_production_Aug_Sept_2020[2]
Other_leaf_miners_Lirimyza_spec,,Medium,uuid:0a89bfd8-f993-4e90-ad09-7f98553d504c/SCLAMP_EA_Questionaire/Short_rain_season/Aug_Sept_2020[1],uuid:0a89bfd8-f993-4e90-ad09-7f98553d504c/SCLAMP_EA_Questionaire/Short_rain_season/Aug_Sept_2020[1]/constraints_for_tomato_production_Aug_Sept_2020[1]
Drought,,High,uuid:38c6d19f-7251-44ba-956e-b2c8f26b6631/SCLAMP_EA_Questionaire/Short_rain_season/Aug_Sept_2020[2],uuid:38c6d19f-7251-44ba-956e-b2c8f26b6631/SCLAMP_EA_Questionaire/Short_rain_season/Aug_Sept_2020[2]/constraints_for_tomato_production_Aug_Sept_2020[1]
Other_leaf_miners_Lirimyza_spec,,Medium,uuid:6f5d5f3c-02f6-4401-8c83-fc146b370346/SCLAMP_EA_Questionaire/Short_rain_season/Aug_Sept_2020[2],uuid:6f5d5f3c-02f6-4401-8c83-fc146b370346/SCLAMP_EA_Questionaire/Short_rain_season/Aug_Sept_2020[2]/constraints_for_tomato_production_Aug_Sept_2020[1]
Other_leaf_miners_Lirimyza_spec,,High,uuid:2ec6dfb6-70a6-4eb3-b236-a476fd0957a5/SCLAMP_EA_Questionaire/Short_rain_season/Aug_Sept_2020[2],uuid:2ec6dfb6-70a6-4eb3-b236-a476fd0957a5/SCLAMP_EA_Questionaire/Short_rain_season/Aug_Sept_2020[2]/constraints_for_tomato_production_Aug_Sept_2020[1]
other,Cloud cover,High,uuid:2ec6dfb6-70a6-4eb3-b236-a476fd0957a5/SCLAMP_EA_Questionaire/Short_rain_season/Aug_Sept_2020[2],uuid:2ec6dfb6-70a6-4eb3-b236-a476fd0957a5/SCLAMP_EA_Questionaire/Short_rain_season/Aug_Sept_2020[2]/constraints_for_tomato_production_Aug_Sept_2020[2]
Plant_diseases_,,High,uuid:1c9ae9ae-fc95-4bc7-9140-1ca04b1d2e27/SCLAMP_EA_Questionaire/Short_rain_season/Aug_Sept_2020[2],uuid:1c9ae9ae-fc95-4bc7-9140-1ca04b1d2e27/SCLAMP_EA_Questionaire/Short_rain_season/Aug_Sept_2020[2]/constraints_for_tomato_production_Aug_Sept_2020[1]
Drought,,High,uuid:1c9ae9ae-fc95-4bc7-9140-1ca04b1d2e27/SCLAMP_EA_Questionaire/Short_rain_season/Aug_Sept_2020[2],uuid:1c9ae9ae-fc95-4bc7-9140-1ca04b1d2e27/SCLAMP_EA_Questionaire/Short_rain_season/Aug_Sept_2020[2]/constraints_for_tomato_production_Aug_Sept_2020[2]
Too_much_rain,,High,uuid:58225dc1-7aaf-4473-b2c6-9d6974a5d13f/SCLAMP_EA_Questionaire/Short_rain_season/Aug_Sept_2020[2],uuid:58225dc1-7aaf-4473-b2c6-9d6974a5d13f/SCLAMP_EA_Questionaire/Short_rain_season/Aug_Sept_2020[2]/constraints_for_tomato_production_Aug_Sept_2020[1]
other,Cloud cover,Medium,uuid:58225dc1-7aaf-4473-b2c6-9d6974a5d13f/SCLAMP_EA_Questionaire/Short_rain_season/Aug_Sept_2020[2],uuid:58225dc1-7aaf-4473-b2c6-9d6974a5d13f/SCLAMP_EA_Questionaire/Short_rain_season/Aug_Sept_2020[2]/constraints_for_tomato_production_Aug_Sept_2020[2]
Other_leaf_miners_Lirimyza_spec,,Medium,uuid:5ae5de58-3272-4966-950a-79d4527fd7d4/SCLAMP_EA_Questionaire/Short_rain_season/Aug_Sept_2020[2],uuid:5ae5de58-3272-4966-950a-79d4527fd7d4/SCLAMP_EA_Questionaire/Short_rain_season/Aug_Sept_2020[2]/constraints_for_tomato_production_Aug_Sept_2020[1]
Leaf_eaters_,,High,uuid:4a751ffc-435f-49d7-a944-96491220b319/SCLAMP_EA_Questionaire/Short_rain_season/Aug_Sept_2020[3],uuid:4a751ffc-435f-49d7-a944-96491220b319/SCLAMP_EA_Questionaire/Short_rain_season/Aug_Sept_2020[3]/constraints_for_tomato_production_Aug_Sept_2020[1]
Drought,,Medium,uuid:4a751ffc-435f-49d7-a944-96491220b319/SCLAMP_EA_Questionaire/Short_rain_season/Aug_Sept_2020[3],uuid:4a751ffc-435f-49d7-a944-96491220b319/SCLAMP_EA_Questionaire/Short_rain_season/Aug_Sept_2020[3]/constraints_for_tomato_production_Aug_Sept_2020[2]
Drought,,High,uuid:06d89973-abf7-47fe-9a69-29e068f2b15c/SCLAMP_EA_Questionaire/Short_rain_season/Aug_Sept_2020[2],uuid:06d89973-abf7-47fe-9a69-29e068f2b15c/SCLAMP_EA_Questionaire/Short_rain_season/Aug_Sept_2020[2]/constraints_for_tomato_production_Aug_Sept_2020[1]
Plant_diseases_,,High,uuid:18c81212-d250-4ed9-b949-09aef9cc7ac2/SCLAMP_EA_Questionaire/Short_rain_season/Aug_Sept_2020[1],uuid:18c81212-d250-4ed9-b949-09aef9cc7ac2/SCLAMP_EA_Questionaire/Short_rain_season/Aug_Sept_2020[1]/constraints_for_tomato_production_Aug_Sept_2020[1]
Plant_diseases_,,High,uuid:98195436-2c7b-47a3-811c-62ab8ae458b5/SCLAMP_EA_Questionaire/Short_rain_season/Aug_Sept_2020[2],uuid:98195436-2c7b-47a3-811c-62ab8ae458b5/SCLAMP_EA_Questionaire/Short_rain_season/Aug_Sept_2020[2]/constraints_for_tomato_production_Aug_Sept_2020[1]
Plant_diseases_,,High,uuid:c557ee51-806f-4fb5-a7c9-fc11f34a1f2d/SCLAMP_EA_Questionaire/Short_rain_season/Aug_Sept_2020[2],uuid:c557ee51-806f-4fb5-a7c9-fc11f34a1f2d/SCLAMP_EA_Questionaire/Short_rain_season/Aug_Sept_2020[2]/constraints_for_tomato_production_Aug_Sept_2020[1]
Drought,,High,uuid:c557ee51-806f-4fb5-a7c9-fc11f34a1f2d/SCLAMP_EA_Questionaire/Short_rain_season/Aug_Sept_2020[2],uuid:c557ee51-806f-4fb5-a7c9-fc11f34a1f2d/SCLAMP_EA_Questionaire/Short_rain_season/Aug_Sept_2020[2]/constraints_for_tomato_production_Aug_Sept_2020[2]
Drought,,High,uuid:7b2d4946-6b0a-484e-bd9a-400ac1b853a4/SCLAMP_EA_Questionaire/Short_rain_season/Aug_Sept_2020[2],uuid:7b2d4946-6b0a-484e-bd9a-400ac1b853a4/SCLAMP_EA_Questionaire/Short_rain_season/Aug_Sept_2020[2]/constraints_for_tomato_production_Aug_Sept_2020[1]
Plant_diseases_,,High,uuid:8f7c3c4e-c50e-45e3-b5e4-0e36369ab784/SCLAMP_EA_Questionaire/Short_rain_season/Aug_Sept_2020[3],uuid:8f7c3c4e-c50e-45e3-b5e4-0e36369ab784/SCLAMP_EA_Questionaire/Short_rain_season/Aug_Sept_2020[3]/constraints_for_tomato_production_Aug_Sept_2020[1]
Drought,,High,uuid:3cd09f51-5ec4-4ba2-b2c6-e0d8509cb44e/SCLAMP_EA_Questionaire/Short_rain_season/Aug_Sept_2020[4],uuid:3cd09f51-5ec4-4ba2-b2c6-e0d8509cb44e/SCLAMP_EA_Questionaire/Short_rain_season/Aug_Sept_2020[4]/constraints_for_tomato_production_Aug_Sept_2020[1]
Too_much_rain,,High,uuid:d2b31eaa-9886-447e-a4d0-9936245e7115/SCLAMP_EA_Questionaire/Short_rain_season/Aug_Sept_2020[2],uuid:d2b31eaa-9886-447e-a4d0-9936245e7115/SCLAMP_EA_Questionaire/Short_rain_season/Aug_Sept_2020[2]/constraints_for_tomato_production_Aug_Sept_2020[1]
Aphids,,Medium,uuid:67e229e9-b75d-469d-a9b3-15b1d308d509/SCLAMP_EA_Questionaire/Short_rain_season/Aug_Sept_2020[1],uuid:67e229e9-b75d-469d-a9b3-15b1d308d509/SCLAMP_EA_Questionaire/Short_rain_season/Aug_Sept_2020[1]/constraints_for_tomato_production_Aug_Sept_2020[1]
Shortage_of_rain,,Low,uuid:9f58b5ff-ef44-4cb2-8353-ef281cb7c4b2/SCLAMP_EA_Questionaire/Short_rain_season/Aug_Sept_2020[1],uuid:9f58b5ff-ef44-4cb2-8353-ef281cb7c4b2/SCLAMP_EA_Questionaire/Short_rain_season/Aug_Sept_2020[1]/constraints_for_tomato_production_Aug_Sept_2020[1]
other,Drying of the leaves,Medium,uuid:9f58b5ff-ef44-4cb2-8353-ef281cb7c4b2/SCLAMP_EA_Questionaire/Short_rain_season/Aug_Sept_2020[1],uuid:9f58b5ff-ef44-4cb2-8353-ef281cb7c4b2/SCLAMP_EA_Questionaire/Short_rain_season/Aug_Sept_2020[1]/constraints_for_tomato_production_Aug_Sept_2020[2]
Other_leaf_miners_Lirimyza_spec,,High,uuid:6c58a45c-cd63-4bbc-a61a-04e7056a31a4/SCLAMP_EA_Questionaire/Short_rain_season/Aug_Sept_2020[2],uuid:6c58a45c-cd63-4bbc-a61a-04e7056a31a4/SCLAMP_EA_Questionaire/Short_rain_season/Aug_Sept_2020[2]/constraints_for_tomato_production_Aug_Sept_2020[1]
Shortage_of_rain,,Low,uuid:6c58a45c-cd63-4bbc-a61a-04e7056a31a4/SCLAMP_EA_Questionaire/Short_rain_season/Aug_Sept_2020[2],uuid:6c58a45c-cd63-4bbc-a61a-04e7056a31a4/SCLAMP_EA_Questionaire/Short_rain_season/Aug_Sept_2020[2]/constraints_for_tomato_production_Aug_Sept_2020[2]
Plant_diseases_,,High,uuid:6c58a45c-cd63-4bbc-a61a-04e7056a31a4/SCLAMP_EA_Questionaire/Short_rain_season/Aug_Sept_2020[2],uuid:6c58a45c-cd63-4bbc-a61a-04e7056a31a4/SCLAMP_EA_Questionaire/Short_rain_season/Aug_Sept_2020[2]/constraints_for_tomato_production_Aug_Sept_2020[3]
Other_leaf_miners_Lirimyza_spec,,High,uuid:8714a2e5-9f27-4f34-acbb-e940af910a2e/SCLAMP_EA_Questionaire/Short_rain_season/Aug_Sept_2020[1],uuid:8714a2e5-9f27-4f34-acbb-e940af910a2e/SCLAMP_EA_Questionaire/Short_rain_season/Aug_Sept_2020[1]/constraints_for_tomato_production_Aug_Sept_2020[1]
Soil_fertility_exhaustion_,,Medium,uuid:8714a2e5-9f27-4f34-acbb-e940af910a2e/SCLAMP_EA_Questionaire/Short_rain_season/Aug_Sept_2020[1],uuid:8714a2e5-9f27-4f34-acbb-e940af910a2e/SCLAMP_EA_Questionaire/Short_rain_season/Aug_Sept_2020[1]/constraints_for_tomato_production_Aug_Sept_2020[2]
other,Cloudy,Medium,uuid:8714a2e5-9f27-4f34-acbb-e940af910a2e/SCLAMP_EA_Questionaire/Short_rain_season/Aug_Sept_2020[1],uuid:8714a2e5-9f27-4f34-acbb-e940af910a2e/SCLAMP_EA_Questionaire/Short_rain_season/Aug_Sept_2020[1]/constraints_for_tomato_production_Aug_Sept_2020[3]
other,Tomato wilt ,High,uuid:67c52bae-54d7-48a0-9dd9-60834ed48252/SCLAMP_EA_Questionaire/Short_rain_season/Aug_Sept_2020[3],uuid:67c52bae-54d7-48a0-9dd9-60834ed48252/SCLAMP_EA_Questionaire/Short_rain_season/Aug_Sept_2020[3]/constraints_for_tomato_production_Aug_Sept_2020[1]
Plant_diseases_,,High,uuid:8ab6100b-ab81-4016-9a01-e69d6a41ec8e/SCLAMP_EA_Questionaire/Short_rain_season/Aug_Sept_2020[3],uuid:8ab6100b-ab81-4016-9a01-e69d6a41ec8e/SCLAMP_EA_Questionaire/Short_rain_season/Aug_Sept_2020[3]/constraints_for_tomato_production_Aug_Sept_2020[1]
Plant_diseases_,,High,uuid:090b90ee-6284-44d6-a991-e953ffca4e25/SCLAMP_EA_Questionaire/Short_rain_season/Aug_Sept_2020[2],uuid:090b90ee-6284-44d6-a991-e953ffca4e25/SCLAMP_EA_Questionaire/Short_rain_season/Aug_Sept_2020[2]/constraints_for_tomato_production_Aug_Sept_2020[1]
Plant_diseases_,,High,uuid:1c912811-732d-40f9-8c3b-945efe269ef5/SCLAMP_EA_Questionaire/Short_rain_season/Aug_Sept_2020[3],uuid:1c912811-732d-40f9-8c3b-945efe269ef5/SCLAMP_EA_Questionaire/Short_rain_season/Aug_Sept_2020[3]/constraints_for_tomato_production_Aug_Sept_2020[1]
Plant_diseases_,,High,uuid:ed16eab9-16f2-4df0-8052-54481ac657ed/SCLAMP_EA_Questionaire/Short_rain_season/Aug_Sept_2020[2],uuid:ed16eab9-16f2-4df0-8052-54481ac657ed/SCLAMP_EA_Questionaire/Short_rain_season/Aug_Sept_2020[2]/constraints_for_tomato_production_Aug_Sept_2020[1]
Drought,,Medium,uuid:070eb28e-6b24-406f-93f0-59693e9ff69c/SCLAMP_EA_Questionaire/Short_rain_season/Aug_Sept_2020[1],uuid:070eb28e-6b24-406f-93f0-59693e9ff69c/SCLAMP_EA_Questionaire/Short_rain_season/Aug_Sept_2020[1]/constraints_for_tomato_production_Aug_Sept_2020[1]
Plant_diseases_,,High,uuid:070eb28e-6b24-406f-93f0-59693e9ff69c/SCLAMP_EA_Questionaire/Short_rain_season/Aug_Sept_2020[1],uuid:070eb28e-6b24-406f-93f0-59693e9ff69c/SCLAMP_EA_Questionaire/Short_rain_season/Aug_Sept_2020[1]/constraints_for_tomato_production_Aug_Sept_2020[2]
Aphids,,Low,uuid:8b6c125a-5cd1-455e-b5e4-b8c7bc85f088/SCLAMP_EA_Questionaire/Short_rain_season/Aug_Sept_2020[1],uuid:8b6c125a-5cd1-455e-b5e4-b8c7bc85f088/SCLAMP_EA_Questionaire/Short_rain_season/Aug_Sept_2020[1]/constraints_for_tomato_production_Aug_Sept_2020[1]
Shortage_of_rain,,High,uuid:e54be10e-9363-49d3-9050-7cd4d21b6fe5/SCLAMP_EA_Questionaire/Short_rain_season/Aug_Sept_2020[1],uuid:e54be10e-9363-49d3-9050-7cd4d21b6fe5/SCLAMP_EA_Questionaire/Short_rain_season/Aug_Sept_2020[1]/constraints_for_tomato_production_Aug_Sept_2020[1]
other,Tomato wilt,High,uuid:fba9859a-2d82-4e50-a132-c51423e92138/SCLAMP_EA_Questionaire/Short_rain_season/Aug_Sept_2020[2],uuid:fba9859a-2d82-4e50-a132-c51423e92138/SCLAMP_EA_Questionaire/Short_rain_season/Aug_Sept_2020[2]/constraints_for_tomato_production_Aug_Sept_2020[1]
other,Tomato wilt,High,uuid:a462c631-cc91-4c58-90c5-ff0d1b4d3aac/SCLAMP_EA_Questionaire/Short_rain_season/Aug_Sept_2020[2],uuid:a462c631-cc91-4c58-90c5-ff0d1b4d3aac/SCLAMP_EA_Questionaire/Short_rain_season/Aug_Sept_2020[2]/constraints_for_tomato_production_Aug_Sept_2020[1]
Drought,,High,uuid:0338b47b-e685-4047-b210-cb2ff000db4c/SCLAMP_EA_Questionaire/Short_rain_season/Aug_Sept_2020[3],uuid:0338b47b-e685-4047-b210-cb2ff000db4c/SCLAMP_EA_Questionaire/Short_rain_season/Aug_Sept_2020[3]/constraints_for_tomato_production_Aug_Sept_2020[1]
Too_much_rain,,High,uuid:a94c4186-553f-42da-b7d5-a66cce3b0458/SCLAMP_EA_Questionaire/Short_rain_season/Aug_Sept_2020[2],uuid:a94c4186-553f-42da-b7d5-a66cce3b0458/SCLAMP_EA_Questionaire/Short_rain_season/Aug_Sept_2020[2]/constraints_for_tomato_production_Aug_Sept_2020[1]
other,Tomato wilt,High,uuid:a94c4186-553f-42da-b7d5-a66cce3b0458/SCLAMP_EA_Questionaire/Short_rain_season/Aug_Sept_2020[2],uuid:a94c4186-553f-42da-b7d5-a66cce3b0458/SCLAMP_EA_Questionaire/Short_rain_season/Aug_Sept_2020[2]/constraints_for_tomato_production_Aug_Sept_2020[2]
other,Tomato wilt,High,uuid:c838e643-a3e0-4ef7-8487-33c1497a790f/SCLAMP_EA_Questionaire/Short_rain_season/Aug_Sept_2020[2],uuid:c838e643-a3e0-4ef7-8487-33c1497a790f/SCLAMP_EA_Questionaire/Short_rain_season/Aug_Sept_2020[2]/constraints_for_tomato_production_Aug_Sept_2020[1]
other,Tomato wilt,High,uuid:c5042384-df41-497d-b113-6061d7c9dce1/SCLAMP_EA_Questionaire/Short_rain_season/Aug_Sept_2020[2],uuid:c5042384-df41-497d-b113-6061d7c9dce1/SCLAMP_EA_Questionaire/Short_rain_season/Aug_Sept_2020[2]/constraints_for_tomato_production_Aug_Sept_2020[1]
Plant_diseases_,,High,uuid:b02b0755-fc25-4a93-8ab5-0680976567a1/SCLAMP_EA_Questionaire/Short_rain_season/Aug_Sept_2020[3],uuid:b02b0755-fc25-4a93-8ab5-0680976567a1/SCLAMP_EA_Questionaire/Short_rain_season/Aug_Sept_2020[3]/constraints_for_tomato_production_Aug_Sept_2020[1]
Cut_worm,,High,uuid:b02b0755-fc25-4a93-8ab5-0680976567a1/SCLAMP_EA_Questionaire/Short_rain_season/Aug_Sept_2020[3],uuid:b02b0755-fc25-4a93-8ab5-0680976567a1/SCLAMP_EA_Questionaire/Short_rain_season/Aug_Sept_2020[3]/constraints_for_tomato_production_Aug_Sept_2020[2]
Plant_diseases_,,High,uuid:e1b876cd-fbb8-4c2f-aafa-ff24ba6340d4/SCLAMP_EA_Questionaire/Short_rain_season/Aug_Sept_2020[3],uuid:e1b876cd-fbb8-4c2f-aafa-ff24ba6340d4/SCLAMP_EA_Questionaire/Short_rain_season/Aug_Sept_2020[3]/constraints_for_tomato_production_Aug_Sept_2020[1]
Cut_worm,,High,uuid:e1b876cd-fbb8-4c2f-aafa-ff24ba6340d4/SCLAMP_EA_Questionaire/Short_rain_season/Aug_Sept_2020[3],uuid:e1b876cd-fbb8-4c2f-aafa-ff24ba6340d4/SCLAMP_EA_Questionaire/Short_rain_season/Aug_Sept_2020[3]/constraints_for_tomato_production_Aug_Sept_2020[2]
Plant_diseases_,,High,uuid:ea229d4f-9ac3-4cf5-8b27-bcb72333a97c/SCLAMP_EA_Questionaire/Short_rain_season/Aug_Sept_2020[2],uuid:ea229d4f-9ac3-4cf5-8b27-bcb72333a97c/SCLAMP_EA_Questionaire/Short_rain_season/Aug_Sept_2020[2]/constraints_for_tomato_production_Aug_Sept_2020[1]
Drought,,High,uuid:ea229d4f-9ac3-4cf5-8b27-bcb72333a97c/SCLAMP_EA_Questionaire/Short_rain_season/Aug_Sept_2020[2],uuid:ea229d4f-9ac3-4cf5-8b27-bcb72333a97c/SCLAMP_EA_Questionaire/Short_rain_season/Aug_Sept_2020[2]/constraints_for_tomato_production_Aug_Sept_2020[2]
Plant_diseases_,,High,uuid:fc2c8191-ea53-4fcb-8b2a-7417de3dd844/SCLAMP_EA_Questionaire/Short_rain_season/Aug_Sept_2020[1],uuid:fc2c8191-ea53-4fcb-8b2a-7417de3dd844/SCLAMP_EA_Questionaire/Short_rain_season/Aug_Sept_2020[1]/constraints_for_tomato_production_Aug_Sept_2020[1]
Cut_worm,,High,uuid:fc2c8191-ea53-4fcb-8b2a-7417de3dd844/SCLAMP_EA_Questionaire/Short_rain_season/Aug_Sept_2020[1],uuid:fc2c8191-ea53-4fcb-8b2a-7417de3dd844/SCLAMP_EA_Questionaire/Short_rain_season/Aug_Sept_2020[1]/constraints_for_tomato_production_Aug_Sept_2020[2]
Drought,,High,uuid:399f5648-1717-4bd5-915d-d14945503c52/SCLAMP_EA_Questionaire/Short_rain_season/Aug_Sept_2020[2],uuid:399f5648-1717-4bd5-915d-d14945503c52/SCLAMP_EA_Questionaire/Short_rain_season/Aug_Sept_2020[2]/constraints_for_tomato_production_Aug_Sept_2020[1]
Plant_diseases_,,High,uuid:b0a54d36-3d01-4011-8dc4-e6d2fcc8383e/SCLAMP_EA_Questionaire/Short_rain_season/Aug_Sept_2020[2],uuid:b0a54d36-3d01-4011-8dc4-e6d2fcc8383e/SCLAMP_EA_Questionaire/Short_rain_season/Aug_Sept_2020[2]/constraints_for_tomato_production_Aug_Sept_2020[1]
Plant_diseases_,,High,uuid:fbdd77d7-1f73-4f36-8298-92e97bef54e5/SCLAMP_EA_Questionaire/Short_rain_season/Aug_Sept_2020[2],uuid:fbdd77d7-1f73-4f36-8298-92e97bef54e5/SCLAMP_EA_Questionaire/Short_rain_season/Aug_Sept_2020[2]/constraints_for_tomato_production_Aug_Sept_2020[1]
Plant_diseases_,,High,uuid:3e002f74-407c-4805-be85-dddc1b48217a/SCLAMP_EA_Questionaire/Short_rain_season/Aug_Sept_2020[3],uuid:3e002f74-407c-4805-be85-dddc1b48217a/SCLAMP_EA_Questionaire/Short_rain_season/Aug_Sept_2020[3]/constraints_for_tomato_production_Aug_Sept_2020[1]
Drought,,High,uuid:3e002f74-407c-4805-be85-dddc1b48217a/SCLAMP_EA_Questionaire/Short_rain_season/Aug_Sept_2020[3],uuid:3e002f74-407c-4805-be85-dddc1b48217a/SCLAMP_EA_Questionaire/Short_rain_season/Aug_Sept_2020[3]/constraints_for_tomato_production_Aug_Sept_2020[2]
Plant_diseases_,,High,uuid:73223edc-2e98-4a5a-92a1-538259a03cb2/SCLAMP_EA_Questionaire/Short_rain_season/Aug_Sept_2020[2],uuid:73223edc-2e98-4a5a-92a1-538259a03cb2/SCLAMP_EA_Questionaire/Short_rain_season/Aug_Sept_2020[2]/constraints_for_tomato_production_Aug_Sept_2020[1]
Drought,,High,uuid:73223edc-2e98-4a5a-92a1-538259a03cb2/SCLAMP_EA_Questionaire/Short_rain_season/Aug_Sept_2020[2],uuid:73223edc-2e98-4a5a-92a1-538259a03cb2/SCLAMP_EA_Questionaire/Short_rain_season/Aug_Sept_2020[2]/constraints_for_tomato_production_Aug_Sept_2020[2]
Drought,,High,uuid:9ea35354-172a-4dff-b467-c2c1821ba56c/SCLAMP_EA_Questionaire/Short_rain_season/Aug_Sept_2020[2],uuid:9ea35354-172a-4dff-b467-c2c1821ba56c/SCLAMP_EA_Questionaire/Short_rain_season/Aug_Sept_2020[2]/constraints_for_tomato_production_Aug_Sept_2020[1]
Plant_diseases_,,High,uuid:0ad8722b-76ec-4b04-bb8d-72f96b744be2/SCLAMP_EA_Questionaire/Short_rain_season/Aug_Sept_2020[3],uuid:0ad8722b-76ec-4b04-bb8d-72f96b744be2/SCLAMP_EA_Questionaire/Short_rain_season/Aug_Sept_2020[3]/constraints_for_tomato_production_Aug_Sept_2020[1]
Soil_fertility_exhaustion_,,High,uuid:0ad8722b-76ec-4b04-bb8d-72f96b744be2/SCLAMP_EA_Questionaire/Short_rain_season/Aug_Sept_2020[3],uuid:0ad8722b-76ec-4b04-bb8d-72f96b744be2/SCLAMP_EA_Questionaire/Short_rain_season/Aug_Sept_2020[3]/constraints_for_tomato_production_Aug_Sept_2020[2]
Drought,,High,uuid:1b699bb9-f89c-41ee-92fb-d24235bee633/SCLAMP_EA_Questionaire/Short_rain_season/Aug_Sept_2020[2],uuid:1b699bb9-f89c-41ee-92fb-d24235bee633/SCLAMP_EA_Questionaire/Short_rain_season/Aug_Sept_2020[2]/constraints_for_tomato_production_Aug_Sept_2020[1]
Leaf_eaters_,,Medium,uuid:501eb22c-da4d-4cdc-b1a1-d4b1ba8e6360/SCLAMP_EA_Questionaire/Short_rain_season/Aug_Sept_2020[3],uuid:501eb22c-da4d-4cdc-b1a1-d4b1ba8e6360/SCLAMP_EA_Questionaire/Short_rain_season/Aug_Sept_2020[3]/constraints_for_tomato_production_Aug_Sept_2020[1]
Other_leaf_miners_Lirimyza_spec,,High,uuid:501eb22c-da4d-4cdc-b1a1-d4b1ba8e6360/SCLAMP_EA_Questionaire/Short_rain_season/Aug_Sept_2020[3],uuid:501eb22c-da4d-4cdc-b1a1-d4b1ba8e6360/SCLAMP_EA_Questionaire/Short_rain_season/Aug_Sept_2020[3]/constraints_for_tomato_production_Aug_Sept_2020[2]
Soil_fertility_exhaustion_,,Medium,uuid:501eb22c-da4d-4cdc-b1a1-d4b1ba8e6360/SCLAMP_EA_Questionaire/Short_rain_season/Aug_Sept_2020[3],uuid:501eb22c-da4d-4cdc-b1a1-d4b1ba8e6360/SCLAMP_EA_Questionaire/Short_rain_season/Aug_Sept_2020[3]/constraints_for_tomato_production_Aug_Sept_2020[3]
Plant_diseases_,,Medium,uuid:173de4a3-5266-4140-87c1-6d88e2a47675/SCLAMP_EA_Questionaire/Short_rain_season/Aug_Sept_2020[1],uuid:173de4a3-5266-4140-87c1-6d88e2a47675/SCLAMP_EA_Questionaire/Short_rain_season/Aug_Sept_2020[1]/constraints_for_tomato_production_Aug_Sept_2020[1]
Cut_worm,,Medium,uuid:173de4a3-5266-4140-87c1-6d88e2a47675/SCLAMP_EA_Questionaire/Short_rain_season/Aug_Sept_2020[1],uuid:173de4a3-5266-4140-87c1-6d88e2a47675/SCLAMP_EA_Questionaire/Short_rain_season/Aug_Sept_2020[1]/constraints_for_tomato_production_Aug_Sept_2020[2]
other,Rotting of the fruit,Medium,uuid:b015ca0d-d4fe-4e14-a86c-31ff1b59d005/SCLAMP_EA_Questionaire/Short_rain_season/Aug_Sept_2020[1],uuid:b015ca0d-d4fe-4e14-a86c-31ff1b59d005/SCLAMP_EA_Questionaire/Short_rain_season/Aug_Sept_2020[1]/constraints_for_tomato_production_Aug_Sept_2020[1]
Plant_diseases_,,Medium,uuid:b015ca0d-d4fe-4e14-a86c-31ff1b59d005/SCLAMP_EA_Questionaire/Short_rain_season/Aug_Sept_2020[1],uuid:b015ca0d-d4fe-4e14-a86c-31ff1b59d005/SCLAMP_EA_Questionaire/Short_rain_season/Aug_Sept_2020[1]/constraints_for_tomato_production_Aug_Sept_2020[2]
other,Tomato wilt ,High,uuid:e3cdd302-612e-43f1-b314-d16ae0203559/SCLAMP_EA_Questionaire/Short_rain_season/Aug_Sept_2020[1],uuid:e3cdd302-612e-43f1-b314-d16ae0203559/SCLAMP_EA_Questionaire/Short_rain_season/Aug_Sept_2020[1]/constraints_for_tomato_production_Aug_Sept_2020[1]
Plant_diseases_,,High,uuid:41eb5bc0-3d94-4b77-a13e-c419df021e79/SCLAMP_EA_Questionaire/Short_rain_season/Aug_Sept_2020[2],uuid:41eb5bc0-3d94-4b77-a13e-c419df021e79/SCLAMP_EA_Questionaire/Short_rain_season/Aug_Sept_2020[2]/constraints_for_tomato_production_Aug_Sept_2020[1]
other,Tomato wilt,High,uuid:54729e38-076c-452b-9e7d-12d509dcf84b/SCLAMP_EA_Questionaire/Short_rain_season/Aug_Sept_2020[2],uuid:54729e38-076c-452b-9e7d-12d509dcf84b/SCLAMP_EA_Questionaire/Short_rain_season/Aug_Sept_2020[2]/constraints_for_tomato_production_Aug_Sept_2020[1]
Too_much_rain,,High,uuid:3806c404-49ee-4ea5-af32-6838eed8c5ea/SCLAMP_EA_Questionaire/Short_rain_season/Aug_Sept_2020[2],uuid:3806c404-49ee-4ea5-af32-6838eed8c5ea/SCLAMP_EA_Questionaire/Short_rain_season/Aug_Sept_2020[2]/constraints_for_tomato_production_Aug_Sept_2020[1]
Plant_diseases_,,High,uuid:56d72e10-506c-4f35-9041-15c8b1bc1d7b/SCLAMP_EA_Questionaire/Short_rain_season/Aug_Sept_2020[2],uuid:56d72e10-506c-4f35-9041-15c8b1bc1d7b/SCLAMP_EA_Questionaire/Short_rain_season/Aug_Sept_2020[2]/constraints_for_tomato_production_Aug_Sept_2020[1]
Too_much_rain,,High,uuid:c2b9c147-bc78-407a-a3ec-9f8a53778b15/SCLAMP_EA_Questionaire/Short_rain_season/Aug_Sept_2020[2],uuid:c2b9c147-bc78-407a-a3ec-9f8a53778b15/SCLAMP_EA_Questionaire/Short_rain_season/Aug_Sept_2020[2]/constraints_for_tomato_production_Aug_Sept_2020[1]
Drought,,High,uuid:aff99375-c659-4f5f-855c-4802570d8f51/SCLAMP_EA_Questionaire/Short_rain_season/Aug_Sept_2020[1],uuid:aff99375-c659-4f5f-855c-4802570d8f51/SCLAMP_EA_Questionaire/Short_rain_season/Aug_Sept_2020[1]/constraints_for_tomato_production_Aug_Sept_2020[1]
Ballworm,,Low,uuid:6a744ca6-83d9-4df7-91f9-77f28ec4a1b0/SCLAMP_EA_Questionaire/Short_rain_season/Aug_Sept_2020[1],uuid:6a744ca6-83d9-4df7-91f9-77f28ec4a1b0/SCLAMP_EA_Questionaire/Short_rain_season/Aug_Sept_2020[1]/constraints_for_tomato_production_Aug_Sept_2020[1]
Aphids,,Low,uuid:6a744ca6-83d9-4df7-91f9-77f28ec4a1b0/SCLAMP_EA_Questionaire/Short_rain_season/Aug_Sept_2020[1],uuid:6a744ca6-83d9-4df7-91f9-77f28ec4a1b0/SCLAMP_EA_Questionaire/Short_rain_season/Aug_Sept_2020[1]/constraints_for_tomato_production_Aug_Sept_2020[2]
Soil_fertility_exhaustion_,,High,uuid:ef1a949c-e26b-47c8-bc1d-d643d28a0aed/SCLAMP_EA_Questionaire/Short_rain_season/Aug_Sept_2020[2],uuid:ef1a949c-e26b-47c8-bc1d-d643d28a0aed/SCLAMP_EA_Questionaire/Short_rain_season/Aug_Sept_2020[2]/constraints_for_tomato_production_Aug_Sept_2020[1]
Plant_diseases_,,Medium,uuid:ef1a949c-e26b-47c8-bc1d-d643d28a0aed/SCLAMP_EA_Questionaire/Short_rain_season/Aug_Sept_2020[2],uuid:ef1a949c-e26b-47c8-bc1d-d643d28a0aed/SCLAMP_EA_Questionaire/Short_rain_season/Aug_Sept_2020[2]/constraints_for_tomato_production_Aug_Sept_2020[2]
Shortage_of_rain,,Medium,uuid:ef1a949c-e26b-47c8-bc1d-d643d28a0aed/SCLAMP_EA_Questionaire/Short_rain_season/Aug_Sept_2020[2],uuid:ef1a949c-e26b-47c8-bc1d-d643d28a0aed/SCLAMP_EA_Questionaire/Short_rain_season/Aug_Sept_2020[2]/constraints_for_tomato_production_Aug_Sept_2020[3]
Shortage_of_rain,,Medium,uuid:a2ae917f-d30a-49e3-9585-6412e77d8609/SCLAMP_EA_Questionaire/Short_rain_season/Aug_Sept_2020[1],uuid:a2ae917f-d30a-49e3-9585-6412e77d8609/SCLAMP_EA_Questionaire/Short_rain_season/Aug_Sept_2020[1]/constraints_for_tomato_production_Aug_Sept_2020[1]
Soil_fertility_exhaustion_,,Medium,uuid:a2ae917f-d30a-49e3-9585-6412e77d8609/SCLAMP_EA_Questionaire/Short_rain_season/Aug_Sept_2020[1],uuid:a2ae917f-d30a-49e3-9585-6412e77d8609/SCLAMP_EA_Questionaire/Short_rain_season/Aug_Sept_2020[1]/constraints_for_tomato_production_Aug_Sept_2020[2]
other,Thieves,Low,uuid:a2ae917f-d30a-49e3-9585-6412e77d8609/SCLAMP_EA_Questionaire/Short_rain_season/Aug_Sept_2020[1],uuid:a2ae917f-d30a-49e3-9585-6412e77d8609/SCLAMP_EA_Questionaire/Short_rain_season/Aug_Sept_2020[1]/constraints_for_tomato_production_Aug_Sept_2020[3]
Soil_fertility_exhaustion_,,Medium,uuid:e3ac3722-0ecf-402c-a02f-774b1837d753/SCLAMP_EA_Questionaire/Short_rain_season/Aug_Sept_2020[1],uuid:e3ac3722-0ecf-402c-a02f-774b1837d753/SCLAMP_EA_Questionaire/Short_rain_season/Aug_Sept_2020[1]/constraints_for_tomato_production_Aug_Sept_2020[1]
Shortage_of_rain,,Medium,uuid:e3ac3722-0ecf-402c-a02f-774b1837d753/SCLAMP_EA_Questionaire/Short_rain_season/Aug_Sept_2020[1],uuid:e3ac3722-0ecf-402c-a02f-774b1837d753/SCLAMP_EA_Questionaire/Short_rain_season/Aug_Sept_2020[1]/constraints_for_tomato_production_Aug_Sept_2020[2]
Plant_diseases_,,Medium,uuid:e3ac3722-0ecf-402c-a02f-774b1837d753/SCLAMP_EA_Questionaire/Short_rain_season/Aug_Sept_2020[1],uuid:e3ac3722-0ecf-402c-a02f-774b1837d753/SCLAMP_EA_Questionaire/Short_rain_season/Aug_Sept_2020[1]/constraints_for_tomato_production_Aug_Sept_2020[3]
Plant_diseases_,,High,uuid:3e23f659-08b9-487b-8ccd-12c90ba9dfe5/SCLAMP_EA_Questionaire/Short_rain_season/Aug_Sept_2020[2],uuid:3e23f659-08b9-487b-8ccd-12c90ba9dfe5/SCLAMP_EA_Questionaire/Short_rain_season/Aug_Sept_2020[2]/constraints_for_tomato_production_Aug_Sept_2020[1]
Drought,,High,uuid:64901c90-40ca-4005-afec-9d419590afe7/SCLAMP_EA_Questionaire/Short_rain_season/Aug_Sept_2020[2],uuid:64901c90-40ca-4005-afec-9d419590afe7/SCLAMP_EA_Questionaire/Short_rain_season/Aug_Sept_2020[2]/constraints_for_tomato_production_Aug_Sept_2020[1]
other,Fog and mist,High,uuid:142c0d75-4831-4a26-9d37-21ac828565c4/SCLAMP_EA_Questionaire/Short_rain_season/Aug_Sept_2020[2],uuid:142c0d75-4831-4a26-9d37-21ac828565c4/SCLAMP_EA_Questionaire/Short_rain_season/Aug_Sept_2020[2]/constraints_for_tomato_production_Aug_Sept_2020[1]
Plant_diseases_,,High,uuid:41726afc-6d56-4cff-a79a-fc1586ae2342/SCLAMP_EA_Questionaire/Short_rain_season/Aug_Sept_2020[4],uuid:41726afc-6d56-4cff-a79a-fc1586ae2342/SCLAMP_EA_Questionaire/Short_rain_season/Aug_Sept_2020[4]/constraints_for_tomato_production_Aug_Sept_2020[1]
other,None,Low,uuid:2106354c-c65e-4d7a-a6e7-086e8066fde2/SCLAMP_EA_Questionaire/Short_rain_season/Aug_Sept_2020[4],uuid:2106354c-c65e-4d7a-a6e7-086e8066fde2/SCLAMP_EA_Questionaire/Short_rain_season/Aug_Sept_2020[4]/constraints_for_tomato_production_Aug_Sept_2020[1]
Shortage_of_rain,,Medium,uuid:02f03a73-8df1-4a49-9c9a-e53e4b70d646/SCLAMP_EA_Questionaire/Short_rain_season/Aug_Sept_2020[2],uuid:02f03a73-8df1-4a49-9c9a-e53e4b70d646/SCLAMP_EA_Questionaire/Short_rain_season/Aug_Sept_2020[2]/constraints_for_tomato_production_Aug_Sept_2020[1]
Plant_diseases_,,High,uuid:02f03a73-8df1-4a49-9c9a-e53e4b70d646/SCLAMP_EA_Questionaire/Short_rain_season/Aug_Sept_2020[2],uuid:02f03a73-8df1-4a49-9c9a-e53e4b70d646/SCLAMP_EA_Questionaire/Short_rain_season/Aug_Sept_2020[2]/constraints_for_tomato_production_Aug_Sept_2020[2]
Soil_fertility_exhaustion_,,High,uuid:02f03a73-8df1-4a49-9c9a-e53e4b70d646/SCLAMP_EA_Questionaire/Short_rain_season/Aug_Sept_2020[2],uuid:02f03a73-8df1-4a49-9c9a-e53e4b70d646/SCLAMP_EA_Questionaire/Short_rain_season/Aug_Sept_2020[2]/constraints_for_tomato_production_Aug_Sept_2020[3]
Cut_worm,,High,uuid:5ca9fb80-aad8-4737-9cc7-e34c5fe336a7/SCLAMP_EA_Questionaire/Short_rain_season/Aug_Sept_2020[2],uuid:5ca9fb80-aad8-4737-9cc7-e34c5fe336a7/SCLAMP_EA_Questionaire/Short_rain_season/Aug_Sept_2020[2]/constraints_for_tomato_production_Aug_Sept_2020[1]
Plant_diseases_,,High,uuid:5ca9fb80-aad8-4737-9cc7-e34c5fe336a7/SCLAMP_EA_Questionaire/Short_rain_season/Aug_Sept_2020[2],uuid:5ca9fb80-aad8-4737-9cc7-e34c5fe336a7/SCLAMP_EA_Questionaire/Short_rain_season/Aug_Sept_2020[2]/constraints_for_tomato_production_Aug_Sept_2020[2]
Cut_worm,,High,uuid:5ca9fb80-aad8-4737-9cc7-e34c5fe336a7/SCLAMP_EA_Questionaire/Short_rain_season/Aug_Sept_2020[3],uuid:5ca9fb80-aad8-4737-9cc7-e34c5fe336a7/SCLAMP_EA_Questionaire/Short_rain_season/Aug_Sept_2020[3]/constraints_for_tomato_production_Aug_Sept_2020[1]
Plant_diseases_,,High,uuid:5ca9fb80-aad8-4737-9cc7-e34c5fe336a7/SCLAMP_EA_Questionaire/Short_rain_season/Aug_Sept_2020[3],uuid:5ca9fb80-aad8-4737-9cc7-e34c5fe336a7/SCLAMP_EA_Questionaire/Short_rain_season/Aug_Sept_2020[3]/constraints_for_tomato_production_Aug_Sept_2020[2]
Plant_diseases_,,High,uuid:8bd1b7ec-6a0b-44b4-a4f4-65dc14a4082c/SCLAMP_EA_Questionaire/Short_rain_season/Aug_Sept_2020[1],uuid:8bd1b7ec-6a0b-44b4-a4f4-65dc14a4082c/SCLAMP_EA_Questionaire/Short_rain_season/Aug_Sept_2020[1]/constraints_for_tomato_production_Aug_Sept_2020[1]
Shortage_of_rain,,High,uuid:8bd1b7ec-6a0b-44b4-a4f4-65dc14a4082c/SCLAMP_EA_Questionaire/Short_rain_season/Aug_Sept_2020[1],uuid:8bd1b7ec-6a0b-44b4-a4f4-65dc14a4082c/SCLAMP_EA_Questionaire/Short_rain_season/Aug_Sept_2020[1]/constraints_for_tomato_production_Aug_Sept_2020[2]
Leaf_eaters_,,Low,uuid:8bd1b7ec-6a0b-44b4-a4f4-65dc14a4082c/SCLAMP_EA_Questionaire/Short_rain_season/Aug_Sept_2020[1],uuid:8bd1b7ec-6a0b-44b4-a4f4-65dc14a4082c/SCLAMP_EA_Questionaire/Short_rain_season/Aug_Sept_2020[1]/constraints_for_tomato_production_Aug_Sept_2020[3]
Soil_fertility_exhaustion_,,Medium,uuid:18c05651-86d7-42ba-a4e2-4be7f7044da0/SCLAMP_EA_Questionaire/Short_rain_season/Aug_Sept_2020[1],uuid:18c05651-86d7-42ba-a4e2-4be7f7044da0/SCLAMP_EA_Questionaire/Short_rain_season/Aug_Sept_2020[1]/constraints_for_tomato_production_Aug_Sept_2020[1]
Other_leaf_miners_Lirimyza_spec,,Medium,uuid:18c05651-86d7-42ba-a4e2-4be7f7044da0/SCLAMP_EA_Questionaire/Short_rain_season/Aug_Sept_2020[1],uuid:18c05651-86d7-42ba-a4e2-4be7f7044da0/SCLAMP_EA_Questionaire/Short_rain_season/Aug_Sept_2020[1]/constraints_for_tomato_production_Aug_Sept_2020[2]
Leaf_eaters_,,High,uuid:18c05651-86d7-42ba-a4e2-4be7f7044da0/SCLAMP_EA_Questionaire/Short_rain_season/Aug_Sept_2020[1],uuid:18c05651-86d7-42ba-a4e2-4be7f7044da0/SCLAMP_EA_Questionaire/Short_rain_season/Aug_Sept_2020[1]/constraints_for_tomato_production_Aug_Sept_2020[3]
Cut_worm,,High,uuid:a0c7510f-9ef5-44a3-a1ea-c9273abeb5dd/SCLAMP_EA_Questionaire/Short_rain_season/Aug_Sept_2020[2],uuid:a0c7510f-9ef5-44a3-a1ea-c9273abeb5dd/SCLAMP_EA_Questionaire/Short_rain_season/Aug_Sept_2020[2]/constraints_for_tomato_production_Aug_Sept_2020[1]
Plant_diseases_,,High,uuid:a0c7510f-9ef5-44a3-a1ea-c9273abeb5dd/SCLAMP_EA_Questionaire/Short_rain_season/Aug_Sept_2020[2],uuid:a0c7510f-9ef5-44a3-a1ea-c9273abeb5dd/SCLAMP_EA_Questionaire/Short_rain_season/Aug_Sept_2020[2]/constraints_for_tomato_production_Aug_Sept_2020[2]
Plant_diseases_,,Low,uuid:9ffc3094-6b94-4312-84ba-87d886d0b382/SCLAMP_EA_Questionaire/Short_rain_season/Aug_Sept_2020[2],uuid:9ffc3094-6b94-4312-84ba-87d886d0b382/SCLAMP_EA_Questionaire/Short_rain_season/Aug_Sept_2020[2]/constraints_for_tomato_production_Aug_Sept_2020[1]
Plant_diseases_,,High,uuid:c22c613d-f39c-4f02-a6da-bdca53917c53/SCLAMP_EA_Questionaire/Short_rain_season/Aug_Sept_2020[2],uuid:c22c613d-f39c-4f02-a6da-bdca53917c53/SCLAMP_EA_Questionaire/Short_rain_season/Aug_Sept_2020[2]/constraints_for_tomato_production_Aug_Sept_2020[1]
Cut_worm,,Low,uuid:ae010d79-e722-4214-ae9c-c2e7fa6da286/SCLAMP_EA_Questionaire/Short_rain_season/Aug_Sept_2020[1],uuid:ae010d79-e722-4214-ae9c-c2e7fa6da286/SCLAMP_EA_Questionaire/Short_rain_season/Aug_Sept_2020[1]/constraints_for_tomato_production_Aug_Sept_2020[1]
Aphids,,Low,uuid:4e4df2d5-6810-4e39-b9bb-9433acbf668f/SCLAMP_EA_Questionaire/Short_rain_season/Aug_Sept_2020[1],uuid:4e4df2d5-6810-4e39-b9bb-9433acbf668f/SCLAMP_EA_Questionaire/Short_rain_season/Aug_Sept_2020[1]/constraints_for_tomato_production_Aug_Sept_2020[1]
White_flies,,Medium,uuid:4e4df2d5-6810-4e39-b9bb-9433acbf668f/SCLAMP_EA_Questionaire/Short_rain_season/Aug_Sept_2020[1],uuid:4e4df2d5-6810-4e39-b9bb-9433acbf668f/SCLAMP_EA_Questionaire/Short_rain_season/Aug_Sept_2020[1]/constraints_for_tomato_production_Aug_Sept_2020[2]
Drought,,High,uuid:a51e93fb-f944-46a6-aeb6-05650558eaae/SCLAMP_EA_Questionaire/Short_rain_season/Aug_Sept_2020[2],uuid:a51e93fb-f944-46a6-aeb6-05650558eaae/SCLAMP_EA_Questionaire/Short_rain_season/Aug_Sept_2020[2]/constraints_for_tomato_production_Aug_Sept_2020[1]
Plant_diseases_,,High,uuid:a51e93fb-f944-46a6-aeb6-05650558eaae/SCLAMP_EA_Questionaire/Short_rain_season/Aug_Sept_2020[2],uuid:a51e93fb-f944-46a6-aeb6-05650558eaae/SCLAMP_EA_Questionaire/Short_rain_season/Aug_Sept_2020[2]/constraints_for_tomato_production_Aug_Sept_2020[2]
Drought,,High,uuid:472975f4-4795-4eea-a6b4-4e9781e3be1d/SCLAMP_EA_Questionaire/Short_rain_season/Aug_Sept_2020[2],uuid:472975f4-4795-4eea-a6b4-4e9781e3be1d/SCLAMP_EA_Questionaire/Short_rain_season/Aug_Sept_2020[2]/constraints_for_tomato_production_Aug_Sept_2020[1]
Shortage_of_rain,,Medium,uuid:896e6cc5-a3bd-4e86-8834-b65a68bd8240/SCLAMP_EA_Questionaire/Short_rain_season/Aug_Sept_2020[3],uuid:896e6cc5-a3bd-4e86-8834-b65a68bd8240/SCLAMP_EA_Questionaire/Short_rain_season/Aug_Sept_2020[3]/constraints_for_tomato_production_Aug_Sept_2020[1]
Soil_fertility_exhaustion_,,High,uuid:896e6cc5-a3bd-4e86-8834-b65a68bd8240/SCLAMP_EA_Questionaire/Short_rain_season/Aug_Sept_2020[3],uuid:896e6cc5-a3bd-4e86-8834-b65a68bd8240/SCLAMP_EA_Questionaire/Short_rain_season/Aug_Sept_2020[3]/constraints_for_tomato_production_Aug_Sept_2020[2]
Plant_diseases_,,Medium,uuid:896e6cc5-a3bd-4e86-8834-b65a68bd8240/SCLAMP_EA_Questionaire/Short_rain_season/Aug_Sept_2020[3],uuid:896e6cc5-a3bd-4e86-8834-b65a68bd8240/SCLAMP_EA_Questionaire/Short_rain_season/Aug_Sept_2020[3]/constraints_for_tomato_production_Aug_Sept_2020[3]
Plant_diseases_,,High,uuid:a51b1120-ec78-4e07-9f86-71a8420c5feb/SCLAMP_EA_Questionaire/Short_rain_season/Aug_Sept_2020[2],uuid:a51b1120-ec78-4e07-9f86-71a8420c5feb/SCLAMP_EA_Questionaire/Short_rain_season/Aug_Sept_2020[2]/constraints_for_tomato_production_Aug_Sept_2020[1]
Plant_diseases_,,Medium,uuid:b3156722-3178-4331-b4c4-022c2dc807d6/SCLAMP_EA_Questionaire/Short_rain_season/Aug_Sept_2020[1],uuid:b3156722-3178-4331-b4c4-022c2dc807d6/SCLAMP_EA_Questionaire/Short_rain_season/Aug_Sept_2020[1]/constraints_for_tomato_production_Aug_Sept_2020[1]
Drought,,High,uuid:de15c0ff-8439-45bc-ad13-7940e2cd46ff/SCLAMP_EA_Questionaire/Short_rain_season/Aug_Sept_2020[2],uuid:de15c0ff-8439-45bc-ad13-7940e2cd46ff/SCLAMP_EA_Questionaire/Short_rain_season/Aug_Sept_2020[2]/constraints_for_tomato_production_Aug_Sept_2020[1]
Plant_diseases_,,Low,uuid:d4a71b1e-635b-40bf-8cc5-b3a2c66d6fbc/SCLAMP_EA_Questionaire/Short_rain_season/Aug_Sept_2020[2],uuid:d4a71b1e-635b-40bf-8cc5-b3a2c66d6fbc/SCLAMP_EA_Questionaire/Short_rain_season/Aug_Sept_2020[2]/constraints_for_tomato_production_Aug_Sept_2020[1]
Plant_diseases_,,High,uuid:9a89cabe-041f-41dd-ba73-778efdb76397/SCLAMP_EA_Questionaire/Short_rain_season/Aug_Sept_2020[3],uuid:9a89cabe-041f-41dd-ba73-778efdb76397/SCLAMP_EA_Questionaire/Short_rain_season/Aug_Sept_2020[3]/constraints_for_tomato_production_Aug_Sept_2020[1]
Plant_diseases_,,High,uuid:80937023-cef9-4f21-957d-0a27e1953cf9/SCLAMP_EA_Questionaire/Short_rain_season/Aug_Sept_2020[1],uuid:80937023-cef9-4f21-957d-0a27e1953cf9/SCLAMP_EA_Questionaire/Short_rain_season/Aug_Sept_2020[1]/constraints_for_tomato_production_Aug_Sept_2020[1]
Plant_diseases_,,High,uuid:ac4a955d-e12e-4f2c-b772-4f7fe8a94b19/SCLAMP_EA_Questionaire/Short_rain_season/Aug_Sept_2020[3],uuid:ac4a955d-e12e-4f2c-b772-4f7fe8a94b19/SCLAMP_EA_Questionaire/Short_rain_season/Aug_Sept_2020[3]/constraints_for_tomato_production_Aug_Sept_2020[1]
Drought,,High,uuid:ac4a955d-e12e-4f2c-b772-4f7fe8a94b19/SCLAMP_EA_Questionaire/Short_rain_season/Aug_Sept_2020[3],uuid:ac4a955d-e12e-4f2c-b772-4f7fe8a94b19/SCLAMP_EA_Questionaire/Short_rain_season/Aug_Sept_2020[3]/constraints_for_tomato_production_Aug_Sept_2020[2]
Too_much_rain,,High,uuid:36d3e4c8-db41-4b43-8608-05bc37cd4605/SCLAMP_EA_Questionaire/Short_rain_season/Aug_Sept_2020[1],uuid:36d3e4c8-db41-4b43-8608-05bc37cd4605/SCLAMP_EA_Questionaire/Short_rain_season/Aug_Sept_2020[1]/constraints_for_tomato_production_Aug_Sept_2020[1]
Drought,,High,uuid:bf3bb5a3-5ba9-4285-ab55-e9eeed9bfdb5/SCLAMP_EA_Questionaire/Short_rain_season/Aug_Sept_2020[2],uuid:bf3bb5a3-5ba9-4285-ab55-e9eeed9bfdb5/SCLAMP_EA_Questionaire/Short_rain_season/Aug_Sept_2020[2]/constraints_for_tomato_production_Aug_Sept_2020[1]
Cut_worm,,Low,uuid:abbc04a2-1f49-4dd9-9259-eb39f8ea954c/SCLAMP_EA_Questionaire/Short_rain_season/Aug_Sept_2020[1],uuid:abbc04a2-1f49-4dd9-9259-eb39f8ea954c/SCLAMP_EA_Questionaire/Short_rain_season/Aug_Sept_2020[1]/constraints_for_tomato_production_Aug_Sept_2020[1]
Plant_diseases_,,Low,uuid:abbc04a2-1f49-4dd9-9259-eb39f8ea954c/SCLAMP_EA_Questionaire/Short_rain_season/Aug_Sept_2020[1],uuid:abbc04a2-1f49-4dd9-9259-eb39f8ea954c/SCLAMP_EA_Questionaire/Short_rain_season/Aug_Sept_2020[1]/constraints_for_tomato_production_Aug_Sept_2020[2]
Plant_diseases_,,Low,uuid:79dbad5f-9e43-4506-9f2c-d084b304937d/SCLAMP_EA_Questionaire/Short_rain_season/Aug_Sept_2020[2],uuid:79dbad5f-9e43-4506-9f2c-d084b304937d/SCLAMP_EA_Questionaire/Short_rain_season/Aug_Sept_2020[2]/constraints_for_tomato_production_Aug_Sept_2020[1]
Drought,,Medium,uuid:79dbad5f-9e43-4506-9f2c-d084b304937d/SCLAMP_EA_Questionaire/Short_rain_season/Aug_Sept_2020[2],uuid:79dbad5f-9e43-4506-9f2c-d084b304937d/SCLAMP_EA_Questionaire/Short_rain_season/Aug_Sept_2020[2]/constraints_for_tomato_production_Aug_Sept_2020[2]
Aphids,,Low,uuid:79dbad5f-9e43-4506-9f2c-d084b304937d/SCLAMP_EA_Questionaire/Short_rain_season/Aug_Sept_2020[2],uuid:79dbad5f-9e43-4506-9f2c-d084b304937d/SCLAMP_EA_Questionaire/Short_rain_season/Aug_Sept_2020[2]/constraints_for_tomato_production_Aug_Sept_2020[3]
Aphids,,Low,uuid:b80757f7-862e-4805-980e-40db4114e85c/SCLAMP_EA_Questionaire/Short_rain_season/Aug_Sept_2020[1],uuid:b80757f7-862e-4805-980e-40db4114e85c/SCLAMP_EA_Questionaire/Short_rain_season/Aug_Sept_2020[1]/constraints_for_tomato_production_Aug_Sept_2020[1]
Plant_diseases_,,Low,uuid:b80757f7-862e-4805-980e-40db4114e85c/SCLAMP_EA_Questionaire/Short_rain_season/Aug_Sept_2020[1],uuid:b80757f7-862e-4805-980e-40db4114e85c/SCLAMP_EA_Questionaire/Short_rain_season/Aug_Sept_2020[1]/constraints_for_tomato_production_Aug_Sept_2020[2]
Plant_diseases_,,Medium,uuid:809ac499-5b8b-4bf9-a3d9-facae0ac5769/SCLAMP_EA_Questionaire/Short_rain_season/Aug_Sept_2020[1],uuid:809ac499-5b8b-4bf9-a3d9-facae0ac5769/SCLAMP_EA_Questionaire/Short_rain_season/Aug_Sept_2020[1]/constraints_for_tomato_production_Aug_Sept_2020[1]
Aphids,,Medium,uuid:809ac499-5b8b-4bf9-a3d9-facae0ac5769/SCLAMP_EA_Questionaire/Short_rain_season/Aug_Sept_2020[1],uuid:809ac499-5b8b-4bf9-a3d9-facae0ac5769/SCLAMP_EA_Questionaire/Short_rain_season/Aug_Sept_2020[1]/constraints_for_tomato_production_Aug_Sept_2020[2]
Soil_fertility_exhaustion_,,High,uuid:efebad0e-8919-4ffb-8276-08db82f6c131/SCLAMP_EA_Questionaire/Short_rain_season/Aug_Sept_2020[1],uuid:efebad0e-8919-4ffb-8276-08db82f6c131/SCLAMP_EA_Questionaire/Short_rain_season/Aug_Sept_2020[1]/constraints_for_tomato_production_Aug_Sept_2020[1]
Cut_worm,,Medium,uuid:efebad0e-8919-4ffb-8276-08db82f6c131/SCLAMP_EA_Questionaire/Short_rain_season/Aug_Sept_2020[1],uuid:efebad0e-8919-4ffb-8276-08db82f6c131/SCLAMP_EA_Questionaire/Short_rain_season/Aug_Sept_2020[1]/constraints_for_tomato_production_Aug_Sept_2020[2]
Plant_diseases_,,Medium,uuid:da1faa37-41f1-4efd-9bca-9b07df97e354/SCLAMP_EA_Questionaire/Short_rain_season/Aug_Sept_2020[2],uuid:da1faa37-41f1-4efd-9bca-9b07df97e354/SCLAMP_EA_Questionaire/Short_rain_season/Aug_Sept_2020[2]/constraints_for_tomato_production_Aug_Sept_2020[1]
Aphids,,Low,uuid:da1faa37-41f1-4efd-9bca-9b07df97e354/SCLAMP_EA_Questionaire/Short_rain_season/Aug_Sept_2020[2],uuid:da1faa37-41f1-4efd-9bca-9b07df97e354/SCLAMP_EA_Questionaire/Short_rain_season/Aug_Sept_2020[2]/constraints_for_tomato_production_Aug_Sept_2020[2]
Cut_worm,,Low,uuid:da1faa37-41f1-4efd-9bca-9b07df97e354/SCLAMP_EA_Questionaire/Short_rain_season/Aug_Sept_2020[2],uuid:da1faa37-41f1-4efd-9bca-9b07df97e354/SCLAMP_EA_Questionaire/Short_rain_season/Aug_Sept_2020[2]/constraints_for_tomato_production_Aug_Sept_2020[3]
Cut_worm,,Low,uuid:aa085989-6e13-4c0c-8ae4-c96a9f9de7e3/SCLAMP_EA_Questionaire/Short_rain_season/Aug_Sept_2020[2],uuid:aa085989-6e13-4c0c-8ae4-c96a9f9de7e3/SCLAMP_EA_Questionaire/Short_rain_season/Aug_Sept_2020[2]/constraints_for_tomato_production_Aug_Sept_2020[1]
other,Rotting of fruits in the field,Medium,uuid:aa085989-6e13-4c0c-8ae4-c96a9f9de7e3/SCLAMP_EA_Questionaire/Short_rain_season/Aug_Sept_2020[2],uuid:aa085989-6e13-4c0c-8ae4-c96a9f9de7e3/SCLAMP_EA_Questionaire/Short_rain_season/Aug_Sept_2020[2]/constraints_for_tomato_production_Aug_Sept_2020[2]
Drought,,Medium,uuid:fb497324-4399-4045-93b0-902c2733c5ea/SCLAMP_EA_Questionaire/Short_rain_season/Aug_Sept_2020[1],uuid:fb497324-4399-4045-93b0-902c2733c5ea/SCLAMP_EA_Questionaire/Short_rain_season/Aug_Sept_2020[1]/constraints_for_tomato_production_Aug_Sept_2020[1]
Plant_diseases_,,High,uuid:fd7cc810-0406-4d32-b01f-ed7ed530cf88/SCLAMP_EA_Questionaire/Short_rain_season/Aug_Sept_2020[2],uuid:fd7cc810-0406-4d32-b01f-ed7ed530cf88/SCLAMP_EA_Questionaire/Short_rain_season/Aug_Sept_2020[2]/constraints_for_tomato_production_Aug_Sept_2020[1]
Drought,,High,uuid:fd7cc810-0406-4d32-b01f-ed7ed530cf88/SCLAMP_EA_Questionaire/Short_rain_season/Aug_Sept_2020[2],uuid:fd7cc810-0406-4d32-b01f-ed7ed530cf88/SCLAMP_EA_Questionaire/Short_rain_season/Aug_Sept_2020[2]/constraints_for_tomato_production_Aug_Sept_2020[2]
other,Fog and mist,High,uuid:dbaddb91-4a28-4b66-8994-0e37783ac8e0/SCLAMP_EA_Questionaire/Short_rain_season/Aug_Sept_2020[2],uuid:dbaddb91-4a28-4b66-8994-0e37783ac8e0/SCLAMP_EA_Questionaire/Short_rain_season/Aug_Sept_2020[2]/constraints_for_tomato_production_Aug_Sept_2020[1]
Drought,,High,uuid:4a52825a-8f2f-4de7-ae5a-eb8229387b67/SCLAMP_EA_Questionaire/Short_rain_season/Aug_Sept_2020[1],uuid:4a52825a-8f2f-4de7-ae5a-eb8229387b67/SCLAMP_EA_Questionaire/Short_rain_season/Aug_Sept_2020[1]/constraints_for_tomato_production_Aug_Sept_2020[1]
Drought,,High,uuid:f3910e58-f8dc-44cf-8b28-aa5c58de4245/SCLAMP_EA_Questionaire/Short_rain_season/Aug_Sept_2020[1],uuid:f3910e58-f8dc-44cf-8b28-aa5c58de4245/SCLAMP_EA_Questionaire/Short_rain_season/Aug_Sept_2020[1]/constraints_for_tomato_production_Aug_Sept_2020[1]
Plant_diseases_,,High,uuid:8cf2839e-5d9d-42e7-b25b-c4a456563524/SCLAMP_EA_Questionaire/Short_rain_season/Aug_Sept_2020[2],uuid:8cf2839e-5d9d-42e7-b25b-c4a456563524/SCLAMP_EA_Questionaire/Short_rain_season/Aug_Sept_2020[2]/constraints_for_tomato_production_Aug_Sept_2020[1]
Too_much_rain,,High,uuid:0c8926a6-fca4-4c6d-bd04-dc59e246ced9/SCLAMP_EA_Questionaire/Short_rain_season/Aug_Sept_2020[2],uuid:0c8926a6-fca4-4c6d-bd04-dc59e246ced9/SCLAMP_EA_Questionaire/Short_rain_season/Aug_Sept_2020[2]/constraints_for_tomato_production_Aug_Sept_2020[1]
Plant_diseases_,,Medium,uuid:97b5f5e6-a1e3-4ee4-a838-025627007ea2/SCLAMP_EA_Questionaire/Short_rain_season/Aug_Sept_2020[1],uuid:97b5f5e6-a1e3-4ee4-a838-025627007ea2/SCLAMP_EA_Questionaire/Short_rain_season/Aug_Sept_2020[1]/constraints_for_tomato_production_Aug_Sept_2020[1]
Too_much_rain,,High,uuid:cc0bbf64-c76f-4e03-aa71-ec697b87f517/SCLAMP_EA_Questionaire/Short_rain_season/Aug_Sept_2020[2],uuid:cc0bbf64-c76f-4e03-aa71-ec697b87f517/SCLAMP_EA_Questionaire/Short_rain_season/Aug_Sept_2020[2]/constraints_for_tomato_production_Aug_Sept_2020[1]
Drought,,High,uuid:598606b0-c282-4773-9278-d54f0bbb740f/SCLAMP_EA_Questionaire/Short_rain_season/Aug_Sept_2020[2],uuid:598606b0-c282-4773-9278-d54f0bbb740f/SCLAMP_EA_Questionaire/Short_rain_season/Aug_Sept_2020[2]/constraints_for_tomato_production_Aug_Sept_2020[1]
Soil_fertility_exhaustion_,,High,uuid:e217243e-5052-4eb3-b07d-689f233da586/SCLAMP_EA_Questionaire/Short_rain_season/Aug_Sept_2020[2],uuid:e217243e-5052-4eb3-b07d-689f233da586/SCLAMP_EA_Questionaire/Short_rain_season/Aug_Sept_2020[2]/constraints_for_tomato_production_Aug_Sept_2020[1]
Soil_fertility_exhaustion_,,High,uuid:d63f054e-8b3a-4fcd-9ab5-4a4552f4be52/SCLAMP_EA_Questionaire/Short_rain_season/Aug_Sept_2020[2],uuid:d63f054e-8b3a-4fcd-9ab5-4a4552f4be52/SCLAMP_EA_Questionaire/Short_rain_season/Aug_Sept_2020[2]/constraints_for_tomato_production_Aug_Sept_2020[1]
Plant_diseases_,,High,uuid:d63f054e-8b3a-4fcd-9ab5-4a4552f4be52/SCLAMP_EA_Questionaire/Short_rain_season/Aug_Sept_2020[2],uuid:d63f054e-8b3a-4fcd-9ab5-4a4552f4be52/SCLAMP_EA_Questionaire/Short_rain_season/Aug_Sept_2020[2]/constraints_for_tomato_production_Aug_Sept_2020[2]
Drought,,High,uuid:5ba0aafd-498f-48fd-99e2-57a06701247e/SCLAMP_EA_Questionaire/Short_rain_season/Aug_Sept_2020[1],uuid:5ba0aafd-498f-48fd-99e2-57a06701247e/SCLAMP_EA_Questionaire/Short_rain_season/Aug_Sept_2020[1]/constraints_for_tomato_production_Aug_Sept_2020[1]
Drought,,High,uuid:5ba0aafd-498f-48fd-99e2-57a06701247e/SCLAMP_EA_Questionaire/Short_rain_season/Aug_Sept_2020[2],uuid:5ba0aafd-498f-48fd-99e2-57a06701247e/SCLAMP_EA_Questionaire/Short_rain_season/Aug_Sept_2020[2]/constraints_for_tomato_production_Aug_Sept_2020[1]
Drought,,High,uuid:ccc160bb-90fe-4468-93e7-9eb4d44bda2e/SCLAMP_EA_Questionaire/Short_rain_season/Aug_Sept_2020[2],uuid:ccc160bb-90fe-4468-93e7-9eb4d44bda2e/SCLAMP_EA_Questionaire/Short_rain_season/Aug_Sept_2020[2]/constraints_for_tomato_production_Aug_Sept_2020[1]
Drought,,High,uuid:aa0d9581-4676-4d29-a17c-530995702a2c/SCLAMP_EA_Questionaire/Short_rain_season/Aug_Sept_2020[2],uuid:aa0d9581-4676-4d29-a17c-530995702a2c/SCLAMP_EA_Questionaire/Short_rain_season/Aug_Sept_2020[2]/constraints_for_tomato_production_Aug_Sept_2020[1]
Drought,,High,uuid:6882eee5-40c9-4540-860e-bdb484b2ba9d/SCLAMP_EA_Questionaire/Short_rain_season/Aug_Sept_2020[2],uuid:6882eee5-40c9-4540-860e-bdb484b2ba9d/SCLAMP_EA_Questionaire/Short_rain_season/Aug_Sept_2020[2]/constraints_for_tomato_production_Aug_Sept_2020[1]
Drought,,High,uuid:6882eee5-40c9-4540-860e-bdb484b2ba9d/SCLAMP_EA_Questionaire/Short_rain_season/Aug_Sept_2020[4],uuid:6882eee5-40c9-4540-860e-bdb484b2ba9d/SCLAMP_EA_Questionaire/Short_rain_season/Aug_Sept_2020[4]/constraints_for_tomato_production_Aug_Sept_2020[1]
Shortage_of_rain,,High,uuid:6882eee5-40c9-4540-860e-bdb484b2ba9d/SCLAMP_EA_Questionaire/Short_rain_season/Aug_Sept_2020[4],uuid:6882eee5-40c9-4540-860e-bdb484b2ba9d/SCLAMP_EA_Questionaire/Short_rain_season/Aug_Sept_2020[4]/constraints_for_tomato_production_Aug_Sept_2020[2]
Plant_diseases_,,High,uuid:6882eee5-40c9-4540-860e-bdb484b2ba9d/SCLAMP_EA_Questionaire/Short_rain_season/Aug_Sept_2020[4],uuid:6882eee5-40c9-4540-860e-bdb484b2ba9d/SCLAMP_EA_Questionaire/Short_rain_season/Aug_Sept_2020[4]/constraints_for_tomato_production_Aug_Sept_2020[3]
Plant_diseases_,,High,uuid:6882eee5-40c9-4540-860e-bdb484b2ba9d/SCLAMP_EA_Questionaire/Short_rain_season/Aug_Sept_2020[6],uuid:6882eee5-40c9-4540-860e-bdb484b2ba9d/SCLAMP_EA_Questionaire/Short_rain_season/Aug_Sept_2020[6]/constraints_for_tomato_production_Aug_Sept_2020[1]
White_flies,,Medium,uuid:8727aacb-70dc-49a0-a467-480a60c07678/SCLAMP_EA_Questionaire/Short_rain_season/Aug_Sept_2020[1],uuid:8727aacb-70dc-49a0-a467-480a60c07678/SCLAMP_EA_Questionaire/Short_rain_season/Aug_Sept_2020[1]/constraints_for_tomato_production_Aug_Sept_2020[1]
Ballworm,,Medium,uuid:bc613a4f-b477-47ea-98b7-51e1e6b4422c/SCLAMP_EA_Questionaire/Short_rain_season/Aug_Sept_2020[1],uuid:bc613a4f-b477-47ea-98b7-51e1e6b4422c/SCLAMP_EA_Questionaire/Short_rain_season/Aug_Sept_2020[1]/constraints_for_tomato_production_Aug_Sept_2020[1]
Aphids,,Low,uuid:bc613a4f-b477-47ea-98b7-51e1e6b4422c/SCLAMP_EA_Questionaire/Short_rain_season/Aug_Sept_2020[1],uuid:bc613a4f-b477-47ea-98b7-51e1e6b4422c/SCLAMP_EA_Questionaire/Short_rain_season/Aug_Sept_2020[1]/constraints_for_tomato_production_Aug_Sept_2020[2]
Plant_diseases_,,High,uuid:d64c2b96-bfb8-410e-95d1-c50a820bc67e/SCLAMP_EA_Questionaire/Short_rain_season/Aug_Sept_2020[2],uuid:d64c2b96-bfb8-410e-95d1-c50a820bc67e/SCLAMP_EA_Questionaire/Short_rain_season/Aug_Sept_2020[2]/constraints_for_tomato_production_Aug_Sept_2020[1]
Drought,,High,uuid:d64c2b96-bfb8-410e-95d1-c50a820bc67e/SCLAMP_EA_Questionaire/Short_rain_season/Aug_Sept_2020[2],uuid:d64c2b96-bfb8-410e-95d1-c50a820bc67e/SCLAMP_EA_Questionaire/Short_rain_season/Aug_Sept_2020[2]/constraints_for_tomato_production_Aug_Sept_2020[2]
Plant_diseases_,,High,uuid:72f7b252-ff9a-461e-bf2d-c07cd669adf0/SCLAMP_EA_Questionaire/Short_rain_season/Aug_Sept_2020[1],uuid:72f7b252-ff9a-461e-bf2d-c07cd669adf0/SCLAMP_EA_Questionaire/Short_rain_season/Aug_Sept_2020[1]/constraints_for_tomato_production_Aug_Sept_2020[1]
Drought,,High,uuid:fb24a20d-12ba-46df-b329-f1164876fea8/SCLAMP_EA_Questionaire/Short_rain_season/Aug_Sept_2020[2],uuid:fb24a20d-12ba-46df-b329-f1164876fea8/SCLAMP_EA_Questionaire/Short_rain_season/Aug_Sept_2020[2]/constraints_for_tomato_production_Aug_Sept_2020[1]
Drought,,High,uuid:8238cb1a-dc5c-4eba-a66c-37fe7daf6375/SCLAMP_EA_Questionaire/Short_rain_season/Aug_Sept_2020[1],uuid:8238cb1a-dc5c-4eba-a66c-37fe7daf6375/SCLAMP_EA_Questionaire/Short_rain_season/Aug_Sept_2020[1]/constraints_for_tomato_production_Aug_Sept_2020[1]
Drought,,High,uuid:e226cb30-f92f-4c04-909e-98ad7a382f0a/SCLAMP_EA_Questionaire/Short_rain_season/Aug_Sept_2020[1],uuid:e226cb30-f92f-4c04-909e-98ad7a382f0a/SCLAMP_EA_Questionaire/Short_rain_season/Aug_Sept_2020[1]/constraints_for_tomato_production_Aug_Sept_2020[1]
Drought,,High,uuid:22c4b622-938e-42f3-8fe9-a214a8e0182e/SCLAMP_EA_Questionaire/Short_rain_season/Aug_Sept_2020[2],uuid:22c4b622-938e-42f3-8fe9-a214a8e0182e/SCLAMP_EA_Questionaire/Short_rain_season/Aug_Sept_2020[2]/constraints_for_tomato_production_Aug_Sept_2020[1]
Soil_fertility_exhaustion_,,High,uuid:0418f7af-7471-4814-94df-b86dc57aaa57/SCLAMP_EA_Questionaire/Short_rain_season/Aug_Sept_2020[1],uuid:0418f7af-7471-4814-94df-b86dc57aaa57/SCLAMP_EA_Questionaire/Short_rain_season/Aug_Sept_2020[1]/constraints_for_tomato_production_Aug_Sept_2020[1]
Drought,,Medium,uuid:0418f7af-7471-4814-94df-b86dc57aaa57/SCLAMP_EA_Questionaire/Short_rain_season/Aug_Sept_2020[1],uuid:0418f7af-7471-4814-94df-b86dc57aaa57/SCLAMP_EA_Questionaire/Short_rain_season/Aug_Sept_2020[1]/constraints_for_tomato_production_Aug_Sept_2020[2]
Drought,,Medium,uuid:e1e9b848-4ed4-440b-8a64-98a747ee143f/SCLAMP_EA_Questionaire/Short_rain_season/Aug_Sept_2020[2],uuid:e1e9b848-4ed4-440b-8a64-98a747ee143f/SCLAMP_EA_Questionaire/Short_rain_season/Aug_Sept_2020[2]/constraints_for_tomato_production_Aug_Sept_2020[1]
Drought,,High,uuid:54592387-8f0a-4a59-8c9f-9e5839dd8404/SCLAMP_EA_Questionaire/Short_rain_season/Aug_Sept_2020[2],uuid:54592387-8f0a-4a59-8c9f-9e5839dd8404/SCLAMP_EA_Questionaire/Short_rain_season/Aug_Sept_2020[2]/constraints_for_tomato_production_Aug_Sept_2020[1]
Drought,,High,uuid:805cf1b9-4e28-4e62-8fae-6888c0ab8f2c/SCLAMP_EA_Questionaire/Short_rain_season/Aug_Sept_2020[2],uuid:805cf1b9-4e28-4e62-8fae-6888c0ab8f2c/SCLAMP_EA_Questionaire/Short_rain_season/Aug_Sept_2020[2]/constraints_for_tomato_production_Aug_Sept_2020[1]
Soil_fertility_exhaustion_,,Medium,uuid:a315471a-5314-4119-91ea-daf90803b1ce/SCLAMP_EA_Questionaire/Short_rain_season/Aug_Sept_2020[2],uuid:a315471a-5314-4119-91ea-daf90803b1ce/SCLAMP_EA_Questionaire/Short_rain_season/Aug_Sept_2020[2]/constraints_for_tomato_production_Aug_Sept_2020[1]
Leaf_eaters_,,Low,uuid:a315471a-5314-4119-91ea-daf90803b1ce/SCLAMP_EA_Questionaire/Short_rain_season/Aug_Sept_2020[2],uuid:a315471a-5314-4119-91ea-daf90803b1ce/SCLAMP_EA_Questionaire/Short_rain_season/Aug_Sept_2020[2]/constraints_for_tomato_production_Aug_Sept_2020[2]
Soil_fertility_exhaustion_,,High,uuid:07c584f5-10c8-436a-8230-9ae9614b48bf/SCLAMP_EA_Questionaire/Short_rain_season/Aug_Sept_2020[1],uuid:07c584f5-10c8-436a-8230-9ae9614b48bf/SCLAMP_EA_Questionaire/Short_rain_season/Aug_Sept_2020[1]/constraints_for_tomato_production_Aug_Sept_2020[1]
other,Bright,High,uuid:07c584f5-10c8-436a-8230-9ae9614b48bf/SCLAMP_EA_Questionaire/Short_rain_season/Aug_Sept_2020[1],uuid:07c584f5-10c8-436a-8230-9ae9614b48bf/SCLAMP_EA_Questionaire/Short_rain_season/Aug_Sept_2020[1]/constraints_for_tomato_production_Aug_Sept_2020[2]
Soil_fertility_exhaustion_,,High,uuid:ac7d1a54-b90d-4a04-9286-b09110c2c79b/SCLAMP_EA_Questionaire/Short_rain_season/Aug_Sept_2020[1],uuid:ac7d1a54-b90d-4a04-9286-b09110c2c79b/SCLAMP_EA_Questionaire/Short_rain_season/Aug_Sept_2020[1]/constraints_for_tomato_production_Aug_Sept_2020[1]
Aphids,,Medium,uuid:ac7d1a54-b90d-4a04-9286-b09110c2c79b/SCLAMP_EA_Questionaire/Short_rain_season/Aug_Sept_2020[1],uuid:ac7d1a54-b90d-4a04-9286-b09110c2c79b/SCLAMP_EA_Questionaire/Short_rain_season/Aug_Sept_2020[1]/constraints_for_tomato_production_Aug_Sept_2020[2]
other,Animals,Medium,uuid:ac7d1a54-b90d-4a04-9286-b09110c2c79b/SCLAMP_EA_Questionaire/Short_rain_season/Aug_Sept_2020[1],uuid:ac7d1a54-b90d-4a04-9286-b09110c2c79b/SCLAMP_EA_Questionaire/Short_rain_season/Aug_Sept_2020[1]/constraints_for_tomato_production_Aug_Sept_2020[3]
Soil_fertility_exhaustion_,,High,uuid:f9d1646e-db43-4495-8fc4-7c92357bdbfd/SCLAMP_EA_Questionaire/Short_rain_season/Aug_Sept_2020[1],uuid:f9d1646e-db43-4495-8fc4-7c92357bdbfd/SCLAMP_EA_Questionaire/Short_rain_season/Aug_Sept_2020[1]/constraints_for_tomato_production_Aug_Sept_2020[1]
Red_spider_mite,,Low,uuid:be1088bd-fded-4c04-9579-7b20c04053fd/SCLAMP_EA_Questionaire/Short_rain_season/Aug_Sept_2020[1],uuid:be1088bd-fded-4c04-9579-7b20c04053fd/SCLAMP_EA_Questionaire/Short_rain_season/Aug_Sept_2020[1]/constraints_for_tomato_production_Aug_Sept_2020[1]
Drought,,Medium,uuid:d882ddfb-dd1a-4cc4-973a-aa0e90fc69bc/SCLAMP_EA_Questionaire/Short_rain_season/Aug_Sept_2020[2],uuid:d882ddfb-dd1a-4cc4-973a-aa0e90fc69bc/SCLAMP_EA_Questionaire/Short_rain_season/Aug_Sept_2020[2]/constraints_for_tomato_production_Aug_Sept_2020[1]
Soil_fertility_exhaustion_,,Medium,uuid:d882ddfb-dd1a-4cc4-973a-aa0e90fc69bc/SCLAMP_EA_Questionaire/Short_rain_season/Aug_Sept_2020[2],uuid:d882ddfb-dd1a-4cc4-973a-aa0e90fc69bc/SCLAMP_EA_Questionaire/Short_rain_season/Aug_Sept_2020[2]/constraints_for_tomato_production_Aug_Sept_2020[2]
Plant_diseases_,,Medium,uuid:c7d2ff26-8041-4025-9544-b0ce88abfb2b/SCLAMP_EA_Questionaire/Short_rain_season/Aug_Sept_2020[2],uuid:c7d2ff26-8041-4025-9544-b0ce88abfb2b/SCLAMP_EA_Questionaire/Short_rain_season/Aug_Sept_2020[2]/constraints_for_tomato_production_Aug_Sept_2020[1]
Soil_fertility_exhaustion_,,Medium,uuid:c7d2ff26-8041-4025-9544-b0ce88abfb2b/SCLAMP_EA_Questionaire/Short_rain_season/Aug_Sept_2020[2],uuid:c7d2ff26-8041-4025-9544-b0ce88abfb2b/SCLAMP_EA_Questionaire/Short_rain_season/Aug_Sept_2020[2]/constraints_for_tomato_production_Aug_Sept_2020[2]
other,Fog and mist,Medium,uuid:11c110f1-0254-4c04-9ab0-3280229e1356/SCLAMP_EA_Questionaire/Short_rain_season/Aug_Sept_2020[1],uuid:11c110f1-0254-4c04-9ab0-3280229e1356/SCLAMP_EA_Questionaire/Short_rain_season/Aug_Sept_2020[1]/constraints_for_tomato_production_Aug_Sept_2020[1]
