strategies_used_to_control_tuta_Absoluta_Feb_March_2020,specify_the_pesticide_tuta_absoluta,other_strategies_used_to_control_Feb_March_2020,perception_on_the_effectiveness_of_strategy_in_controlling_Tuta_Absoluta_Feb_March_2020,PARENT_KEY,KEY
Chemicals,,,Medium,uuid:a3ccb1fc-001f-4975-9b72-afabca6a6a2e/SCLAMP_EA_Questionaire/Long_rain_season/Feb_March_2020[1],uuid:a3ccb1fc-001f-4975-9b72-afabca6a6a2e/SCLAMP_EA_Questionaire/Long_rain_season/Feb_March_2020[1]/Strategies_for_tuta_Absoluta_Feb_March_2020[1]
Chemicals,,,Medium,uuid:6a3d918a-96b5-4483-90ca-c8ffc63bcf7f/SCLAMP_EA_Questionaire/Long_rain_season/Feb_March_2020[3],uuid:6a3d918a-96b5-4483-90ca-c8ffc63bcf7f/SCLAMP_EA_Questionaire/Long_rain_season/Feb_March_2020[3]/Strategies_for_tuta_Absoluta_Feb_March_2020[1]
Chemicals,,,Medium,uuid:57b8fcb2-2b67-49c3-8021-63d05217bd33/SCLAMP_EA_Questionaire/Long_rain_season/Feb_March_2020[2],uuid:57b8fcb2-2b67-49c3-8021-63d05217bd33/SCLAMP_EA_Questionaire/Long_rain_season/Feb_March_2020[2]/Strategies_for_tuta_Absoluta_Feb_March_2020[1]
Chemicals,,,Medium,uuid:4b4915f1-666c-463a-957c-897ecff93c31/SCLAMP_EA_Questionaire/Long_rain_season/Feb_March_2020[1],uuid:4b4915f1-666c-463a-957c-897ecff93c31/SCLAMP_EA_Questionaire/Long_rain_season/Feb_March_2020[1]/Strategies_for_tuta_Absoluta_Feb_March_2020[1]
Chemicals,,,High,uuid:b274dff4-d26b-4575-bc67-002c4ed769a7/SCLAMP_EA_Questionaire/Long_rain_season/Feb_March_2020[2],uuid:b274dff4-d26b-4575-bc67-002c4ed769a7/SCLAMP_EA_Questionaire/Long_rain_season/Feb_March_2020[2]/Strategies_for_tuta_Absoluta_Feb_March_2020[1]
Chemicals,,,High,uuid:0cafa010-dd3e-4b35-92d9-02cf799ad342/SCLAMP_EA_Questionaire/Long_rain_season/Feb_March_2020[2],uuid:0cafa010-dd3e-4b35-92d9-02cf799ad342/SCLAMP_EA_Questionaire/Long_rain_season/Feb_March_2020[2]/Strategies_for_tuta_Absoluta_Feb_March_2020[1]
Chemicals,,,Low,uuid:eadc2067-16c3-4a6c-a3ee-5b82aab8063d/SCLAMP_EA_Questionaire/Long_rain_season/Feb_March_2020[2],uuid:eadc2067-16c3-4a6c-a3ee-5b82aab8063d/SCLAMP_EA_Questionaire/Long_rain_season/Feb_March_2020[2]/Strategies_for_tuta_Absoluta_Feb_March_2020[1]
Field_hygiene_,,,Low,uuid:a09a56a3-2458-454b-b319-93a1748d397c/SCLAMP_EA_Questionaire/Long_rain_season/Feb_March_2020[5],uuid:a09a56a3-2458-454b-b319-93a1748d397c/SCLAMP_EA_Questionaire/Long_rain_season/Feb_March_2020[5]/Strategies_for_tuta_Absoluta_Feb_March_2020[1]
Field_hygiene_,,,High,uuid:fd9997a8-5c57-493d-8d68-c383c018aceb/SCLAMP_EA_Questionaire/Long_rain_season/Feb_March_2020[2],uuid:fd9997a8-5c57-493d-8d68-c383c018aceb/SCLAMP_EA_Questionaire/Long_rain_season/Feb_March_2020[2]/Strategies_for_tuta_Absoluta_Feb_March_2020[1]
other,,Natural herb spraying,Medium,uuid:fd9997a8-5c57-493d-8d68-c383c018aceb/SCLAMP_EA_Questionaire/Long_rain_season/Feb_March_2020[2],uuid:fd9997a8-5c57-493d-8d68-c383c018aceb/SCLAMP_EA_Questionaire/Long_rain_season/Feb_March_2020[2]/Strategies_for_tuta_Absoluta_Feb_March_2020[2]
Field_hygiene_,,,High,uuid:fd9997a8-5c57-493d-8d68-c383c018aceb/SCLAMP_EA_Questionaire/Long_rain_season/Feb_March_2020[3],uuid:fd9997a8-5c57-493d-8d68-c383c018aceb/SCLAMP_EA_Questionaire/Long_rain_season/Feb_March_2020[3]/Strategies_for_tuta_Absoluta_Feb_March_2020[1]
other,,Picking the leaves and burn,High,uuid:fd9997a8-5c57-493d-8d68-c383c018aceb/SCLAMP_EA_Questionaire/Long_rain_season/Feb_March_2020[3],uuid:fd9997a8-5c57-493d-8d68-c383c018aceb/SCLAMP_EA_Questionaire/Long_rain_season/Feb_March_2020[3]/Strategies_for_tuta_Absoluta_Feb_March_2020[2]
Chemicals,,,High,uuid:fd9997a8-5c57-493d-8d68-c383c018aceb/SCLAMP_EA_Questionaire/Long_rain_season/Feb_March_2020[3],uuid:fd9997a8-5c57-493d-8d68-c383c018aceb/SCLAMP_EA_Questionaire/Long_rain_season/Feb_March_2020[3]/Strategies_for_tuta_Absoluta_Feb_March_2020[3]
Chemicals,,,Low,uuid:64b66d1c-5eea-4132-8419-fe4ac895bd68/SCLAMP_EA_Questionaire/Long_rain_season/Feb_March_2020[2],uuid:64b66d1c-5eea-4132-8419-fe4ac895bd68/SCLAMP_EA_Questionaire/Long_rain_season/Feb_March_2020[2]/Strategies_for_tuta_Absoluta_Feb_March_2020[1]
Field_hygiene_,,,Medium,uuid:64b66d1c-5eea-4132-8419-fe4ac895bd68/SCLAMP_EA_Questionaire/Long_rain_season/Feb_March_2020[2],uuid:64b66d1c-5eea-4132-8419-fe4ac895bd68/SCLAMP_EA_Questionaire/Long_rain_season/Feb_March_2020[2]/Strategies_for_tuta_Absoluta_Feb_March_2020[2]
Chemicals,,,Medium,uuid:a1f01dba-b7db-4c61-9e6b-5a36ba9eca0b/SCLAMP_EA_Questionaire/Long_rain_season/Feb_March_2020[1],uuid:a1f01dba-b7db-4c61-9e6b-5a36ba9eca0b/SCLAMP_EA_Questionaire/Long_rain_season/Feb_March_2020[1]/Strategies_for_tuta_Absoluta_Feb_March_2020[1]
other,,Mulching,Medium,uuid:a1f01dba-b7db-4c61-9e6b-5a36ba9eca0b/SCLAMP_EA_Questionaire/Long_rain_season/Feb_March_2020[1],uuid:a1f01dba-b7db-4c61-9e6b-5a36ba9eca0b/SCLAMP_EA_Questionaire/Long_rain_season/Feb_March_2020[1]/Strategies_for_tuta_Absoluta_Feb_March_2020[2]
Field_hygiene_,,,Medium,uuid:a1f01dba-b7db-4c61-9e6b-5a36ba9eca0b/SCLAMP_EA_Questionaire/Long_rain_season/Feb_March_2020[1],uuid:a1f01dba-b7db-4c61-9e6b-5a36ba9eca0b/SCLAMP_EA_Questionaire/Long_rain_season/Feb_March_2020[1]/Strategies_for_tuta_Absoluta_Feb_March_2020[3]
Chemicals,,,Medium,uuid:3c611499-021b-49f1-bbc1-7c1b21db8a8c/SCLAMP_EA_Questionaire/Long_rain_season/Feb_March_2020[2],uuid:3c611499-021b-49f1-bbc1-7c1b21db8a8c/SCLAMP_EA_Questionaire/Long_rain_season/Feb_March_2020[2]/Strategies_for_tuta_Absoluta_Feb_March_2020[1]
Field_hygiene_,,,Medium,uuid:3c611499-021b-49f1-bbc1-7c1b21db8a8c/SCLAMP_EA_Questionaire/Long_rain_season/Feb_March_2020[2],uuid:3c611499-021b-49f1-bbc1-7c1b21db8a8c/SCLAMP_EA_Questionaire/Long_rain_season/Feb_March_2020[2]/Strategies_for_tuta_Absoluta_Feb_March_2020[2]
Chemicals,,,High,uuid:be1a5f69-18ae-42cb-a598-205ca08f3c60/SCLAMP_EA_Questionaire/Long_rain_season/Feb_March_2020[2],uuid:be1a5f69-18ae-42cb-a598-205ca08f3c60/SCLAMP_EA_Questionaire/Long_rain_season/Feb_March_2020[2]/Strategies_for_tuta_Absoluta_Feb_March_2020[1]
Field_hygiene_,,,Medium,uuid:be1a5f69-18ae-42cb-a598-205ca08f3c60/SCLAMP_EA_Questionaire/Long_rain_season/Feb_March_2020[2],uuid:be1a5f69-18ae-42cb-a598-205ca08f3c60/SCLAMP_EA_Questionaire/Long_rain_season/Feb_March_2020[2]/Strategies_for_tuta_Absoluta_Feb_March_2020[2]
Chemicals,,,High,uuid:e0914409-b489-41f0-b23a-56e2cf00b20f/SCLAMP_EA_Questionaire/Long_rain_season/Feb_March_2020[1],uuid:e0914409-b489-41f0-b23a-56e2cf00b20f/SCLAMP_EA_Questionaire/Long_rain_season/Feb_March_2020[1]/Strategies_for_tuta_Absoluta_Feb_March_2020[1]
Field_hygiene_,,,Medium,uuid:e0914409-b489-41f0-b23a-56e2cf00b20f/SCLAMP_EA_Questionaire/Long_rain_season/Feb_March_2020[1],uuid:e0914409-b489-41f0-b23a-56e2cf00b20f/SCLAMP_EA_Questionaire/Long_rain_season/Feb_March_2020[1]/Strategies_for_tuta_Absoluta_Feb_March_2020[2]
Chemicals,,,Medium,uuid:a773bc95-53fc-4f21-8bbc-e14eff96e268/SCLAMP_EA_Questionaire/Long_rain_season/Feb_March_2020[2],uuid:a773bc95-53fc-4f21-8bbc-e14eff96e268/SCLAMP_EA_Questionaire/Long_rain_season/Feb_March_2020[2]/Strategies_for_tuta_Absoluta_Feb_March_2020[1]
Chemicals,,,Medium,uuid:c02a1732-25c3-409b-a2b8-fd92dd5cabaf/SCLAMP_EA_Questionaire/Long_rain_season/Feb_March_2020[2],uuid:c02a1732-25c3-409b-a2b8-fd92dd5cabaf/SCLAMP_EA_Questionaire/Long_rain_season/Feb_March_2020[2]/Strategies_for_tuta_Absoluta_Feb_March_2020[1]
Chemicals,,,High,uuid:46fc2f07-9bd0-4b75-956a-291b7615e896/SCLAMP_EA_Questionaire/Long_rain_season/Feb_March_2020[4],uuid:46fc2f07-9bd0-4b75-956a-291b7615e896/SCLAMP_EA_Questionaire/Long_rain_season/Feb_March_2020[4]/Strategies_for_tuta_Absoluta_Feb_March_2020[1]
Chemicals,,,Low,uuid:1bfdb3e2-a6f2-4daf-95a6-1246c02b46c9/SCLAMP_EA_Questionaire/Long_rain_season/Feb_March_2020[3],uuid:1bfdb3e2-a6f2-4daf-95a6-1246c02b46c9/SCLAMP_EA_Questionaire/Long_rain_season/Feb_March_2020[3]/Strategies_for_tuta_Absoluta_Feb_March_2020[1]
Chemicals,,,High,uuid:53e2f3d8-9d93-47fc-a22f-ce61c0fa25ca/SCLAMP_EA_Questionaire/Long_rain_season/Feb_March_2020[2],uuid:53e2f3d8-9d93-47fc-a22f-ce61c0fa25ca/SCLAMP_EA_Questionaire/Long_rain_season/Feb_March_2020[2]/Strategies_for_tuta_Absoluta_Feb_March_2020[1]
Field_hygiene_,,,Medium,uuid:53e2f3d8-9d93-47fc-a22f-ce61c0fa25ca/SCLAMP_EA_Questionaire/Long_rain_season/Feb_March_2020[2],uuid:53e2f3d8-9d93-47fc-a22f-ce61c0fa25ca/SCLAMP_EA_Questionaire/Long_rain_season/Feb_March_2020[2]/Strategies_for_tuta_Absoluta_Feb_March_2020[2]
Chemicals,,,Medium,uuid:983b9ac5-bbc8-43f4-b8e3-b638fb65b99c/SCLAMP_EA_Questionaire/Long_rain_season/Feb_March_2020[4],uuid:983b9ac5-bbc8-43f4-b8e3-b638fb65b99c/SCLAMP_EA_Questionaire/Long_rain_season/Feb_March_2020[4]/Strategies_for_tuta_Absoluta_Feb_March_2020[1]
Field_hygiene_,,,Medium,uuid:983b9ac5-bbc8-43f4-b8e3-b638fb65b99c/SCLAMP_EA_Questionaire/Long_rain_season/Feb_March_2020[4],uuid:983b9ac5-bbc8-43f4-b8e3-b638fb65b99c/SCLAMP_EA_Questionaire/Long_rain_season/Feb_March_2020[4]/Strategies_for_tuta_Absoluta_Feb_March_2020[2]
Chemicals,,,Low,uuid:46c78423-8a2f-4fa0-8726-cf4bb3922974/SCLAMP_EA_Questionaire/Long_rain_season/Feb_March_2020[3],uuid:46c78423-8a2f-4fa0-8726-cf4bb3922974/SCLAMP_EA_Questionaire/Long_rain_season/Feb_March_2020[3]/Strategies_for_tuta_Absoluta_Feb_March_2020[1]
Chemicals,,,Medium,uuid:99695b6e-706e-46f2-8da7-61df87c7b7d3/SCLAMP_EA_Questionaire/Long_rain_season/Feb_March_2020[2],uuid:99695b6e-706e-46f2-8da7-61df87c7b7d3/SCLAMP_EA_Questionaire/Long_rain_season/Feb_March_2020[2]/Strategies_for_tuta_Absoluta_Feb_March_2020[1]
Chemicals,,,High,uuid:84c6c6fa-8c01-4304-b791-a52cc87ef860/SCLAMP_EA_Questionaire/Long_rain_season/Feb_March_2020[2],uuid:84c6c6fa-8c01-4304-b791-a52cc87ef860/SCLAMP_EA_Questionaire/Long_rain_season/Feb_March_2020[2]/Strategies_for_tuta_Absoluta_Feb_March_2020[1]
,,,,uuid:84c6c6fa-8c01-4304-b791-a52cc87ef860/SCLAMP_EA_Questionaire/Long_rain_season/Feb_March_2020[2],uuid:84c6c6fa-8c01-4304-b791-a52cc87ef860/SCLAMP_EA_Questionaire/Long_rain_season/Feb_March_2020[2]/Strategies_for_tuta_Absoluta_Feb_March_2020[2]
Chemicals,,,High,uuid:d394be21-da52-4a1d-8b99-1d236c40d072/SCLAMP_EA_Questionaire/Long_rain_season/Feb_March_2020[1],uuid:d394be21-da52-4a1d-8b99-1d236c40d072/SCLAMP_EA_Questionaire/Long_rain_season/Feb_March_2020[1]/Strategies_for_tuta_Absoluta_Feb_March_2020[1]
Chemicals,,,High,uuid:d394be21-da52-4a1d-8b99-1d236c40d072/SCLAMP_EA_Questionaire/Long_rain_season/Feb_March_2020[2],uuid:d394be21-da52-4a1d-8b99-1d236c40d072/SCLAMP_EA_Questionaire/Long_rain_season/Feb_March_2020[2]/Strategies_for_tuta_Absoluta_Feb_March_2020[1]
Chemicals,,,High,uuid:70e9b71c-5419-4c1b-80af-5996633daaf1/SCLAMP_EA_Questionaire/Long_rain_season/Feb_March_2020[4],uuid:70e9b71c-5419-4c1b-80af-5996633daaf1/SCLAMP_EA_Questionaire/Long_rain_season/Feb_March_2020[4]/Strategies_for_tuta_Absoluta_Feb_March_2020[1]
Chemicals,,,Medium,uuid:5f7c94f8-ab1d-474f-8970-8054d1f507bc/SCLAMP_EA_Questionaire/Long_rain_season/Feb_March_2020[2],uuid:5f7c94f8-ab1d-474f-8970-8054d1f507bc/SCLAMP_EA_Questionaire/Long_rain_season/Feb_March_2020[2]/Strategies_for_tuta_Absoluta_Feb_March_2020[1]
other,,Cloud cover,High,uuid:837e9c33-931e-49a9-a9a0-f9fcfa69a0ce/SCLAMP_EA_Questionaire/Long_rain_season/Feb_March_2020[3],uuid:837e9c33-931e-49a9-a9a0-f9fcfa69a0ce/SCLAMP_EA_Questionaire/Long_rain_season/Feb_March_2020[3]/Strategies_for_tuta_Absoluta_Feb_March_2020[1]
,,,,uuid:837e9c33-931e-49a9-a9a0-f9fcfa69a0ce/SCLAMP_EA_Questionaire/Long_rain_season/Feb_March_2020[3],uuid:837e9c33-931e-49a9-a9a0-f9fcfa69a0ce/SCLAMP_EA_Questionaire/Long_rain_season/Feb_March_2020[3]/Strategies_for_tuta_Absoluta_Feb_March_2020[2]
Chemicals,,,Medium,uuid:6f5d5f3c-02f6-4401-8c83-fc146b370346/SCLAMP_EA_Questionaire/Long_rain_season/Feb_March_2020[3],uuid:6f5d5f3c-02f6-4401-8c83-fc146b370346/SCLAMP_EA_Questionaire/Long_rain_season/Feb_March_2020[3]/Strategies_for_tuta_Absoluta_Feb_March_2020[1]
Chemicals,,,Low,uuid:fa12ec53-8967-46ae-a923-ea00a4d0ad4e/SCLAMP_EA_Questionaire/Long_rain_season/Feb_March_2020[2],uuid:fa12ec53-8967-46ae-a923-ea00a4d0ad4e/SCLAMP_EA_Questionaire/Long_rain_season/Feb_March_2020[2]/Strategies_for_tuta_Absoluta_Feb_March_2020[1]
Chemicals,,,High,uuid:c46fb1a7-8005-4bda-bd14-3c2c8627f3ab/SCLAMP_EA_Questionaire/Long_rain_season/Feb_March_2020[2],uuid:c46fb1a7-8005-4bda-bd14-3c2c8627f3ab/SCLAMP_EA_Questionaire/Long_rain_season/Feb_March_2020[2]/Strategies_for_tuta_Absoluta_Feb_March_2020[1]
Chemicals,,,High,uuid:1c9ae9ae-fc95-4bc7-9140-1ca04b1d2e27/SCLAMP_EA_Questionaire/Long_rain_season/Feb_March_2020[2],uuid:1c9ae9ae-fc95-4bc7-9140-1ca04b1d2e27/SCLAMP_EA_Questionaire/Long_rain_season/Feb_March_2020[2]/Strategies_for_tuta_Absoluta_Feb_March_2020[1]
Chemicals,,,High,uuid:a00dfb83-c3b4-4037-8458-945ea65878be/SCLAMP_EA_Questionaire/Long_rain_season/Feb_March_2020[2],uuid:a00dfb83-c3b4-4037-8458-945ea65878be/SCLAMP_EA_Questionaire/Long_rain_season/Feb_March_2020[2]/Strategies_for_tuta_Absoluta_Feb_March_2020[1]
Chemicals,,,Low,uuid:7457a72b-9522-46f5-9921-3320b7f78865/SCLAMP_EA_Questionaire/Long_rain_season/Feb_March_2020[2],uuid:7457a72b-9522-46f5-9921-3320b7f78865/SCLAMP_EA_Questionaire/Long_rain_season/Feb_March_2020[2]/Strategies_for_tuta_Absoluta_Feb_March_2020[1]
Chemicals,,,Medium,uuid:58225dc1-7aaf-4473-b2c6-9d6974a5d13f/SCLAMP_EA_Questionaire/Long_rain_season/Feb_March_2020[3],uuid:58225dc1-7aaf-4473-b2c6-9d6974a5d13f/SCLAMP_EA_Questionaire/Long_rain_season/Feb_March_2020[3]/Strategies_for_tuta_Absoluta_Feb_March_2020[1]
Chemicals,,,Medium,uuid:fe59bec3-195c-4326-b4d7-4b76831d6f2c/SCLAMP_EA_Questionaire/Long_rain_season/Feb_March_2020[3],uuid:fe59bec3-195c-4326-b4d7-4b76831d6f2c/SCLAMP_EA_Questionaire/Long_rain_season/Feb_March_2020[3]/Strategies_for_tuta_Absoluta_Feb_March_2020[1]
Chemicals,,,Medium,uuid:5ae5de58-3272-4966-950a-79d4527fd7d4/SCLAMP_EA_Questionaire/Long_rain_season/Feb_March_2020[2],uuid:5ae5de58-3272-4966-950a-79d4527fd7d4/SCLAMP_EA_Questionaire/Long_rain_season/Feb_March_2020[2]/Strategies_for_tuta_Absoluta_Feb_March_2020[1]
Chemicals,,,Medium,uuid:4a751ffc-435f-49d7-a944-96491220b319/SCLAMP_EA_Questionaire/Long_rain_season/Feb_March_2020[1],uuid:4a751ffc-435f-49d7-a944-96491220b319/SCLAMP_EA_Questionaire/Long_rain_season/Feb_March_2020[1]/Strategies_for_tuta_Absoluta_Feb_March_2020[1]
Chemicals,,,Medium,uuid:fc04161f-6c14-4561-991d-9f7e796089df/SCLAMP_EA_Questionaire/Long_rain_season/Feb_March_2020[3],uuid:fc04161f-6c14-4561-991d-9f7e796089df/SCLAMP_EA_Questionaire/Long_rain_season/Feb_March_2020[3]/Strategies_for_tuta_Absoluta_Feb_March_2020[1]
Chemicals,,,Medium,uuid:06d89973-abf7-47fe-9a69-29e068f2b15c/SCLAMP_EA_Questionaire/Long_rain_season/Feb_March_2020[2],uuid:06d89973-abf7-47fe-9a69-29e068f2b15c/SCLAMP_EA_Questionaire/Long_rain_season/Feb_March_2020[2]/Strategies_for_tuta_Absoluta_Feb_March_2020[1]
Chemicals,,,High,uuid:3d2c54bf-549b-4f70-87b2-c7cbc84c7297/SCLAMP_EA_Questionaire/Long_rain_season/Feb_March_2020[3],uuid:3d2c54bf-549b-4f70-87b2-c7cbc84c7297/SCLAMP_EA_Questionaire/Long_rain_season/Feb_March_2020[3]/Strategies_for_tuta_Absoluta_Feb_March_2020[1]
Chemicals,,,High,uuid:c557ee51-806f-4fb5-a7c9-fc11f34a1f2d/SCLAMP_EA_Questionaire/Long_rain_season/Feb_March_2020[2],uuid:c557ee51-806f-4fb5-a7c9-fc11f34a1f2d/SCLAMP_EA_Questionaire/Long_rain_season/Feb_March_2020[2]/Strategies_for_tuta_Absoluta_Feb_March_2020[1]
Chemicals,,,High,uuid:0b95fa58-f01b-42b5-a393-94dcd76e6de6/SCLAMP_EA_Questionaire/Long_rain_season/Feb_March_2020[2],uuid:0b95fa58-f01b-42b5-a393-94dcd76e6de6/SCLAMP_EA_Questionaire/Long_rain_season/Feb_March_2020[2]/Strategies_for_tuta_Absoluta_Feb_March_2020[1]
Chemicals,,,High,uuid:8874aac8-aee7-4b45-bec2-5ed795044149/SCLAMP_EA_Questionaire/Long_rain_season/Feb_March_2020[2],uuid:8874aac8-aee7-4b45-bec2-5ed795044149/SCLAMP_EA_Questionaire/Long_rain_season/Feb_March_2020[2]/Strategies_for_tuta_Absoluta_Feb_March_2020[1]
Chemicals,,,Medium,uuid:8f7c3c4e-c50e-45e3-b5e4-0e36369ab784/SCLAMP_EA_Questionaire/Long_rain_season/Feb_March_2020[2],uuid:8f7c3c4e-c50e-45e3-b5e4-0e36369ab784/SCLAMP_EA_Questionaire/Long_rain_season/Feb_March_2020[2]/Strategies_for_tuta_Absoluta_Feb_March_2020[1]
Chemicals,,,Medium,uuid:a0435873-bee0-4581-af28-5b743ac4b426/SCLAMP_EA_Questionaire/Long_rain_season/Feb_March_2020[2],uuid:a0435873-bee0-4581-af28-5b743ac4b426/SCLAMP_EA_Questionaire/Long_rain_season/Feb_March_2020[2]/Strategies_for_tuta_Absoluta_Feb_March_2020[1]
other,,Mulching,Low,uuid:a0435873-bee0-4581-af28-5b743ac4b426/SCLAMP_EA_Questionaire/Long_rain_season/Feb_March_2020[2],uuid:a0435873-bee0-4581-af28-5b743ac4b426/SCLAMP_EA_Questionaire/Long_rain_season/Feb_March_2020[2]/Strategies_for_tuta_Absoluta_Feb_March_2020[2]
other,,Mulching ,Medium,uuid:269f5244-0539-49d7-8bf5-cb24654149ae/SCLAMP_EA_Questionaire/Long_rain_season/Feb_March_2020[2],uuid:269f5244-0539-49d7-8bf5-cb24654149ae/SCLAMP_EA_Questionaire/Long_rain_season/Feb_March_2020[2]/Strategies_for_tuta_Absoluta_Feb_March_2020[1]
Training_on_Pest_and_disease_ma,,,Low,uuid:67c52bae-54d7-48a0-9dd9-60834ed48252/SCLAMP_EA_Questionaire/Long_rain_season/Feb_March_2020[3],uuid:67c52bae-54d7-48a0-9dd9-60834ed48252/SCLAMP_EA_Questionaire/Long_rain_season/Feb_March_2020[3]/Strategies_for_tuta_Absoluta_Feb_March_2020[1]
Field_hygiene_,,,Medium,uuid:090b90ee-6284-44d6-a991-e953ffca4e25/SCLAMP_EA_Questionaire/Long_rain_season/Feb_March_2020[2],uuid:090b90ee-6284-44d6-a991-e953ffca4e25/SCLAMP_EA_Questionaire/Long_rain_season/Feb_March_2020[2]/Strategies_for_tuta_Absoluta_Feb_March_2020[1]
Chemicals,,,High,uuid:ed16eab9-16f2-4df0-8052-54481ac657ed/SCLAMP_EA_Questionaire/Long_rain_season/Feb_March_2020[3],uuid:ed16eab9-16f2-4df0-8052-54481ac657ed/SCLAMP_EA_Questionaire/Long_rain_season/Feb_March_2020[3]/Strategies_for_tuta_Absoluta_Feb_March_2020[1]
other,,Mulching,High,uuid:b7e7019d-45f4-4c3f-8a96-4d4440905ba8/SCLAMP_EA_Questionaire/Long_rain_season/Feb_March_2020[4],uuid:b7e7019d-45f4-4c3f-8a96-4d4440905ba8/SCLAMP_EA_Questionaire/Long_rain_season/Feb_March_2020[4]/Strategies_for_tuta_Absoluta_Feb_March_2020[1]
Chemicals,,,Medium,uuid:b7e7019d-45f4-4c3f-8a96-4d4440905ba8/SCLAMP_EA_Questionaire/Long_rain_season/Feb_March_2020[4],uuid:b7e7019d-45f4-4c3f-8a96-4d4440905ba8/SCLAMP_EA_Questionaire/Long_rain_season/Feb_March_2020[4]/Strategies_for_tuta_Absoluta_Feb_March_2020[2]
Chemicals,,,High,uuid:a55b28c6-9bbc-41b1-b657-d05c3cd4cb78/SCLAMP_EA_Questionaire/Long_rain_season/Feb_March_2020[2],uuid:a55b28c6-9bbc-41b1-b657-d05c3cd4cb78/SCLAMP_EA_Questionaire/Long_rain_season/Feb_March_2020[2]/Strategies_for_tuta_Absoluta_Feb_March_2020[1]
other,,Mulching,Medium,uuid:a55b28c6-9bbc-41b1-b657-d05c3cd4cb78/SCLAMP_EA_Questionaire/Long_rain_season/Feb_March_2020[2],uuid:a55b28c6-9bbc-41b1-b657-d05c3cd4cb78/SCLAMP_EA_Questionaire/Long_rain_season/Feb_March_2020[2]/Strategies_for_tuta_Absoluta_Feb_March_2020[2]
other,,Sprayed with ash,High,uuid:a462c631-cc91-4c58-90c5-ff0d1b4d3aac/SCLAMP_EA_Questionaire/Long_rain_season/Feb_March_2020[2],uuid:a462c631-cc91-4c58-90c5-ff0d1b4d3aac/SCLAMP_EA_Questionaire/Long_rain_season/Feb_March_2020[2]/Strategies_for_tuta_Absoluta_Feb_March_2020[1]
Chemicals,,,High,uuid:0338b47b-e685-4047-b210-cb2ff000db4c/SCLAMP_EA_Questionaire/Long_rain_season/Feb_March_2020[3],uuid:0338b47b-e685-4047-b210-cb2ff000db4c/SCLAMP_EA_Questionaire/Long_rain_season/Feb_March_2020[3]/Strategies_for_tuta_Absoluta_Feb_March_2020[1]
Chemicals,,,High,uuid:a94c4186-553f-42da-b7d5-a66cce3b0458/SCLAMP_EA_Questionaire/Long_rain_season/Feb_March_2020[2],uuid:a94c4186-553f-42da-b7d5-a66cce3b0458/SCLAMP_EA_Questionaire/Long_rain_season/Feb_March_2020[2]/Strategies_for_tuta_Absoluta_Feb_March_2020[1]
Chemicals,,,High,uuid:a0015b82-7837-4c6f-86ba-df11c0e13cad/SCLAMP_EA_Questionaire/Long_rain_season/Feb_March_2020[5],uuid:a0015b82-7837-4c6f-86ba-df11c0e13cad/SCLAMP_EA_Questionaire/Long_rain_season/Feb_March_2020[5]/Strategies_for_tuta_Absoluta_Feb_March_2020[1]
Chemicals,,,High,uuid:c838e643-a3e0-4ef7-8487-33c1497a790f/SCLAMP_EA_Questionaire/Long_rain_season/Feb_March_2020[2],uuid:c838e643-a3e0-4ef7-8487-33c1497a790f/SCLAMP_EA_Questionaire/Long_rain_season/Feb_March_2020[2]/Strategies_for_tuta_Absoluta_Feb_March_2020[1]
Chemicals,,,High,uuid:c5042384-df41-497d-b113-6061d7c9dce1/SCLAMP_EA_Questionaire/Long_rain_season/Feb_March_2020[2],uuid:c5042384-df41-497d-b113-6061d7c9dce1/SCLAMP_EA_Questionaire/Long_rain_season/Feb_March_2020[2]/Strategies_for_tuta_Absoluta_Feb_March_2020[1]
Chemicals,,,High,uuid:7606408a-7fff-4fca-a9da-6a5f16856ea9/SCLAMP_EA_Questionaire/Long_rain_season/Feb_March_2020[2],uuid:7606408a-7fff-4fca-a9da-6a5f16856ea9/SCLAMP_EA_Questionaire/Long_rain_season/Feb_March_2020[2]/Strategies_for_tuta_Absoluta_Feb_March_2020[1]
Chemicals,,,High,uuid:192fe43f-7a13-4cc6-9f2e-a2a6971380b6/SCLAMP_EA_Questionaire/Long_rain_season/Feb_March_2020[1],uuid:192fe43f-7a13-4cc6-9f2e-a2a6971380b6/SCLAMP_EA_Questionaire/Long_rain_season/Feb_March_2020[1]/Strategies_for_tuta_Absoluta_Feb_March_2020[1]
Chemicals,,,Medium,uuid:8ad67238-b7d7-435b-a949-40cbc5402d79/SCLAMP_EA_Questionaire/Long_rain_season/Feb_March_2020[2],uuid:8ad67238-b7d7-435b-a949-40cbc5402d79/SCLAMP_EA_Questionaire/Long_rain_season/Feb_March_2020[2]/Strategies_for_tuta_Absoluta_Feb_March_2020[1]
Chemicals,,,Medium,uuid:ea229d4f-9ac3-4cf5-8b27-bcb72333a97c/SCLAMP_EA_Questionaire/Long_rain_season/Feb_March_2020[2],uuid:ea229d4f-9ac3-4cf5-8b27-bcb72333a97c/SCLAMP_EA_Questionaire/Long_rain_season/Feb_March_2020[2]/Strategies_for_tuta_Absoluta_Feb_March_2020[1]
Chemicals,,,High,uuid:01385028-0559-4e7c-8fe3-75a26ca60907/SCLAMP_EA_Questionaire/Long_rain_season/Feb_March_2020[5],uuid:01385028-0559-4e7c-8fe3-75a26ca60907/SCLAMP_EA_Questionaire/Long_rain_season/Feb_March_2020[5]/Strategies_for_tuta_Absoluta_Feb_March_2020[1]
Chemicals,,,High,uuid:01385028-0559-4e7c-8fe3-75a26ca60907/SCLAMP_EA_Questionaire/Long_rain_season/Feb_March_2020[6],uuid:01385028-0559-4e7c-8fe3-75a26ca60907/SCLAMP_EA_Questionaire/Long_rain_season/Feb_March_2020[6]/Strategies_for_tuta_Absoluta_Feb_March_2020[1]
Chemicals,,,Medium,uuid:871c04d8-aeb3-4e6a-b3e0-cfde6dae3a8a/SCLAMP_EA_Questionaire/Long_rain_season/Feb_March_2020[2],uuid:871c04d8-aeb3-4e6a-b3e0-cfde6dae3a8a/SCLAMP_EA_Questionaire/Long_rain_season/Feb_March_2020[2]/Strategies_for_tuta_Absoluta_Feb_March_2020[1]
Chemicals,,,Low,uuid:1bf4e1f4-1c3b-47a4-9889-57aa54207e0e/SCLAMP_EA_Questionaire/Long_rain_season/Feb_March_2020[2],uuid:1bf4e1f4-1c3b-47a4-9889-57aa54207e0e/SCLAMP_EA_Questionaire/Long_rain_season/Feb_March_2020[2]/Strategies_for_tuta_Absoluta_Feb_March_2020[1]
Chemicals,,,High,uuid:9ea35354-172a-4dff-b467-c2c1821ba56c/SCLAMP_EA_Questionaire/Long_rain_season/Feb_March_2020[2],uuid:9ea35354-172a-4dff-b467-c2c1821ba56c/SCLAMP_EA_Questionaire/Long_rain_season/Feb_March_2020[2]/Strategies_for_tuta_Absoluta_Feb_March_2020[1]
Training_on_Pest_and_disease_ma,,,Low,uuid:0ad8722b-76ec-4b04-bb8d-72f96b744be2/SCLAMP_EA_Questionaire/Long_rain_season/Feb_March_2020[3],uuid:0ad8722b-76ec-4b04-bb8d-72f96b744be2/SCLAMP_EA_Questionaire/Long_rain_season/Feb_March_2020[3]/Strategies_for_tuta_Absoluta_Feb_March_2020[1]
Chemicals,,,Low,uuid:0ad8722b-76ec-4b04-bb8d-72f96b744be2/SCLAMP_EA_Questionaire/Long_rain_season/Feb_March_2020[3],uuid:0ad8722b-76ec-4b04-bb8d-72f96b744be2/SCLAMP_EA_Questionaire/Long_rain_season/Feb_March_2020[3]/Strategies_for_tuta_Absoluta_Feb_March_2020[2]
Chemicals,,,Medium,uuid:025731bf-12fb-4d84-ba4d-e2f7374f761d/SCLAMP_EA_Questionaire/Long_rain_season/Feb_March_2020[3],uuid:025731bf-12fb-4d84-ba4d-e2f7374f761d/SCLAMP_EA_Questionaire/Long_rain_season/Feb_March_2020[3]/Strategies_for_tuta_Absoluta_Feb_March_2020[1]
Chemicals,,,Medium,uuid:2e8ae5d7-7afa-48f1-a7e3-eb85797fe045/SCLAMP_EA_Questionaire/Long_rain_season/Feb_March_2020[2],uuid:2e8ae5d7-7afa-48f1-a7e3-eb85797fe045/SCLAMP_EA_Questionaire/Long_rain_season/Feb_March_2020[2]/Strategies_for_tuta_Absoluta_Feb_March_2020[1]
Chemicals,,,Medium,uuid:63282e91-cfb6-4913-9eaf-a904013b92da/SCLAMP_EA_Questionaire/Long_rain_season/Feb_March_2020[2],uuid:63282e91-cfb6-4913-9eaf-a904013b92da/SCLAMP_EA_Questionaire/Long_rain_season/Feb_March_2020[2]/Strategies_for_tuta_Absoluta_Feb_March_2020[1]
other,,None,Low,uuid:63282e91-cfb6-4913-9eaf-a904013b92da/SCLAMP_EA_Questionaire/Long_rain_season/Feb_March_2020[2],uuid:63282e91-cfb6-4913-9eaf-a904013b92da/SCLAMP_EA_Questionaire/Long_rain_season/Feb_March_2020[2]/Strategies_for_tuta_Absoluta_Feb_March_2020[2]
Chemicals,,,Medium,uuid:363b3b58-7fc0-4142-9cfd-fad5780c18e0/SCLAMP_EA_Questionaire/Long_rain_season/Feb_March_2020[2],uuid:363b3b58-7fc0-4142-9cfd-fad5780c18e0/SCLAMP_EA_Questionaire/Long_rain_season/Feb_March_2020[2]/Strategies_for_tuta_Absoluta_Feb_March_2020[1]
Chemicals,,,High,uuid:363b3b58-7fc0-4142-9cfd-fad5780c18e0/SCLAMP_EA_Questionaire/Long_rain_season/Feb_March_2020[3],uuid:363b3b58-7fc0-4142-9cfd-fad5780c18e0/SCLAMP_EA_Questionaire/Long_rain_season/Feb_March_2020[3]/Strategies_for_tuta_Absoluta_Feb_March_2020[1]
Chemicals,,,High,uuid:a107c48b-c32c-4ce4-8aec-59cf10b753ad/SCLAMP_EA_Questionaire/Long_rain_season/Feb_March_2020[2],uuid:a107c48b-c32c-4ce4-8aec-59cf10b753ad/SCLAMP_EA_Questionaire/Long_rain_season/Feb_March_2020[2]/Strategies_for_tuta_Absoluta_Feb_March_2020[1]
Chemicals,,,Medium,uuid:464c42d2-ffd1-4e3e-89de-807673575262/SCLAMP_EA_Questionaire/Long_rain_season/Feb_March_2020[1],uuid:464c42d2-ffd1-4e3e-89de-807673575262/SCLAMP_EA_Questionaire/Long_rain_season/Feb_March_2020[1]/Strategies_for_tuta_Absoluta_Feb_March_2020[1]
other,,None,Low,uuid:465409d0-9be8-46a9-9f70-854b46254cec/SCLAMP_EA_Questionaire/Long_rain_season/Feb_March_2020[2],uuid:465409d0-9be8-46a9-9f70-854b46254cec/SCLAMP_EA_Questionaire/Long_rain_season/Feb_March_2020[2]/Strategies_for_tuta_Absoluta_Feb_March_2020[1]
Chemicals,,,Low,uuid:8ea0b9ce-9774-4909-b25c-6b5f0a5810c0/SCLAMP_EA_Questionaire/Long_rain_season/Feb_March_2020[2],uuid:8ea0b9ce-9774-4909-b25c-6b5f0a5810c0/SCLAMP_EA_Questionaire/Long_rain_season/Feb_March_2020[2]/Strategies_for_tuta_Absoluta_Feb_March_2020[1]
Chemicals,,,Low,uuid:b3b082a5-59da-41cd-aea0-822da0d108ac/SCLAMP_EA_Questionaire/Long_rain_season/Feb_March_2020[2],uuid:b3b082a5-59da-41cd-aea0-822da0d108ac/SCLAMP_EA_Questionaire/Long_rain_season/Feb_March_2020[2]/Strategies_for_tuta_Absoluta_Feb_March_2020[1]
Chemicals,,,High,uuid:c965210e-f0cf-476b-9b1e-a2398f44c2d6/SCLAMP_EA_Questionaire/Long_rain_season/Feb_March_2020[1],uuid:c965210e-f0cf-476b-9b1e-a2398f44c2d6/SCLAMP_EA_Questionaire/Long_rain_season/Feb_March_2020[1]/Strategies_for_tuta_Absoluta_Feb_March_2020[1]
Field_hygiene_,,,Medium,uuid:c965210e-f0cf-476b-9b1e-a2398f44c2d6/SCLAMP_EA_Questionaire/Long_rain_season/Feb_March_2020[1],uuid:c965210e-f0cf-476b-9b1e-a2398f44c2d6/SCLAMP_EA_Questionaire/Long_rain_season/Feb_March_2020[1]/Strategies_for_tuta_Absoluta_Feb_March_2020[2]
Chemicals,,,High,uuid:587c5dd5-2a7f-4847-83ea-68a4bb301056/SCLAMP_EA_Questionaire/Long_rain_season/Feb_March_2020[2],uuid:587c5dd5-2a7f-4847-83ea-68a4bb301056/SCLAMP_EA_Questionaire/Long_rain_season/Feb_March_2020[2]/Strategies_for_tuta_Absoluta_Feb_March_2020[1]
Chemicals,,,High,uuid:e3cdd302-612e-43f1-b314-d16ae0203559/SCLAMP_EA_Questionaire/Long_rain_season/Feb_March_2020[1],uuid:e3cdd302-612e-43f1-b314-d16ae0203559/SCLAMP_EA_Questionaire/Long_rain_season/Feb_March_2020[1]/Strategies_for_tuta_Absoluta_Feb_March_2020[1]
Chemicals,,,High,uuid:54729e38-076c-452b-9e7d-12d509dcf84b/SCLAMP_EA_Questionaire/Long_rain_season/Feb_March_2020[3],uuid:54729e38-076c-452b-9e7d-12d509dcf84b/SCLAMP_EA_Questionaire/Long_rain_season/Feb_March_2020[3]/Strategies_for_tuta_Absoluta_Feb_March_2020[1]
Chemicals,,,Low,uuid:3cc2a0e0-7d55-455d-b46d-c3d5be5a7e73/SCLAMP_EA_Questionaire/Long_rain_season/Feb_March_2020[2],uuid:3cc2a0e0-7d55-455d-b46d-c3d5be5a7e73/SCLAMP_EA_Questionaire/Long_rain_season/Feb_March_2020[2]/Strategies_for_tuta_Absoluta_Feb_March_2020[1]
Chemicals,,,Medium,uuid:423ef76e-4803-4832-af87-de38e6d97a0d/SCLAMP_EA_Questionaire/Long_rain_season/Feb_March_2020[3],uuid:423ef76e-4803-4832-af87-de38e6d97a0d/SCLAMP_EA_Questionaire/Long_rain_season/Feb_March_2020[3]/Strategies_for_tuta_Absoluta_Feb_March_2020[1]
Chemicals,,,Medium,uuid:423ef76e-4803-4832-af87-de38e6d97a0d/SCLAMP_EA_Questionaire/Long_rain_season/Feb_March_2020[4],uuid:423ef76e-4803-4832-af87-de38e6d97a0d/SCLAMP_EA_Questionaire/Long_rain_season/Feb_March_2020[4]/Strategies_for_tuta_Absoluta_Feb_March_2020[1]
Chemicals,,,Medium,uuid:3507a620-cdac-49db-b02a-badd0c7b399e/SCLAMP_EA_Questionaire/Long_rain_season/Feb_March_2020[2],uuid:3507a620-cdac-49db-b02a-badd0c7b399e/SCLAMP_EA_Questionaire/Long_rain_season/Feb_March_2020[2]/Strategies_for_tuta_Absoluta_Feb_March_2020[1]
Chemicals,,,High,uuid:f799df60-6764-4553-b417-994da0ce80a0/SCLAMP_EA_Questionaire/Long_rain_season/Feb_March_2020[3],uuid:f799df60-6764-4553-b417-994da0ce80a0/SCLAMP_EA_Questionaire/Long_rain_season/Feb_March_2020[3]/Strategies_for_tuta_Absoluta_Feb_March_2020[1]
Chemicals,,,Medium,uuid:3806c404-49ee-4ea5-af32-6838eed8c5ea/SCLAMP_EA_Questionaire/Long_rain_season/Feb_March_2020[3],uuid:3806c404-49ee-4ea5-af32-6838eed8c5ea/SCLAMP_EA_Questionaire/Long_rain_season/Feb_March_2020[3]/Strategies_for_tuta_Absoluta_Feb_March_2020[1]
Chemicals,,,Medium,uuid:8007fa11-90a1-40d9-ab12-ee7d9dd108cb/SCLAMP_EA_Questionaire/Long_rain_season/Feb_March_2020[2],uuid:8007fa11-90a1-40d9-ab12-ee7d9dd108cb/SCLAMP_EA_Questionaire/Long_rain_season/Feb_March_2020[2]/Strategies_for_tuta_Absoluta_Feb_March_2020[1]
Chemicals,,,High,uuid:a364b4b1-a577-4607-bdec-8e0eacced241/SCLAMP_EA_Questionaire/Long_rain_season/Feb_March_2020[2],uuid:a364b4b1-a577-4607-bdec-8e0eacced241/SCLAMP_EA_Questionaire/Long_rain_season/Feb_March_2020[2]/Strategies_for_tuta_Absoluta_Feb_March_2020[1]
Chemicals,,,High,uuid:6a744ca6-83d9-4df7-91f9-77f28ec4a1b0/SCLAMP_EA_Questionaire/Long_rain_season/Feb_March_2020[1],uuid:6a744ca6-83d9-4df7-91f9-77f28ec4a1b0/SCLAMP_EA_Questionaire/Long_rain_season/Feb_March_2020[1]/Strategies_for_tuta_Absoluta_Feb_March_2020[1]
Chemicals,,,Medium,uuid:e8527c6e-c7cc-4e97-97b1-27b55e7f7a16/SCLAMP_EA_Questionaire/Long_rain_season/Feb_March_2020[4],uuid:e8527c6e-c7cc-4e97-97b1-27b55e7f7a16/SCLAMP_EA_Questionaire/Long_rain_season/Feb_March_2020[4]/Strategies_for_tuta_Absoluta_Feb_March_2020[1]
Chemicals,,,High,uuid:a2ae917f-d30a-49e3-9585-6412e77d8609/SCLAMP_EA_Questionaire/Long_rain_season/Feb_March_2020[3],uuid:a2ae917f-d30a-49e3-9585-6412e77d8609/SCLAMP_EA_Questionaire/Long_rain_season/Feb_March_2020[3]/Strategies_for_tuta_Absoluta_Feb_March_2020[1]
Improved_seed,,,Medium,uuid:a2ae917f-d30a-49e3-9585-6412e77d8609/SCLAMP_EA_Questionaire/Long_rain_season/Feb_March_2020[3],uuid:a2ae917f-d30a-49e3-9585-6412e77d8609/SCLAMP_EA_Questionaire/Long_rain_season/Feb_March_2020[3]/Strategies_for_tuta_Absoluta_Feb_March_2020[2]
Field_hygiene_,,,Medium,uuid:a2ae917f-d30a-49e3-9585-6412e77d8609/SCLAMP_EA_Questionaire/Long_rain_season/Feb_March_2020[3],uuid:a2ae917f-d30a-49e3-9585-6412e77d8609/SCLAMP_EA_Questionaire/Long_rain_season/Feb_March_2020[3]/Strategies_for_tuta_Absoluta_Feb_March_2020[3]
other,,Thieves,Medium,uuid:a2ae917f-d30a-49e3-9585-6412e77d8609/SCLAMP_EA_Questionaire/Long_rain_season/Feb_March_2020[3],uuid:a2ae917f-d30a-49e3-9585-6412e77d8609/SCLAMP_EA_Questionaire/Long_rain_season/Feb_March_2020[3]/Strategies_for_tuta_Absoluta_Feb_March_2020[4]
Chemicals,,,High,uuid:e3ac3722-0ecf-402c-a02f-774b1837d753/SCLAMP_EA_Questionaire/Long_rain_season/Feb_March_2020[1],uuid:e3ac3722-0ecf-402c-a02f-774b1837d753/SCLAMP_EA_Questionaire/Long_rain_season/Feb_March_2020[1]/Strategies_for_tuta_Absoluta_Feb_March_2020[1]
Field_hygiene_,,,Medium,uuid:e3ac3722-0ecf-402c-a02f-774b1837d753/SCLAMP_EA_Questionaire/Long_rain_season/Feb_March_2020[1],uuid:e3ac3722-0ecf-402c-a02f-774b1837d753/SCLAMP_EA_Questionaire/Long_rain_season/Feb_March_2020[1]/Strategies_for_tuta_Absoluta_Feb_March_2020[2]
Improved_seed,,,Medium,uuid:e3ac3722-0ecf-402c-a02f-774b1837d753/SCLAMP_EA_Questionaire/Long_rain_season/Feb_March_2020[1],uuid:e3ac3722-0ecf-402c-a02f-774b1837d753/SCLAMP_EA_Questionaire/Long_rain_season/Feb_March_2020[1]/Strategies_for_tuta_Absoluta_Feb_March_2020[3]
Chemicals,,,High,uuid:64901c90-40ca-4005-afec-9d419590afe7/SCLAMP_EA_Questionaire/Long_rain_season/Feb_March_2020[2],uuid:64901c90-40ca-4005-afec-9d419590afe7/SCLAMP_EA_Questionaire/Long_rain_season/Feb_March_2020[2]/Strategies_for_tuta_Absoluta_Feb_March_2020[1]
Chemicals,,,High,uuid:142c0d75-4831-4a26-9d37-21ac828565c4/SCLAMP_EA_Questionaire/Long_rain_season/Feb_March_2020[3],uuid:142c0d75-4831-4a26-9d37-21ac828565c4/SCLAMP_EA_Questionaire/Long_rain_season/Feb_March_2020[3]/Strategies_for_tuta_Absoluta_Feb_March_2020[1]
Chemicals,,,High,uuid:41726afc-6d56-4cff-a79a-fc1586ae2342/SCLAMP_EA_Questionaire/Long_rain_season/Feb_March_2020[4],uuid:41726afc-6d56-4cff-a79a-fc1586ae2342/SCLAMP_EA_Questionaire/Long_rain_season/Feb_March_2020[4]/Strategies_for_tuta_Absoluta_Feb_March_2020[1]
other,,Handpicked the tuta absoluta,Low,uuid:41726afc-6d56-4cff-a79a-fc1586ae2342/SCLAMP_EA_Questionaire/Long_rain_season/Feb_March_2020[4],uuid:41726afc-6d56-4cff-a79a-fc1586ae2342/SCLAMP_EA_Questionaire/Long_rain_season/Feb_March_2020[4]/Strategies_for_tuta_Absoluta_Feb_March_2020[2]
Chemicals,,,Medium,uuid:a0057bf5-96e7-449a-8f49-a7c5d882f4e0/SCLAMP_EA_Questionaire/Long_rain_season/Feb_March_2020[3],uuid:a0057bf5-96e7-449a-8f49-a7c5d882f4e0/SCLAMP_EA_Questionaire/Long_rain_season/Feb_March_2020[3]/Strategies_for_tuta_Absoluta_Feb_March_2020[1]
Training_on_Pest_and_disease_ma,,,High,uuid:a0057bf5-96e7-449a-8f49-a7c5d882f4e0/SCLAMP_EA_Questionaire/Long_rain_season/Feb_March_2020[3],uuid:a0057bf5-96e7-449a-8f49-a7c5d882f4e0/SCLAMP_EA_Questionaire/Long_rain_season/Feb_March_2020[3]/Strategies_for_tuta_Absoluta_Feb_March_2020[2]
Chemicals,,,High,uuid:5ca9fb80-aad8-4737-9cc7-e34c5fe336a7/SCLAMP_EA_Questionaire/Long_rain_season/Feb_March_2020[3],uuid:5ca9fb80-aad8-4737-9cc7-e34c5fe336a7/SCLAMP_EA_Questionaire/Long_rain_season/Feb_March_2020[3]/Strategies_for_tuta_Absoluta_Feb_March_2020[1]
Chemicals,,,High,uuid:5ca9fb80-aad8-4737-9cc7-e34c5fe336a7/SCLAMP_EA_Questionaire/Long_rain_season/Feb_March_2020[4],uuid:5ca9fb80-aad8-4737-9cc7-e34c5fe336a7/SCLAMP_EA_Questionaire/Long_rain_season/Feb_March_2020[4]/Strategies_for_tuta_Absoluta_Feb_March_2020[1]
Training_on_Pest_and_disease_ma,,,Medium,uuid:f376dee1-79eb-4178-af15-fb8a0a7ebd33/SCLAMP_EA_Questionaire/Long_rain_season/Feb_March_2020[3],uuid:f376dee1-79eb-4178-af15-fb8a0a7ebd33/SCLAMP_EA_Questionaire/Long_rain_season/Feb_March_2020[3]/Strategies_for_tuta_Absoluta_Feb_March_2020[1]
Chemicals,,,High,uuid:f376dee1-79eb-4178-af15-fb8a0a7ebd33/SCLAMP_EA_Questionaire/Long_rain_season/Feb_March_2020[3],uuid:f376dee1-79eb-4178-af15-fb8a0a7ebd33/SCLAMP_EA_Questionaire/Long_rain_season/Feb_March_2020[3]/Strategies_for_tuta_Absoluta_Feb_March_2020[2]
other,,Fencing the field,Medium,uuid:f376dee1-79eb-4178-af15-fb8a0a7ebd33/SCLAMP_EA_Questionaire/Long_rain_season/Feb_March_2020[3],uuid:f376dee1-79eb-4178-af15-fb8a0a7ebd33/SCLAMP_EA_Questionaire/Long_rain_season/Feb_March_2020[3]/Strategies_for_tuta_Absoluta_Feb_March_2020[3]
Chemicals,,,Medium,uuid:2f9a95c9-ab41-4177-ac88-693057a73a4b/SCLAMP_EA_Questionaire/Long_rain_season/Feb_March_2020[2],uuid:2f9a95c9-ab41-4177-ac88-693057a73a4b/SCLAMP_EA_Questionaire/Long_rain_season/Feb_March_2020[2]/Strategies_for_tuta_Absoluta_Feb_March_2020[1]
Chemicals,,,Medium,uuid:cb5db43d-0b1c-4a1a-a495-5b13836c53f4/SCLAMP_EA_Questionaire/Long_rain_season/Feb_March_2020[4],uuid:cb5db43d-0b1c-4a1a-a495-5b13836c53f4/SCLAMP_EA_Questionaire/Long_rain_season/Feb_March_2020[4]/Strategies_for_tuta_Absoluta_Feb_March_2020[1]
Chemicals,,,Medium,uuid:28b02719-2f65-4dd7-a437-fbc63fe972e6/SCLAMP_EA_Questionaire/Long_rain_season/Feb_March_2020[3],uuid:28b02719-2f65-4dd7-a437-fbc63fe972e6/SCLAMP_EA_Questionaire/Long_rain_season/Feb_March_2020[3]/Strategies_for_tuta_Absoluta_Feb_March_2020[1]
Chemicals,,,High,uuid:9ffc3094-6b94-4312-84ba-87d886d0b382/SCLAMP_EA_Questionaire/Long_rain_season/Feb_March_2020[2],uuid:9ffc3094-6b94-4312-84ba-87d886d0b382/SCLAMP_EA_Questionaire/Long_rain_season/Feb_March_2020[2]/Strategies_for_tuta_Absoluta_Feb_March_2020[1]
Chemicals,,,High,uuid:c22c613d-f39c-4f02-a6da-bdca53917c53/SCLAMP_EA_Questionaire/Long_rain_season/Feb_March_2020[2],uuid:c22c613d-f39c-4f02-a6da-bdca53917c53/SCLAMP_EA_Questionaire/Long_rain_season/Feb_March_2020[2]/Strategies_for_tuta_Absoluta_Feb_March_2020[1]
Chemicals,,,High,uuid:b15f97b5-10c7-4a8b-8566-793eb5973307/SCLAMP_EA_Questionaire/Long_rain_season/Feb_March_2020[2],uuid:b15f97b5-10c7-4a8b-8566-793eb5973307/SCLAMP_EA_Questionaire/Long_rain_season/Feb_March_2020[2]/Strategies_for_tuta_Absoluta_Feb_March_2020[1]
Chemicals,,,High,uuid:0c9cb42b-1256-4d13-b033-d1a66feeec8c/SCLAMP_EA_Questionaire/Long_rain_season/Feb_March_2020[3],uuid:0c9cb42b-1256-4d13-b033-d1a66feeec8c/SCLAMP_EA_Questionaire/Long_rain_season/Feb_March_2020[3]/Strategies_for_tuta_Absoluta_Feb_March_2020[1]
Chemicals,,,High,uuid:6283e625-98f2-45e6-a7e8-764b970aa1ec/SCLAMP_EA_Questionaire/Long_rain_season/Feb_March_2020[2],uuid:6283e625-98f2-45e6-a7e8-764b970aa1ec/SCLAMP_EA_Questionaire/Long_rain_season/Feb_March_2020[2]/Strategies_for_tuta_Absoluta_Feb_March_2020[1]
Training_on_Pest_and_disease_ma,,,High,uuid:6283e625-98f2-45e6-a7e8-764b970aa1ec/SCLAMP_EA_Questionaire/Long_rain_season/Feb_March_2020[2],uuid:6283e625-98f2-45e6-a7e8-764b970aa1ec/SCLAMP_EA_Questionaire/Long_rain_season/Feb_March_2020[2]/Strategies_for_tuta_Absoluta_Feb_March_2020[2]
Chemicals,,,High,uuid:a4e45acb-0979-4c25-8827-98d123954071/SCLAMP_EA_Questionaire/Long_rain_season/Feb_March_2020[2],uuid:a4e45acb-0979-4c25-8827-98d123954071/SCLAMP_EA_Questionaire/Long_rain_season/Feb_March_2020[2]/Strategies_for_tuta_Absoluta_Feb_March_2020[1]
Chemicals,,,High,uuid:6ffe94e2-0cba-466e-b903-4a85a84ef064/SCLAMP_EA_Questionaire/Long_rain_season/Feb_March_2020[2],uuid:6ffe94e2-0cba-466e-b903-4a85a84ef064/SCLAMP_EA_Questionaire/Long_rain_season/Feb_March_2020[2]/Strategies_for_tuta_Absoluta_Feb_March_2020[1]
Chemicals,,,High,uuid:472975f4-4795-4eea-a6b4-4e9781e3be1d/SCLAMP_EA_Questionaire/Long_rain_season/Feb_March_2020[2],uuid:472975f4-4795-4eea-a6b4-4e9781e3be1d/SCLAMP_EA_Questionaire/Long_rain_season/Feb_March_2020[2]/Strategies_for_tuta_Absoluta_Feb_March_2020[1]
Chemicals,,,Medium,uuid:2851c99b-41cd-4eb7-8d1c-fcf163eea943/SCLAMP_EA_Questionaire/Long_rain_season/Feb_March_2020[2],uuid:2851c99b-41cd-4eb7-8d1c-fcf163eea943/SCLAMP_EA_Questionaire/Long_rain_season/Feb_March_2020[2]/Strategies_for_tuta_Absoluta_Feb_March_2020[1]
Chemicals,,,High,uuid:14d6b913-d38f-45f7-8870-d404d73dbba0/SCLAMP_EA_Questionaire/Long_rain_season/Feb_March_2020[2],uuid:14d6b913-d38f-45f7-8870-d404d73dbba0/SCLAMP_EA_Questionaire/Long_rain_season/Feb_March_2020[2]/Strategies_for_tuta_Absoluta_Feb_March_2020[1]
Field_hygiene_,,,Medium,uuid:14d6b913-d38f-45f7-8870-d404d73dbba0/SCLAMP_EA_Questionaire/Long_rain_season/Feb_March_2020[2],uuid:14d6b913-d38f-45f7-8870-d404d73dbba0/SCLAMP_EA_Questionaire/Long_rain_season/Feb_March_2020[2]/Strategies_for_tuta_Absoluta_Feb_March_2020[2]
Chemicals,,,High,uuid:ece97d7a-a0fd-41f0-98c1-4fd5c079fe79/SCLAMP_EA_Questionaire/Long_rain_season/Feb_March_2020[2],uuid:ece97d7a-a0fd-41f0-98c1-4fd5c079fe79/SCLAMP_EA_Questionaire/Long_rain_season/Feb_March_2020[2]/Strategies_for_tuta_Absoluta_Feb_March_2020[1]
other,,Ash,Low,uuid:ece97d7a-a0fd-41f0-98c1-4fd5c079fe79/SCLAMP_EA_Questionaire/Long_rain_season/Feb_March_2020[2],uuid:ece97d7a-a0fd-41f0-98c1-4fd5c079fe79/SCLAMP_EA_Questionaire/Long_rain_season/Feb_March_2020[2]/Strategies_for_tuta_Absoluta_Feb_March_2020[2]
Training_on_Pest_and_disease_ma,,,High,uuid:ece97d7a-a0fd-41f0-98c1-4fd5c079fe79/SCLAMP_EA_Questionaire/Long_rain_season/Feb_March_2020[2],uuid:ece97d7a-a0fd-41f0-98c1-4fd5c079fe79/SCLAMP_EA_Questionaire/Long_rain_season/Feb_March_2020[2]/Strategies_for_tuta_Absoluta_Feb_March_2020[3]
other,,Made a fence,Medium,uuid:ece97d7a-a0fd-41f0-98c1-4fd5c079fe79/SCLAMP_EA_Questionaire/Long_rain_season/Feb_March_2020[2],uuid:ece97d7a-a0fd-41f0-98c1-4fd5c079fe79/SCLAMP_EA_Questionaire/Long_rain_season/Feb_March_2020[2]/Strategies_for_tuta_Absoluta_Feb_March_2020[4]
Chemicals,,,High,uuid:6b6f1e90-072e-4c89-a47f-ded25ce395af/SCLAMP_EA_Questionaire/Long_rain_season/Feb_March_2020[3],uuid:6b6f1e90-072e-4c89-a47f-ded25ce395af/SCLAMP_EA_Questionaire/Long_rain_season/Feb_March_2020[3]/Strategies_for_tuta_Absoluta_Feb_March_2020[1]
Training_on_Pest_and_disease_ma,,,Medium,uuid:6b6f1e90-072e-4c89-a47f-ded25ce395af/SCLAMP_EA_Questionaire/Long_rain_season/Feb_March_2020[3],uuid:6b6f1e90-072e-4c89-a47f-ded25ce395af/SCLAMP_EA_Questionaire/Long_rain_season/Feb_March_2020[3]/Strategies_for_tuta_Absoluta_Feb_March_2020[2]
Field_hygiene_,,,Medium,uuid:6b6f1e90-072e-4c89-a47f-ded25ce395af/SCLAMP_EA_Questionaire/Long_rain_season/Feb_March_2020[3],uuid:6b6f1e90-072e-4c89-a47f-ded25ce395af/SCLAMP_EA_Questionaire/Long_rain_season/Feb_March_2020[3]/Strategies_for_tuta_Absoluta_Feb_March_2020[3]
Chemicals,,,High,uuid:a51b1120-ec78-4e07-9f86-71a8420c5feb/SCLAMP_EA_Questionaire/Long_rain_season/Feb_March_2020[2],uuid:a51b1120-ec78-4e07-9f86-71a8420c5feb/SCLAMP_EA_Questionaire/Long_rain_season/Feb_March_2020[2]/Strategies_for_tuta_Absoluta_Feb_March_2020[1]
Chemicals,,,High,uuid:d4a71b1e-635b-40bf-8cc5-b3a2c66d6fbc/SCLAMP_EA_Questionaire/Long_rain_season/Feb_March_2020[2],uuid:d4a71b1e-635b-40bf-8cc5-b3a2c66d6fbc/SCLAMP_EA_Questionaire/Long_rain_season/Feb_March_2020[2]/Strategies_for_tuta_Absoluta_Feb_March_2020[1]
Chemicals,,,High,uuid:7139d3cd-16bc-4706-b40a-935412f6ad11/SCLAMP_EA_Questionaire/Long_rain_season/Feb_March_2020[2],uuid:7139d3cd-16bc-4706-b40a-935412f6ad11/SCLAMP_EA_Questionaire/Long_rain_season/Feb_March_2020[2]/Strategies_for_tuta_Absoluta_Feb_March_2020[1]
Chemicals,,,Medium,uuid:e4bd52b8-0f2d-445d-9646-2290f1814f0d/SCLAMP_EA_Questionaire/Long_rain_season/Feb_March_2020[2],uuid:e4bd52b8-0f2d-445d-9646-2290f1814f0d/SCLAMP_EA_Questionaire/Long_rain_season/Feb_March_2020[2]/Strategies_for_tuta_Absoluta_Feb_March_2020[1]
Chemicals,,,Low,uuid:3e1a773a-3e2e-488c-9790-c76a256bb3c0/SCLAMP_EA_Questionaire/Long_rain_season/Feb_March_2020[2],uuid:3e1a773a-3e2e-488c-9790-c76a256bb3c0/SCLAMP_EA_Questionaire/Long_rain_season/Feb_March_2020[2]/Strategies_for_tuta_Absoluta_Feb_March_2020[1]
Chemicals,,,Medium,uuid:4cf863ff-d9e5-49e7-b7d1-dc2b1b9462c7/SCLAMP_EA_Questionaire/Long_rain_season/Feb_March_2020[4],uuid:4cf863ff-d9e5-49e7-b7d1-dc2b1b9462c7/SCLAMP_EA_Questionaire/Long_rain_season/Feb_March_2020[4]/Strategies_for_tuta_Absoluta_Feb_March_2020[1]
Chemicals,,,High,uuid:9a89cabe-041f-41dd-ba73-778efdb76397/SCLAMP_EA_Questionaire/Long_rain_season/Feb_March_2020[3],uuid:9a89cabe-041f-41dd-ba73-778efdb76397/SCLAMP_EA_Questionaire/Long_rain_season/Feb_March_2020[3]/Strategies_for_tuta_Absoluta_Feb_March_2020[1]
Chemicals,,,High,uuid:bf3bb5a3-5ba9-4285-ab55-e9eeed9bfdb5/SCLAMP_EA_Questionaire/Long_rain_season/Feb_March_2020[3],uuid:bf3bb5a3-5ba9-4285-ab55-e9eeed9bfdb5/SCLAMP_EA_Questionaire/Long_rain_season/Feb_March_2020[3]/Strategies_for_tuta_Absoluta_Feb_March_2020[1]
Chemicals,,,Low,uuid:55dd0014-cfd5-4461-b5d5-aab65417a48c/SCLAMP_EA_Questionaire/Long_rain_season/Feb_March_2020[3],uuid:55dd0014-cfd5-4461-b5d5-aab65417a48c/SCLAMP_EA_Questionaire/Long_rain_season/Feb_March_2020[3]/Strategies_for_tuta_Absoluta_Feb_March_2020[1]
,,,,uuid:55dd0014-cfd5-4461-b5d5-aab65417a48c/SCLAMP_EA_Questionaire/Long_rain_season/Feb_March_2020[3],uuid:55dd0014-cfd5-4461-b5d5-aab65417a48c/SCLAMP_EA_Questionaire/Long_rain_season/Feb_March_2020[3]/Strategies_for_tuta_Absoluta_Feb_March_2020[2]
Chemicals,,,Low,uuid:26c0764f-4b2b-4f7d-b4cf-196c4e0e8c9d/SCLAMP_EA_Questionaire/Long_rain_season/Feb_March_2020[2],uuid:26c0764f-4b2b-4f7d-b4cf-196c4e0e8c9d/SCLAMP_EA_Questionaire/Long_rain_season/Feb_March_2020[2]/Strategies_for_tuta_Absoluta_Feb_March_2020[1]
Chemicals,,,Low,uuid:1b10c35a-5d3b-4f3e-a802-4b47a7b1db94/SCLAMP_EA_Questionaire/Long_rain_season/Feb_March_2020[2],uuid:1b10c35a-5d3b-4f3e-a802-4b47a7b1db94/SCLAMP_EA_Questionaire/Long_rain_season/Feb_March_2020[2]/Strategies_for_tuta_Absoluta_Feb_March_2020[1]
Chemicals,,,High,uuid:78bf4c92-660c-488f-98ab-97af73e54de4/SCLAMP_EA_Questionaire/Long_rain_season/Feb_March_2020[2],uuid:78bf4c92-660c-488f-98ab-97af73e54de4/SCLAMP_EA_Questionaire/Long_rain_season/Feb_March_2020[2]/Strategies_for_tuta_Absoluta_Feb_March_2020[1]
Chemicals,,,Medium,uuid:c1ae1cf1-35da-4a4c-b00f-a33553b2485b/SCLAMP_EA_Questionaire/Long_rain_season/Feb_March_2020[3],uuid:c1ae1cf1-35da-4a4c-b00f-a33553b2485b/SCLAMP_EA_Questionaire/Long_rain_season/Feb_March_2020[3]/Strategies_for_tuta_Absoluta_Feb_March_2020[1]
Chemicals,,,High,uuid:51bf1cc9-a26e-4b29-8845-9b529c9e9cfb/SCLAMP_EA_Questionaire/Long_rain_season/Feb_March_2020[4],uuid:51bf1cc9-a26e-4b29-8845-9b529c9e9cfb/SCLAMP_EA_Questionaire/Long_rain_season/Feb_March_2020[4]/Strategies_for_tuta_Absoluta_Feb_March_2020[1]
Chemicals,,,High,uuid:a2e0cd54-84d9-4d00-ad78-eee20a7979d2/SCLAMP_EA_Questionaire/Long_rain_season/Feb_March_2020[2],uuid:a2e0cd54-84d9-4d00-ad78-eee20a7979d2/SCLAMP_EA_Questionaire/Long_rain_season/Feb_March_2020[2]/Strategies_for_tuta_Absoluta_Feb_March_2020[1]
Chemicals,,,Medium,uuid:f32705b6-9c8a-4e76-825c-fab797ebc70b/SCLAMP_EA_Questionaire/Long_rain_season/Feb_March_2020[4],uuid:f32705b6-9c8a-4e76-825c-fab797ebc70b/SCLAMP_EA_Questionaire/Long_rain_season/Feb_March_2020[4]/Strategies_for_tuta_Absoluta_Feb_March_2020[1]
other,,Apply herbs,Low,uuid:abbc04a2-1f49-4dd9-9259-eb39f8ea954c/SCLAMP_EA_Questionaire/Long_rain_season/Feb_March_2020[1],uuid:abbc04a2-1f49-4dd9-9259-eb39f8ea954c/SCLAMP_EA_Questionaire/Long_rain_season/Feb_March_2020[1]/Strategies_for_tuta_Absoluta_Feb_March_2020[1]
Chemicals,,,Medium,uuid:efc71b22-348e-409c-9c4d-d7e96a72d1a2/SCLAMP_EA_Questionaire/Long_rain_season/Feb_March_2020[2],uuid:efc71b22-348e-409c-9c4d-d7e96a72d1a2/SCLAMP_EA_Questionaire/Long_rain_season/Feb_March_2020[2]/Strategies_for_tuta_Absoluta_Feb_March_2020[1]
Chemicals,,,Medium,uuid:a3a6eb00-0f28-40d4-8ada-1dcdf7c227bb/SCLAMP_EA_Questionaire/Long_rain_season/Feb_March_2020[2],uuid:a3a6eb00-0f28-40d4-8ada-1dcdf7c227bb/SCLAMP_EA_Questionaire/Long_rain_season/Feb_March_2020[2]/Strategies_for_tuta_Absoluta_Feb_March_2020[1]
Training_on_Pest_and_disease_ma,,,Medium,uuid:a3a6eb00-0f28-40d4-8ada-1dcdf7c227bb/SCLAMP_EA_Questionaire/Long_rain_season/Feb_March_2020[2],uuid:a3a6eb00-0f28-40d4-8ada-1dcdf7c227bb/SCLAMP_EA_Questionaire/Long_rain_season/Feb_March_2020[2]/Strategies_for_tuta_Absoluta_Feb_March_2020[2]
Chemicals,,,Low,uuid:67cd64a9-356f-42f1-a7d8-a0146cb543d9/SCLAMP_EA_Questionaire/Long_rain_season/Feb_March_2020[2],uuid:67cd64a9-356f-42f1-a7d8-a0146cb543d9/SCLAMP_EA_Questionaire/Long_rain_season/Feb_March_2020[2]/Strategies_for_tuta_Absoluta_Feb_March_2020[1]
Chemicals,,,Low,uuid:41a0d048-6984-48a2-83a8-bd0e539ddceb/SCLAMP_EA_Questionaire/Long_rain_season/Feb_March_2020[3],uuid:41a0d048-6984-48a2-83a8-bd0e539ddceb/SCLAMP_EA_Questionaire/Long_rain_season/Feb_March_2020[3]/Strategies_for_tuta_Absoluta_Feb_March_2020[1]
Chemicals,,,Medium,uuid:fb497324-4399-4045-93b0-902c2733c5ea/SCLAMP_EA_Questionaire/Long_rain_season/Feb_March_2020[2],uuid:fb497324-4399-4045-93b0-902c2733c5ea/SCLAMP_EA_Questionaire/Long_rain_season/Feb_March_2020[2]/Strategies_for_tuta_Absoluta_Feb_March_2020[1]
Chemicals,,,Medium,uuid:60a68405-60e8-4678-930a-e21b31d1230f/SCLAMP_EA_Questionaire/Long_rain_season/Feb_March_2020[2],uuid:60a68405-60e8-4678-930a-e21b31d1230f/SCLAMP_EA_Questionaire/Long_rain_season/Feb_March_2020[2]/Strategies_for_tuta_Absoluta_Feb_March_2020[1]
Chemicals,,,Medium,uuid:ed18b15f-532b-4de1-b373-c902f78bdb22/SCLAMP_EA_Questionaire/Long_rain_season/Feb_March_2020[2],uuid:ed18b15f-532b-4de1-b373-c902f78bdb22/SCLAMP_EA_Questionaire/Long_rain_season/Feb_March_2020[2]/Strategies_for_tuta_Absoluta_Feb_March_2020[1]
Chemicals,,,High,uuid:1caa0fe8-838d-4ba4-b216-e5ee1e993dc9/SCLAMP_EA_Questionaire/Long_rain_season/Feb_March_2020[3],uuid:1caa0fe8-838d-4ba4-b216-e5ee1e993dc9/SCLAMP_EA_Questionaire/Long_rain_season/Feb_March_2020[3]/Strategies_for_tuta_Absoluta_Feb_March_2020[1]
Training_on_Pest_and_disease_ma,,,Low,uuid:cbbf6dc4-126e-4acd-9158-fe997842e98d/SCLAMP_EA_Questionaire/Long_rain_season/Feb_March_2020[2],uuid:cbbf6dc4-126e-4acd-9158-fe997842e98d/SCLAMP_EA_Questionaire/Long_rain_season/Feb_March_2020[2]/Strategies_for_tuta_Absoluta_Feb_March_2020[1]
Chemicals,,,High,uuid:dbaddb91-4a28-4b66-8994-0e37783ac8e0/SCLAMP_EA_Questionaire/Long_rain_season/Feb_March_2020[2],uuid:dbaddb91-4a28-4b66-8994-0e37783ac8e0/SCLAMP_EA_Questionaire/Long_rain_season/Feb_March_2020[2]/Strategies_for_tuta_Absoluta_Feb_March_2020[1]
Chemicals,,,High,uuid:f3910e58-f8dc-44cf-8b28-aa5c58de4245/SCLAMP_EA_Questionaire/Long_rain_season/Feb_March_2020[2],uuid:f3910e58-f8dc-44cf-8b28-aa5c58de4245/SCLAMP_EA_Questionaire/Long_rain_season/Feb_March_2020[2]/Strategies_for_tuta_Absoluta_Feb_March_2020[1]
Chemicals,,,High,uuid:a0d37626-a05e-414c-ad78-4c39f5c41d7f/SCLAMP_EA_Questionaire/Long_rain_season/Feb_March_2020[2],uuid:a0d37626-a05e-414c-ad78-4c39f5c41d7f/SCLAMP_EA_Questionaire/Long_rain_season/Feb_March_2020[2]/Strategies_for_tuta_Absoluta_Feb_March_2020[1]
Chemicals,,,High,uuid:5ba0aafd-498f-48fd-99e2-57a06701247e/SCLAMP_EA_Questionaire/Long_rain_season/Feb_March_2020[2],uuid:5ba0aafd-498f-48fd-99e2-57a06701247e/SCLAMP_EA_Questionaire/Long_rain_season/Feb_March_2020[2]/Strategies_for_tuta_Absoluta_Feb_March_2020[1]
Chemicals,,,Medium,uuid:5eaf2b32-8c70-4383-8839-01d7460d065a/SCLAMP_EA_Questionaire/Long_rain_season/Feb_March_2020[3],uuid:5eaf2b32-8c70-4383-8839-01d7460d065a/SCLAMP_EA_Questionaire/Long_rain_season/Feb_March_2020[3]/Strategies_for_tuta_Absoluta_Feb_March_2020[1]
Chemicals,,,High,uuid:cf409ba1-8cb2-4b36-b820-913783f8c98a/SCLAMP_EA_Questionaire/Long_rain_season/Feb_March_2020[3],uuid:cf409ba1-8cb2-4b36-b820-913783f8c98a/SCLAMP_EA_Questionaire/Long_rain_season/Feb_March_2020[3]/Strategies_for_tuta_Absoluta_Feb_March_2020[1]
Training_on_Pest_and_disease_ma,,,High,uuid:cf409ba1-8cb2-4b36-b820-913783f8c98a/SCLAMP_EA_Questionaire/Long_rain_season/Feb_March_2020[3],uuid:cf409ba1-8cb2-4b36-b820-913783f8c98a/SCLAMP_EA_Questionaire/Long_rain_season/Feb_March_2020[3]/Strategies_for_tuta_Absoluta_Feb_March_2020[2]
Field_hygiene_,,,High,uuid:6935555e-b06a-4c8a-83ee-647558eefc12/SCLAMP_EA_Questionaire/Long_rain_season/Feb_March_2020[2],uuid:6935555e-b06a-4c8a-83ee-647558eefc12/SCLAMP_EA_Questionaire/Long_rain_season/Feb_March_2020[2]/Strategies_for_tuta_Absoluta_Feb_March_2020[1]
Training_on_Pest_and_disease_ma,,,Medium,uuid:aa0d9581-4676-4d29-a17c-530995702a2c/SCLAMP_EA_Questionaire/Long_rain_season/Feb_March_2020[5],uuid:aa0d9581-4676-4d29-a17c-530995702a2c/SCLAMP_EA_Questionaire/Long_rain_season/Feb_March_2020[5]/Strategies_for_tuta_Absoluta_Feb_March_2020[1]
Training_on_Pest_and_disease_ma,,,Medium,uuid:2b670aae-b0e6-4f0c-adc3-20aef0a2d5d1/SCLAMP_EA_Questionaire/Long_rain_season/Feb_March_2020[1],uuid:2b670aae-b0e6-4f0c-adc3-20aef0a2d5d1/SCLAMP_EA_Questionaire/Long_rain_season/Feb_March_2020[1]/Strategies_for_tuta_Absoluta_Feb_March_2020[1]
other,,Ash,Medium,uuid:2b670aae-b0e6-4f0c-adc3-20aef0a2d5d1/SCLAMP_EA_Questionaire/Long_rain_season/Feb_March_2020[1],uuid:2b670aae-b0e6-4f0c-adc3-20aef0a2d5d1/SCLAMP_EA_Questionaire/Long_rain_season/Feb_March_2020[1]/Strategies_for_tuta_Absoluta_Feb_March_2020[2]
other,,Pepper,Medium,uuid:2b670aae-b0e6-4f0c-adc3-20aef0a2d5d1/SCLAMP_EA_Questionaire/Long_rain_season/Feb_March_2020[1],uuid:2b670aae-b0e6-4f0c-adc3-20aef0a2d5d1/SCLAMP_EA_Questionaire/Long_rain_season/Feb_March_2020[1]/Strategies_for_tuta_Absoluta_Feb_March_2020[3]
other,,Ash and pepper,High,uuid:6882eee5-40c9-4540-860e-bdb484b2ba9d/SCLAMP_EA_Questionaire/Long_rain_season/Feb_March_2020[4],uuid:6882eee5-40c9-4540-860e-bdb484b2ba9d/SCLAMP_EA_Questionaire/Long_rain_season/Feb_March_2020[4]/Strategies_for_tuta_Absoluta_Feb_March_2020[1]
Training_on_Pest_and_disease_ma,,,Medium,uuid:6882eee5-40c9-4540-860e-bdb484b2ba9d/SCLAMP_EA_Questionaire/Long_rain_season/Feb_March_2020[4],uuid:6882eee5-40c9-4540-860e-bdb484b2ba9d/SCLAMP_EA_Questionaire/Long_rain_season/Feb_March_2020[4]/Strategies_for_tuta_Absoluta_Feb_March_2020[2]
other,,"Use mixture  of ash, urine, soap, pepper",Medium,uuid:fb24a20d-12ba-46df-b329-f1164876fea8/SCLAMP_EA_Questionaire/Long_rain_season/Feb_March_2020[2],uuid:fb24a20d-12ba-46df-b329-f1164876fea8/SCLAMP_EA_Questionaire/Long_rain_season/Feb_March_2020[2]/Strategies_for_tuta_Absoluta_Feb_March_2020[1]
Training_on_Pest_and_disease_ma,,,Medium,uuid:fb24a20d-12ba-46df-b329-f1164876fea8/SCLAMP_EA_Questionaire/Long_rain_season/Feb_March_2020[2],uuid:fb24a20d-12ba-46df-b329-f1164876fea8/SCLAMP_EA_Questionaire/Long_rain_season/Feb_March_2020[2]/Strategies_for_tuta_Absoluta_Feb_March_2020[2]
Chemicals,,,Medium,uuid:933e068e-104d-4951-9f5e-888ca8e60b82/SCLAMP_EA_Questionaire/Long_rain_season/Feb_March_2020[2],uuid:933e068e-104d-4951-9f5e-888ca8e60b82/SCLAMP_EA_Questionaire/Long_rain_season/Feb_March_2020[2]/Strategies_for_tuta_Absoluta_Feb_March_2020[1]
other,,Pepper and ash,Medium,uuid:22c4b622-938e-42f3-8fe9-a214a8e0182e/SCLAMP_EA_Questionaire/Long_rain_season/Feb_March_2020[2],uuid:22c4b622-938e-42f3-8fe9-a214a8e0182e/SCLAMP_EA_Questionaire/Long_rain_season/Feb_March_2020[2]/Strategies_for_tuta_Absoluta_Feb_March_2020[1]
,,,,uuid:22c4b622-938e-42f3-8fe9-a214a8e0182e/SCLAMP_EA_Questionaire/Long_rain_season/Feb_March_2020[2],uuid:22c4b622-938e-42f3-8fe9-a214a8e0182e/SCLAMP_EA_Questionaire/Long_rain_season/Feb_March_2020[2]/Strategies_for_tuta_Absoluta_Feb_March_2020[2]
Chemicals,,,Medium,uuid:287285d8-a9e5-4863-bc66-3ac55fc9c006/SCLAMP_EA_Questionaire/Long_rain_season/Feb_March_2020[2],uuid:287285d8-a9e5-4863-bc66-3ac55fc9c006/SCLAMP_EA_Questionaire/Long_rain_season/Feb_March_2020[2]/Strategies_for_tuta_Absoluta_Feb_March_2020[1]
other,,Pepper and ash,Medium,uuid:287285d8-a9e5-4863-bc66-3ac55fc9c006/SCLAMP_EA_Questionaire/Long_rain_season/Feb_March_2020[2],uuid:287285d8-a9e5-4863-bc66-3ac55fc9c006/SCLAMP_EA_Questionaire/Long_rain_season/Feb_March_2020[2]/Strategies_for_tuta_Absoluta_Feb_March_2020[2]
Chemicals,,,Medium,uuid:ea66a161-0dd8-43e7-9421-51cbc4380b8e/SCLAMP_EA_Questionaire/Long_rain_season/Feb_March_2020[2],uuid:ea66a161-0dd8-43e7-9421-51cbc4380b8e/SCLAMP_EA_Questionaire/Long_rain_season/Feb_March_2020[2]/Strategies_for_tuta_Absoluta_Feb_March_2020[1]
Chemicals,,,Medium,uuid:0418f7af-7471-4814-94df-b86dc57aaa57/SCLAMP_EA_Questionaire/Long_rain_season/Feb_March_2020[2],uuid:0418f7af-7471-4814-94df-b86dc57aaa57/SCLAMP_EA_Questionaire/Long_rain_season/Feb_March_2020[2]/Strategies_for_tuta_Absoluta_Feb_March_2020[1]
Chemicals,,,Medium,uuid:805cf1b9-4e28-4e62-8fae-6888c0ab8f2c/SCLAMP_EA_Questionaire/Long_rain_season/Feb_March_2020[2],uuid:805cf1b9-4e28-4e62-8fae-6888c0ab8f2c/SCLAMP_EA_Questionaire/Long_rain_season/Feb_March_2020[2]/Strategies_for_tuta_Absoluta_Feb_March_2020[1]
Field_hygiene_,,,Medium,uuid:805cf1b9-4e28-4e62-8fae-6888c0ab8f2c/SCLAMP_EA_Questionaire/Long_rain_season/Feb_March_2020[2],uuid:805cf1b9-4e28-4e62-8fae-6888c0ab8f2c/SCLAMP_EA_Questionaire/Long_rain_season/Feb_March_2020[2]/Strategies_for_tuta_Absoluta_Feb_March_2020[2]
Training_on_Pest_and_disease_ma,,,Medium,uuid:97353fa9-ebc4-43a4-8b23-ce8d1f79d791/SCLAMP_EA_Questionaire/Long_rain_season/Feb_March_2020[2],uuid:97353fa9-ebc4-43a4-8b23-ce8d1f79d791/SCLAMP_EA_Questionaire/Long_rain_season/Feb_March_2020[2]/Strategies_for_tuta_Absoluta_Feb_March_2020[1]
Chemicals,,,High,uuid:97353fa9-ebc4-43a4-8b23-ce8d1f79d791/SCLAMP_EA_Questionaire/Long_rain_season/Feb_March_2020[2],uuid:97353fa9-ebc4-43a4-8b23-ce8d1f79d791/SCLAMP_EA_Questionaire/Long_rain_season/Feb_March_2020[2]/Strategies_for_tuta_Absoluta_Feb_March_2020[2]
Field_hygiene_,,,Medium,uuid:97353fa9-ebc4-43a4-8b23-ce8d1f79d791/SCLAMP_EA_Questionaire/Long_rain_season/Feb_March_2020[2],uuid:97353fa9-ebc4-43a4-8b23-ce8d1f79d791/SCLAMP_EA_Questionaire/Long_rain_season/Feb_March_2020[2]/Strategies_for_tuta_Absoluta_Feb_March_2020[3]
Chemicals,,,High,uuid:a315471a-5314-4119-91ea-daf90803b1ce/SCLAMP_EA_Questionaire/Long_rain_season/Feb_March_2020[3],uuid:a315471a-5314-4119-91ea-daf90803b1ce/SCLAMP_EA_Questionaire/Long_rain_season/Feb_March_2020[3]/Strategies_for_tuta_Absoluta_Feb_March_2020[1]
Training_on_Pest_and_disease_ma,,,Medium,uuid:a315471a-5314-4119-91ea-daf90803b1ce/SCLAMP_EA_Questionaire/Long_rain_season/Feb_March_2020[3],uuid:a315471a-5314-4119-91ea-daf90803b1ce/SCLAMP_EA_Questionaire/Long_rain_season/Feb_March_2020[3]/Strategies_for_tuta_Absoluta_Feb_March_2020[2]
Chemicals,,,High,uuid:ac7d1a54-b90d-4a04-9286-b09110c2c79b/SCLAMP_EA_Questionaire/Long_rain_season/Feb_March_2020[1],uuid:ac7d1a54-b90d-4a04-9286-b09110c2c79b/SCLAMP_EA_Questionaire/Long_rain_season/Feb_March_2020[1]/Strategies_for_tuta_Absoluta_Feb_March_2020[1]
Training_on_Pest_and_disease_ma,,,Medium,uuid:ac7d1a54-b90d-4a04-9286-b09110c2c79b/SCLAMP_EA_Questionaire/Long_rain_season/Feb_March_2020[1],uuid:ac7d1a54-b90d-4a04-9286-b09110c2c79b/SCLAMP_EA_Questionaire/Long_rain_season/Feb_March_2020[1]/Strategies_for_tuta_Absoluta_Feb_March_2020[2]
Field_hygiene_,,,Medium,uuid:ac7d1a54-b90d-4a04-9286-b09110c2c79b/SCLAMP_EA_Questionaire/Long_rain_season/Feb_March_2020[1],uuid:ac7d1a54-b90d-4a04-9286-b09110c2c79b/SCLAMP_EA_Questionaire/Long_rain_season/Feb_March_2020[1]/Strategies_for_tuta_Absoluta_Feb_March_2020[3]
Improved_seed,,,Medium,uuid:ac7d1a54-b90d-4a04-9286-b09110c2c79b/SCLAMP_EA_Questionaire/Long_rain_season/Feb_March_2020[1],uuid:ac7d1a54-b90d-4a04-9286-b09110c2c79b/SCLAMP_EA_Questionaire/Long_rain_season/Feb_March_2020[1]/Strategies_for_tuta_Absoluta_Feb_March_2020[4]
Chemicals,,,High,uuid:790a7e62-b2c7-4d49-9318-a8df9c3096e9/SCLAMP_EA_Questionaire/Long_rain_season/Feb_March_2020[3],uuid:790a7e62-b2c7-4d49-9318-a8df9c3096e9/SCLAMP_EA_Questionaire/Long_rain_season/Feb_March_2020[3]/Strategies_for_tuta_Absoluta_Feb_March_2020[1]
other,,Application of ash and tifolia (ekimyula),High,uuid:790a7e62-b2c7-4d49-9318-a8df9c3096e9/SCLAMP_EA_Questionaire/Long_rain_season/Feb_March_2020[3],uuid:790a7e62-b2c7-4d49-9318-a8df9c3096e9/SCLAMP_EA_Questionaire/Long_rain_season/Feb_March_2020[3]/Strategies_for_tuta_Absoluta_Feb_March_2020[2]
