strategies_was_used_to_control_Striga_Aug_Sept_2020,specify_the_pesticide_Striga,perception_on_the_effectiveness_in_controlling_Striga_Aug_Sept_2020,PARENT_KEY,KEY
Early_Planting,,Medium,uuid:a8bc8744-46f6-45a7-84eb-19febbd60cc1/SCLAMP_EA_Questionaire/Short_rain_season/Aug_Sept_2020[1],uuid:a8bc8744-46f6-45a7-84eb-19febbd60cc1/SCLAMP_EA_Questionaire/Short_rain_season/Aug_Sept_2020[1]/strategies_to_control_Striga_Aug_Sept_2020[1]
Overweeding_Frequent_Weeding,,Medium,uuid:a8bc8744-46f6-45a7-84eb-19febbd60cc1/SCLAMP_EA_Questionaire/Short_rain_season/Aug_Sept_2020[1],uuid:a8bc8744-46f6-45a7-84eb-19febbd60cc1/SCLAMP_EA_Questionaire/Short_rain_season/Aug_Sept_2020[1]/strategies_to_control_Striga_Aug_Sept_2020[2]
Overweeding_Frequent_Weeding,,Low,uuid:a3ccb1fc-001f-4975-9b72-afabca6a6a2e/SCLAMP_EA_Questionaire/Short_rain_season/Aug_Sept_2020[2],uuid:a3ccb1fc-001f-4975-9b72-afabca6a6a2e/SCLAMP_EA_Questionaire/Short_rain_season/Aug_Sept_2020[2]/strategies_to_control_Striga_Aug_Sept_2020[1]
Overweeding_Frequent_Weeding,,Low,uuid:6a3d918a-96b5-4483-90ca-c8ffc63bcf7f/SCLAMP_EA_Questionaire/Short_rain_season/Aug_Sept_2020[1],uuid:6a3d918a-96b5-4483-90ca-c8ffc63bcf7f/SCLAMP_EA_Questionaire/Short_rain_season/Aug_Sept_2020[1]/strategies_to_control_Striga_Aug_Sept_2020[1]
Not_Applicable,,Low,uuid:6a3d918a-96b5-4483-90ca-c8ffc63bcf7f/SCLAMP_EA_Questionaire/Short_rain_season/Aug_Sept_2020[1],uuid:6a3d918a-96b5-4483-90ca-c8ffc63bcf7f/SCLAMP_EA_Questionaire/Short_rain_season/Aug_Sept_2020[1]/strategies_to_control_Striga_Aug_Sept_2020[2]
Overweeding_Frequent_Weeding,,Low,uuid:6a3d918a-96b5-4483-90ca-c8ffc63bcf7f/SCLAMP_EA_Questionaire/Short_rain_season/Aug_Sept_2020[2],uuid:6a3d918a-96b5-4483-90ca-c8ffc63bcf7f/SCLAMP_EA_Questionaire/Short_rain_season/Aug_Sept_2020[2]/strategies_to_control_Striga_Aug_Sept_2020[1]
Not_Applicable,,Low,uuid:6a3d918a-96b5-4483-90ca-c8ffc63bcf7f/SCLAMP_EA_Questionaire/Short_rain_season/Aug_Sept_2020[2],uuid:6a3d918a-96b5-4483-90ca-c8ffc63bcf7f/SCLAMP_EA_Questionaire/Short_rain_season/Aug_Sept_2020[2]/strategies_to_control_Striga_Aug_Sept_2020[2]
Overweeding_Frequent_Weeding,,Medium,uuid:4539cd93-da37-444c-a03c-ab3229edda1b/SCLAMP_EA_Questionaire/Short_rain_season/Aug_Sept_2020[1],uuid:4539cd93-da37-444c-a03c-ab3229edda1b/SCLAMP_EA_Questionaire/Short_rain_season/Aug_Sept_2020[1]/strategies_to_control_Striga_Aug_Sept_2020[1]
Manure_Application,,Medium,uuid:4539cd93-da37-444c-a03c-ab3229edda1b/SCLAMP_EA_Questionaire/Short_rain_season/Aug_Sept_2020[1],uuid:4539cd93-da37-444c-a03c-ab3229edda1b/SCLAMP_EA_Questionaire/Short_rain_season/Aug_Sept_2020[1]/strategies_to_control_Striga_Aug_Sept_2020[2]
Overweeding_Frequent_Weeding,,Medium,uuid:4539cd93-da37-444c-a03c-ab3229edda1b/SCLAMP_EA_Questionaire/Short_rain_season/Aug_Sept_2020[2],uuid:4539cd93-da37-444c-a03c-ab3229edda1b/SCLAMP_EA_Questionaire/Short_rain_season/Aug_Sept_2020[2]/strategies_to_control_Striga_Aug_Sept_2020[1]
Overweeding_Frequent_Weeding,,Low,uuid:f78c9d9c-207e-4bf0-9bef-1d6a34f2a9ba/SCLAMP_EA_Questionaire/Short_rain_season/Aug_Sept_2020[1],uuid:f78c9d9c-207e-4bf0-9bef-1d6a34f2a9ba/SCLAMP_EA_Questionaire/Short_rain_season/Aug_Sept_2020[1]/strategies_to_control_Striga_Aug_Sept_2020[1]
Overweeding_Frequent_Weeding,,Low,uuid:f78c9d9c-207e-4bf0-9bef-1d6a34f2a9ba/SCLAMP_EA_Questionaire/Short_rain_season/Aug_Sept_2020[2],uuid:f78c9d9c-207e-4bf0-9bef-1d6a34f2a9ba/SCLAMP_EA_Questionaire/Short_rain_season/Aug_Sept_2020[2]/strategies_to_control_Striga_Aug_Sept_2020[1]
Overweeding_Frequent_Weeding,,Low,uuid:47874c59-ec6e-4ee9-a583-f75e61074196/SCLAMP_EA_Questionaire/Short_rain_season/Aug_Sept_2020[2],uuid:47874c59-ec6e-4ee9-a583-f75e61074196/SCLAMP_EA_Questionaire/Short_rain_season/Aug_Sept_2020[2]/strategies_to_control_Striga_Aug_Sept_2020[1]
Overweeding_Frequent_Weeding,,High,uuid:e299f4eb-8fda-4c6d-9ce8-244fff556ffa/SCLAMP_EA_Questionaire/Short_rain_season/Aug_Sept_2020[2],uuid:e299f4eb-8fda-4c6d-9ce8-244fff556ffa/SCLAMP_EA_Questionaire/Short_rain_season/Aug_Sept_2020[2]/strategies_to_control_Striga_Aug_Sept_2020[1]
Overweeding_Frequent_Weeding,,Medium,uuid:5f497353-90f8-4be3-9614-3d5bf6cf668b/SCLAMP_EA_Questionaire/Short_rain_season/Aug_Sept_2020[2],uuid:5f497353-90f8-4be3-9614-3d5bf6cf668b/SCLAMP_EA_Questionaire/Short_rain_season/Aug_Sept_2020[2]/strategies_to_control_Striga_Aug_Sept_2020[1]
Overweeding_Frequent_Weeding,,Low,uuid:57b8fcb2-2b67-49c3-8021-63d05217bd33/SCLAMP_EA_Questionaire/Short_rain_season/Aug_Sept_2020[1],uuid:57b8fcb2-2b67-49c3-8021-63d05217bd33/SCLAMP_EA_Questionaire/Short_rain_season/Aug_Sept_2020[1]/strategies_to_control_Striga_Aug_Sept_2020[1]
Overweeding_Frequent_Weeding,,Low,uuid:0a6df2a0-2a31-4b93-9e2c-905a329664a4/SCLAMP_EA_Questionaire/Short_rain_season/Aug_Sept_2020[1],uuid:0a6df2a0-2a31-4b93-9e2c-905a329664a4/SCLAMP_EA_Questionaire/Short_rain_season/Aug_Sept_2020[1]/strategies_to_control_Striga_Aug_Sept_2020[1]
Overweeding_Frequent_Weeding,,Low,uuid:903ef8da-3ef5-4aed-a642-1fb56ecca819/SCLAMP_EA_Questionaire/Short_rain_season/Aug_Sept_2020[1],uuid:903ef8da-3ef5-4aed-a642-1fb56ecca819/SCLAMP_EA_Questionaire/Short_rain_season/Aug_Sept_2020[1]/strategies_to_control_Striga_Aug_Sept_2020[1]
Overweeding_Frequent_Weeding,,Medium,uuid:8d005c78-2678-40b8-85f2-847500b8d603/SCLAMP_EA_Questionaire/Short_rain_season/Aug_Sept_2020[1],uuid:8d005c78-2678-40b8-85f2-847500b8d603/SCLAMP_EA_Questionaire/Short_rain_season/Aug_Sept_2020[1]/strategies_to_control_Striga_Aug_Sept_2020[1]
Overweeding_Frequent_Weeding,,Medium,uuid:11ab4f84-6da2-4af9-b6ac-94a76465934c/SCLAMP_EA_Questionaire/Short_rain_season/Aug_Sept_2020[1],uuid:11ab4f84-6da2-4af9-b6ac-94a76465934c/SCLAMP_EA_Questionaire/Short_rain_season/Aug_Sept_2020[1]/strategies_to_control_Striga_Aug_Sept_2020[1]
Overweeding_Frequent_Weeding,,High,uuid:5f32e21a-e4c6-47ee-97a1-735bf0846906/SCLAMP_EA_Questionaire/Short_rain_season/Aug_Sept_2020[1],uuid:5f32e21a-e4c6-47ee-97a1-735bf0846906/SCLAMP_EA_Questionaire/Short_rain_season/Aug_Sept_2020[1]/strategies_to_control_Striga_Aug_Sept_2020[1]
Overweeding_Frequent_Weeding,,High,uuid:b274dff4-d26b-4575-bc67-002c4ed769a7/SCLAMP_EA_Questionaire/Short_rain_season/Aug_Sept_2020[1],uuid:b274dff4-d26b-4575-bc67-002c4ed769a7/SCLAMP_EA_Questionaire/Short_rain_season/Aug_Sept_2020[1]/strategies_to_control_Striga_Aug_Sept_2020[1]
Overweeding_Frequent_Weeding,,High,uuid:dcb54892-9548-4580-9d66-5e6934880d3d/SCLAMP_EA_Questionaire/Short_rain_season/Aug_Sept_2020[1],uuid:dcb54892-9548-4580-9d66-5e6934880d3d/SCLAMP_EA_Questionaire/Short_rain_season/Aug_Sept_2020[1]/strategies_to_control_Striga_Aug_Sept_2020[1]
Early_Planting,,Medium,uuid:873f1ee1-be06-4f31-9bee-e7532a26ef6f/SCLAMP_EA_Questionaire/Short_rain_season/Aug_Sept_2020[1],uuid:873f1ee1-be06-4f31-9bee-e7532a26ef6f/SCLAMP_EA_Questionaire/Short_rain_season/Aug_Sept_2020[1]/strategies_to_control_Striga_Aug_Sept_2020[1]
Uprooting_Infested_Plant_And_Bu,,Medium,uuid:873f1ee1-be06-4f31-9bee-e7532a26ef6f/SCLAMP_EA_Questionaire/Short_rain_season/Aug_Sept_2020[1],uuid:873f1ee1-be06-4f31-9bee-e7532a26ef6f/SCLAMP_EA_Questionaire/Short_rain_season/Aug_Sept_2020[1]/strategies_to_control_Striga_Aug_Sept_2020[2]
Overweeding_Frequent_Weeding,,Medium,uuid:a09a56a3-2458-454b-b319-93a1748d397c/SCLAMP_EA_Questionaire/Short_rain_season/Aug_Sept_2020[1],uuid:a09a56a3-2458-454b-b319-93a1748d397c/SCLAMP_EA_Questionaire/Short_rain_season/Aug_Sept_2020[1]/strategies_to_control_Striga_Aug_Sept_2020[1]
Manure_Application,,Medium,uuid:9b05949b-b31f-405d-ba52-ccd55e15e5d4/SCLAMP_EA_Questionaire/Short_rain_season/Aug_Sept_2020[1],uuid:9b05949b-b31f-405d-ba52-ccd55e15e5d4/SCLAMP_EA_Questionaire/Short_rain_season/Aug_Sept_2020[1]/strategies_to_control_Striga_Aug_Sept_2020[1]
Overweeding_Frequent_Weeding,,Medium,uuid:9b05949b-b31f-405d-ba52-ccd55e15e5d4/SCLAMP_EA_Questionaire/Short_rain_season/Aug_Sept_2020[1],uuid:9b05949b-b31f-405d-ba52-ccd55e15e5d4/SCLAMP_EA_Questionaire/Short_rain_season/Aug_Sept_2020[1]/strategies_to_control_Striga_Aug_Sept_2020[2]
Overweeding_Frequent_Weeding,,Medium,uuid:cb9fe384-e7e8-4f36-884c-23012a9b77f9/SCLAMP_EA_Questionaire/Short_rain_season/Aug_Sept_2020[2],uuid:cb9fe384-e7e8-4f36-884c-23012a9b77f9/SCLAMP_EA_Questionaire/Short_rain_season/Aug_Sept_2020[2]/strategies_to_control_Striga_Aug_Sept_2020[1]
Crop_Rotation,,High,uuid:cb9fe384-e7e8-4f36-884c-23012a9b77f9/SCLAMP_EA_Questionaire/Short_rain_season/Aug_Sept_2020[2],uuid:cb9fe384-e7e8-4f36-884c-23012a9b77f9/SCLAMP_EA_Questionaire/Short_rain_season/Aug_Sept_2020[2]/strategies_to_control_Striga_Aug_Sept_2020[2]
Overweeding_Frequent_Weeding,,Medium,uuid:034dd39d-23d2-421c-b1a8-60fe85e15022/SCLAMP_EA_Questionaire/Short_rain_season/Aug_Sept_2020[1],uuid:034dd39d-23d2-421c-b1a8-60fe85e15022/SCLAMP_EA_Questionaire/Short_rain_season/Aug_Sept_2020[1]/strategies_to_control_Striga_Aug_Sept_2020[1]
Overweeding_Frequent_Weeding,,Medium,uuid:4868aa22-5c33-4bb1-b952-d1d9a40d3f8c/SCLAMP_EA_Questionaire/Short_rain_season/Aug_Sept_2020[1],uuid:4868aa22-5c33-4bb1-b952-d1d9a40d3f8c/SCLAMP_EA_Questionaire/Short_rain_season/Aug_Sept_2020[1]/strategies_to_control_Striga_Aug_Sept_2020[1]
Overweeding_Frequent_Weeding,,High,uuid:823b19c4-4a86-42bc-bf88-82e824c06546/SCLAMP_EA_Questionaire/Short_rain_season/Aug_Sept_2020[1],uuid:823b19c4-4a86-42bc-bf88-82e824c06546/SCLAMP_EA_Questionaire/Short_rain_season/Aug_Sept_2020[1]/strategies_to_control_Striga_Aug_Sept_2020[1]
Uprooting_Infested_Plant_And_Bu,,Low,uuid:823b19c4-4a86-42bc-bf88-82e824c06546/SCLAMP_EA_Questionaire/Short_rain_season/Aug_Sept_2020[2],uuid:823b19c4-4a86-42bc-bf88-82e824c06546/SCLAMP_EA_Questionaire/Short_rain_season/Aug_Sept_2020[2]/strategies_to_control_Striga_Aug_Sept_2020[1]
Overweeding_Frequent_Weeding,,Low,uuid:9340185b-fae5-42a0-81c8-45ef3f519c1b/SCLAMP_EA_Questionaire/Short_rain_season/Aug_Sept_2020[1],uuid:9340185b-fae5-42a0-81c8-45ef3f519c1b/SCLAMP_EA_Questionaire/Short_rain_season/Aug_Sept_2020[1]/strategies_to_control_Striga_Aug_Sept_2020[1]
Crop_Rotation,,Medium,uuid:a1f01dba-b7db-4c61-9e6b-5a36ba9eca0b/SCLAMP_EA_Questionaire/Short_rain_season/Aug_Sept_2020[1],uuid:a1f01dba-b7db-4c61-9e6b-5a36ba9eca0b/SCLAMP_EA_Questionaire/Short_rain_season/Aug_Sept_2020[1]/strategies_to_control_Striga_Aug_Sept_2020[1]
Overweeding_Frequent_Weeding,,Medium,uuid:a1f01dba-b7db-4c61-9e6b-5a36ba9eca0b/SCLAMP_EA_Questionaire/Short_rain_season/Aug_Sept_2020[1],uuid:a1f01dba-b7db-4c61-9e6b-5a36ba9eca0b/SCLAMP_EA_Questionaire/Short_rain_season/Aug_Sept_2020[1]/strategies_to_control_Striga_Aug_Sept_2020[2]
Early_Planting,,Low,uuid:a1f01dba-b7db-4c61-9e6b-5a36ba9eca0b/SCLAMP_EA_Questionaire/Short_rain_season/Aug_Sept_2020[1],uuid:a1f01dba-b7db-4c61-9e6b-5a36ba9eca0b/SCLAMP_EA_Questionaire/Short_rain_season/Aug_Sept_2020[1]/strategies_to_control_Striga_Aug_Sept_2020[3]
Overweeding_Frequent_Weeding,,Low,uuid:854617f7-6615-447e-8482-3aacea4981b1/SCLAMP_EA_Questionaire/Short_rain_season/Aug_Sept_2020[1],uuid:854617f7-6615-447e-8482-3aacea4981b1/SCLAMP_EA_Questionaire/Short_rain_season/Aug_Sept_2020[1]/strategies_to_control_Striga_Aug_Sept_2020[1]
Overweeding_Frequent_Weeding,,Low,uuid:b9551ab0-0467-48a8-aa91-611dc65f5a77/SCLAMP_EA_Questionaire/Short_rain_season/Aug_Sept_2020[2],uuid:b9551ab0-0467-48a8-aa91-611dc65f5a77/SCLAMP_EA_Questionaire/Short_rain_season/Aug_Sept_2020[2]/strategies_to_control_Striga_Aug_Sept_2020[1]
Overweeding_Frequent_Weeding,,Medium,uuid:be1a5f69-18ae-42cb-a598-205ca08f3c60/SCLAMP_EA_Questionaire/Short_rain_season/Aug_Sept_2020[1],uuid:be1a5f69-18ae-42cb-a598-205ca08f3c60/SCLAMP_EA_Questionaire/Short_rain_season/Aug_Sept_2020[1]/strategies_to_control_Striga_Aug_Sept_2020[1]
Overweeding_Frequent_Weeding,,Low,uuid:ddb9a876-1be6-4949-bc16-2883a09c32cb/SCLAMP_EA_Questionaire/Short_rain_season/Aug_Sept_2020[1],uuid:ddb9a876-1be6-4949-bc16-2883a09c32cb/SCLAMP_EA_Questionaire/Short_rain_season/Aug_Sept_2020[1]/strategies_to_control_Striga_Aug_Sept_2020[1]
Overweeding_Frequent_Weeding,,Low,uuid:ddb9a876-1be6-4949-bc16-2883a09c32cb/SCLAMP_EA_Questionaire/Short_rain_season/Aug_Sept_2020[2],uuid:ddb9a876-1be6-4949-bc16-2883a09c32cb/SCLAMP_EA_Questionaire/Short_rain_season/Aug_Sept_2020[2]/strategies_to_control_Striga_Aug_Sept_2020[1]
Overweeding_Frequent_Weeding,,Medium,uuid:e0914409-b489-41f0-b23a-56e2cf00b20f/SCLAMP_EA_Questionaire/Short_rain_season/Aug_Sept_2020[1],uuid:e0914409-b489-41f0-b23a-56e2cf00b20f/SCLAMP_EA_Questionaire/Short_rain_season/Aug_Sept_2020[1]/strategies_to_control_Striga_Aug_Sept_2020[1]
Overweeding_Frequent_Weeding,,High,uuid:31db2250-5242-465d-8b42-589aa9703d7e/SCLAMP_EA_Questionaire/Short_rain_season/Aug_Sept_2020[1],uuid:31db2250-5242-465d-8b42-589aa9703d7e/SCLAMP_EA_Questionaire/Short_rain_season/Aug_Sept_2020[1]/strategies_to_control_Striga_Aug_Sept_2020[1]
Overweeding_Frequent_Weeding,,Medium,uuid:a773bc95-53fc-4f21-8bbc-e14eff96e268/SCLAMP_EA_Questionaire/Short_rain_season/Aug_Sept_2020[1],uuid:a773bc95-53fc-4f21-8bbc-e14eff96e268/SCLAMP_EA_Questionaire/Short_rain_season/Aug_Sept_2020[1]/strategies_to_control_Striga_Aug_Sept_2020[1]
Overweeding_Frequent_Weeding,,High,uuid:c02a1732-25c3-409b-a2b8-fd92dd5cabaf/SCLAMP_EA_Questionaire/Short_rain_season/Aug_Sept_2020[1],uuid:c02a1732-25c3-409b-a2b8-fd92dd5cabaf/SCLAMP_EA_Questionaire/Short_rain_season/Aug_Sept_2020[1]/strategies_to_control_Striga_Aug_Sept_2020[1]
Overweeding_Frequent_Weeding,,Low,uuid:46fc2f07-9bd0-4b75-956a-291b7615e896/SCLAMP_EA_Questionaire/Short_rain_season/Aug_Sept_2020[1],uuid:46fc2f07-9bd0-4b75-956a-291b7615e896/SCLAMP_EA_Questionaire/Short_rain_season/Aug_Sept_2020[1]/strategies_to_control_Striga_Aug_Sept_2020[1]
Overweeding_Frequent_Weeding,,Low,uuid:1bfdb3e2-a6f2-4daf-95a6-1246c02b46c9/SCLAMP_EA_Questionaire/Short_rain_season/Aug_Sept_2020[1],uuid:1bfdb3e2-a6f2-4daf-95a6-1246c02b46c9/SCLAMP_EA_Questionaire/Short_rain_season/Aug_Sept_2020[1]/strategies_to_control_Striga_Aug_Sept_2020[1]
Overweeding_Frequent_Weeding,,Low,uuid:1bfdb3e2-a6f2-4daf-95a6-1246c02b46c9/SCLAMP_EA_Questionaire/Short_rain_season/Aug_Sept_2020[2],uuid:1bfdb3e2-a6f2-4daf-95a6-1246c02b46c9/SCLAMP_EA_Questionaire/Short_rain_season/Aug_Sept_2020[2]/strategies_to_control_Striga_Aug_Sept_2020[1]
Overweeding_Frequent_Weeding,,Medium,uuid:e699e0c1-d33a-46c1-b4f6-9cba00fa8359/SCLAMP_EA_Questionaire/Short_rain_season/Aug_Sept_2020[1],uuid:e699e0c1-d33a-46c1-b4f6-9cba00fa8359/SCLAMP_EA_Questionaire/Short_rain_season/Aug_Sept_2020[1]/strategies_to_control_Striga_Aug_Sept_2020[1]
Manure_Application,,Medium,uuid:e699e0c1-d33a-46c1-b4f6-9cba00fa8359/SCLAMP_EA_Questionaire/Short_rain_season/Aug_Sept_2020[1],uuid:e699e0c1-d33a-46c1-b4f6-9cba00fa8359/SCLAMP_EA_Questionaire/Short_rain_season/Aug_Sept_2020[1]/strategies_to_control_Striga_Aug_Sept_2020[2]
Early_Planting,,Medium,uuid:b4d52370-d1f0-464e-a3e6-37ac3186d773/SCLAMP_EA_Questionaire/Short_rain_season/Aug_Sept_2020[1],uuid:b4d52370-d1f0-464e-a3e6-37ac3186d773/SCLAMP_EA_Questionaire/Short_rain_season/Aug_Sept_2020[1]/strategies_to_control_Striga_Aug_Sept_2020[1]
Manure_Application,,Medium,uuid:b4d52370-d1f0-464e-a3e6-37ac3186d773/SCLAMP_EA_Questionaire/Short_rain_season/Aug_Sept_2020[1],uuid:b4d52370-d1f0-464e-a3e6-37ac3186d773/SCLAMP_EA_Questionaire/Short_rain_season/Aug_Sept_2020[1]/strategies_to_control_Striga_Aug_Sept_2020[2]
Overweeding_Frequent_Weeding,,Low,uuid:46c78423-8a2f-4fa0-8726-cf4bb3922974/SCLAMP_EA_Questionaire/Short_rain_season/Aug_Sept_2020[1],uuid:46c78423-8a2f-4fa0-8726-cf4bb3922974/SCLAMP_EA_Questionaire/Short_rain_season/Aug_Sept_2020[1]/strategies_to_control_Striga_Aug_Sept_2020[1]
Push_pull_Technology,,High,uuid:d5a2921d-f23c-4589-ac93-325beefa9f23/SCLAMP_EA_Questionaire/Short_rain_season/Aug_Sept_2020[1],uuid:d5a2921d-f23c-4589-ac93-325beefa9f23/SCLAMP_EA_Questionaire/Short_rain_season/Aug_Sept_2020[1]/strategies_to_control_Striga_Aug_Sept_2020[1]
Overweeding_Frequent_Weeding,,Low,uuid:99695b6e-706e-46f2-8da7-61df87c7b7d3/SCLAMP_EA_Questionaire/Short_rain_season/Aug_Sept_2020[1],uuid:99695b6e-706e-46f2-8da7-61df87c7b7d3/SCLAMP_EA_Questionaire/Short_rain_season/Aug_Sept_2020[1]/strategies_to_control_Striga_Aug_Sept_2020[1]
Overweeding_Frequent_Weeding,,Low,uuid:ceadf86c-a040-4eac-9ab0-56fc4b9352cd/SCLAMP_EA_Questionaire/Short_rain_season/Aug_Sept_2020[1],uuid:ceadf86c-a040-4eac-9ab0-56fc4b9352cd/SCLAMP_EA_Questionaire/Short_rain_season/Aug_Sept_2020[1]/strategies_to_control_Striga_Aug_Sept_2020[1]
Overweeding_Frequent_Weeding,,Low,uuid:5f7c94f8-ab1d-474f-8970-8054d1f507bc/SCLAMP_EA_Questionaire/Short_rain_season/Aug_Sept_2020[1],uuid:5f7c94f8-ab1d-474f-8970-8054d1f507bc/SCLAMP_EA_Questionaire/Short_rain_season/Aug_Sept_2020[1]/strategies_to_control_Striga_Aug_Sept_2020[1]
Overweeding_Frequent_Weeding,,Low,uuid:837e9c33-931e-49a9-a9a0-f9fcfa69a0ce/SCLAMP_EA_Questionaire/Short_rain_season/Aug_Sept_2020[1],uuid:837e9c33-931e-49a9-a9a0-f9fcfa69a0ce/SCLAMP_EA_Questionaire/Short_rain_season/Aug_Sept_2020[1]/strategies_to_control_Striga_Aug_Sept_2020[1]
Overweeding_Frequent_Weeding,,Medium,uuid:38c6d19f-7251-44ba-956e-b2c8f26b6631/SCLAMP_EA_Questionaire/Short_rain_season/Aug_Sept_2020[1],uuid:38c6d19f-7251-44ba-956e-b2c8f26b6631/SCLAMP_EA_Questionaire/Short_rain_season/Aug_Sept_2020[1]/strategies_to_control_Striga_Aug_Sept_2020[1]
Crop_Rotation,,Medium,uuid:2ec6dfb6-70a6-4eb3-b236-a476fd0957a5/SCLAMP_EA_Questionaire/Short_rain_season/Aug_Sept_2020[1],uuid:2ec6dfb6-70a6-4eb3-b236-a476fd0957a5/SCLAMP_EA_Questionaire/Short_rain_season/Aug_Sept_2020[1]/strategies_to_control_Striga_Aug_Sept_2020[1]
Overweeding_Frequent_Weeding,,Low,uuid:c46fb1a7-8005-4bda-bd14-3c2c8627f3ab/SCLAMP_EA_Questionaire/Short_rain_season/Aug_Sept_2020[1],uuid:c46fb1a7-8005-4bda-bd14-3c2c8627f3ab/SCLAMP_EA_Questionaire/Short_rain_season/Aug_Sept_2020[1]/strategies_to_control_Striga_Aug_Sept_2020[1]
Overweeding_Frequent_Weeding,,Low,uuid:1c9ae9ae-fc95-4bc7-9140-1ca04b1d2e27/SCLAMP_EA_Questionaire/Short_rain_season/Aug_Sept_2020[1],uuid:1c9ae9ae-fc95-4bc7-9140-1ca04b1d2e27/SCLAMP_EA_Questionaire/Short_rain_season/Aug_Sept_2020[1]/strategies_to_control_Striga_Aug_Sept_2020[1]
Not_Applicable,,Low,uuid:58225dc1-7aaf-4473-b2c6-9d6974a5d13f/SCLAMP_EA_Questionaire/Short_rain_season/Aug_Sept_2020[1],uuid:58225dc1-7aaf-4473-b2c6-9d6974a5d13f/SCLAMP_EA_Questionaire/Short_rain_season/Aug_Sept_2020[1]/strategies_to_control_Striga_Aug_Sept_2020[1]
Overweeding_Frequent_Weeding,,Low,uuid:5ae5de58-3272-4966-950a-79d4527fd7d4/SCLAMP_EA_Questionaire/Short_rain_season/Aug_Sept_2020[1],uuid:5ae5de58-3272-4966-950a-79d4527fd7d4/SCLAMP_EA_Questionaire/Short_rain_season/Aug_Sept_2020[1]/strategies_to_control_Striga_Aug_Sept_2020[1]
Not_Applicable,,Low,uuid:4a751ffc-435f-49d7-a944-96491220b319/SCLAMP_EA_Questionaire/Short_rain_season/Aug_Sept_2020[1],uuid:4a751ffc-435f-49d7-a944-96491220b319/SCLAMP_EA_Questionaire/Short_rain_season/Aug_Sept_2020[1]/strategies_to_control_Striga_Aug_Sept_2020[1]
Overweeding_Frequent_Weeding,,Low,uuid:fc04161f-6c14-4561-991d-9f7e796089df/SCLAMP_EA_Questionaire/Short_rain_season/Aug_Sept_2020[1],uuid:fc04161f-6c14-4561-991d-9f7e796089df/SCLAMP_EA_Questionaire/Short_rain_season/Aug_Sept_2020[1]/strategies_to_control_Striga_Aug_Sept_2020[1]
Push_pull_Technology,,High,uuid:06d89973-abf7-47fe-9a69-29e068f2b15c/SCLAMP_EA_Questionaire/Short_rain_season/Aug_Sept_2020[1],uuid:06d89973-abf7-47fe-9a69-29e068f2b15c/SCLAMP_EA_Questionaire/Short_rain_season/Aug_Sept_2020[1]/strategies_to_control_Striga_Aug_Sept_2020[1]
Overweeding_Frequent_Weeding,,Low,uuid:5b2febc5-a919-431f-8338-d0d2c2b3e5fa/SCLAMP_EA_Questionaire/Short_rain_season/Aug_Sept_2020[1],uuid:5b2febc5-a919-431f-8338-d0d2c2b3e5fa/SCLAMP_EA_Questionaire/Short_rain_season/Aug_Sept_2020[1]/strategies_to_control_Striga_Aug_Sept_2020[1]
Overweeding_Frequent_Weeding,,Low,uuid:98195436-2c7b-47a3-811c-62ab8ae458b5/SCLAMP_EA_Questionaire/Short_rain_season/Aug_Sept_2020[1],uuid:98195436-2c7b-47a3-811c-62ab8ae458b5/SCLAMP_EA_Questionaire/Short_rain_season/Aug_Sept_2020[1]/strategies_to_control_Striga_Aug_Sept_2020[1]
Pesticides_Application,Rocket ,High,uuid:f5d32b35-4090-434b-ba40-394e688fedaf/SCLAMP_EA_Questionaire/Short_rain_season/Aug_Sept_2020[1],uuid:f5d32b35-4090-434b-ba40-394e688fedaf/SCLAMP_EA_Questionaire/Short_rain_season/Aug_Sept_2020[1]/strategies_to_control_Striga_Aug_Sept_2020[1]
Pesticides_Application,24D,High,uuid:3d2c54bf-549b-4f70-87b2-c7cbc84c7297/SCLAMP_EA_Questionaire/Short_rain_season/Aug_Sept_2020[1],uuid:3d2c54bf-549b-4f70-87b2-c7cbc84c7297/SCLAMP_EA_Questionaire/Short_rain_season/Aug_Sept_2020[1]/strategies_to_control_Striga_Aug_Sept_2020[1]
Pesticides_Application,Paraquat,High,uuid:3d2c54bf-549b-4f70-87b2-c7cbc84c7297/SCLAMP_EA_Questionaire/Short_rain_season/Aug_Sept_2020[1],uuid:3d2c54bf-549b-4f70-87b2-c7cbc84c7297/SCLAMP_EA_Questionaire/Short_rain_season/Aug_Sept_2020[1]/strategies_to_control_Striga_Aug_Sept_2020[2]
Overweeding_Frequent_Weeding,,Medium,uuid:c557ee51-806f-4fb5-a7c9-fc11f34a1f2d/SCLAMP_EA_Questionaire/Short_rain_season/Aug_Sept_2020[1],uuid:c557ee51-806f-4fb5-a7c9-fc11f34a1f2d/SCLAMP_EA_Questionaire/Short_rain_season/Aug_Sept_2020[1]/strategies_to_control_Striga_Aug_Sept_2020[1]
Uprooting_Infested_Plant_And_Bu,,Medium,uuid:7b2d4946-6b0a-484e-bd9a-400ac1b853a4/SCLAMP_EA_Questionaire/Short_rain_season/Aug_Sept_2020[1],uuid:7b2d4946-6b0a-484e-bd9a-400ac1b853a4/SCLAMP_EA_Questionaire/Short_rain_season/Aug_Sept_2020[1]/strategies_to_control_Striga_Aug_Sept_2020[1]
Early_Planting,,High,uuid:0b95fa58-f01b-42b5-a393-94dcd76e6de6/SCLAMP_EA_Questionaire/Short_rain_season/Aug_Sept_2020[1],uuid:0b95fa58-f01b-42b5-a393-94dcd76e6de6/SCLAMP_EA_Questionaire/Short_rain_season/Aug_Sept_2020[1]/strategies_to_control_Striga_Aug_Sept_2020[1]
Uprooting_Infested_Plant_And_Bu,,Medium,uuid:8874aac8-aee7-4b45-bec2-5ed795044149/SCLAMP_EA_Questionaire/Short_rain_season/Aug_Sept_2020[1],uuid:8874aac8-aee7-4b45-bec2-5ed795044149/SCLAMP_EA_Questionaire/Short_rain_season/Aug_Sept_2020[1]/strategies_to_control_Striga_Aug_Sept_2020[1]
Overweeding_Frequent_Weeding,,High,uuid:8f7c3c4e-c50e-45e3-b5e4-0e36369ab784/SCLAMP_EA_Questionaire/Short_rain_season/Aug_Sept_2020[1],uuid:8f7c3c4e-c50e-45e3-b5e4-0e36369ab784/SCLAMP_EA_Questionaire/Short_rain_season/Aug_Sept_2020[1]/strategies_to_control_Striga_Aug_Sept_2020[1]
Overweeding_Frequent_Weeding,,Medium,uuid:3cd09f51-5ec4-4ba2-b2c6-e0d8509cb44e/SCLAMP_EA_Questionaire/Short_rain_season/Aug_Sept_2020[1],uuid:3cd09f51-5ec4-4ba2-b2c6-e0d8509cb44e/SCLAMP_EA_Questionaire/Short_rain_season/Aug_Sept_2020[1]/strategies_to_control_Striga_Aug_Sept_2020[1]
Overweeding_Frequent_Weeding,,Medium,uuid:3cd09f51-5ec4-4ba2-b2c6-e0d8509cb44e/SCLAMP_EA_Questionaire/Short_rain_season/Aug_Sept_2020[2],uuid:3cd09f51-5ec4-4ba2-b2c6-e0d8509cb44e/SCLAMP_EA_Questionaire/Short_rain_season/Aug_Sept_2020[2]/strategies_to_control_Striga_Aug_Sept_2020[1]
Uprooting_Infested_Plant_And_Bu,,Medium,uuid:3cd09f51-5ec4-4ba2-b2c6-e0d8509cb44e/SCLAMP_EA_Questionaire/Short_rain_season/Aug_Sept_2020[3],uuid:3cd09f51-5ec4-4ba2-b2c6-e0d8509cb44e/SCLAMP_EA_Questionaire/Short_rain_season/Aug_Sept_2020[3]/strategies_to_control_Striga_Aug_Sept_2020[1]
Early_Planting,,High,uuid:d2b31eaa-9886-447e-a4d0-9936245e7115/SCLAMP_EA_Questionaire/Short_rain_season/Aug_Sept_2020[1],uuid:d2b31eaa-9886-447e-a4d0-9936245e7115/SCLAMP_EA_Questionaire/Short_rain_season/Aug_Sept_2020[1]/strategies_to_control_Striga_Aug_Sept_2020[1]
Overweeding_Frequent_Weeding,,Medium,uuid:67e229e9-b75d-469d-a9b3-15b1d308d509/SCLAMP_EA_Questionaire/Short_rain_season/Aug_Sept_2020[3],uuid:67e229e9-b75d-469d-a9b3-15b1d308d509/SCLAMP_EA_Questionaire/Short_rain_season/Aug_Sept_2020[3]/strategies_to_control_Striga_Aug_Sept_2020[1]
Overweeding_Frequent_Weeding,,Low,uuid:c96ade61-adfe-4e2e-ac90-404988e70e56/SCLAMP_EA_Questionaire/Short_rain_season/Aug_Sept_2020[1],uuid:c96ade61-adfe-4e2e-ac90-404988e70e56/SCLAMP_EA_Questionaire/Short_rain_season/Aug_Sept_2020[1]/strategies_to_control_Striga_Aug_Sept_2020[1]
Overweeding_Frequent_Weeding,,Medium,uuid:0a194703-9461-4200-a331-a360cf95675a/SCLAMP_EA_Questionaire/Short_rain_season/Aug_Sept_2020[1],uuid:0a194703-9461-4200-a331-a360cf95675a/SCLAMP_EA_Questionaire/Short_rain_season/Aug_Sept_2020[1]/strategies_to_control_Striga_Aug_Sept_2020[1]
Overweeding_Frequent_Weeding,,Medium,uuid:9f58b5ff-ef44-4cb2-8353-ef281cb7c4b2/SCLAMP_EA_Questionaire/Short_rain_season/Aug_Sept_2020[2],uuid:9f58b5ff-ef44-4cb2-8353-ef281cb7c4b2/SCLAMP_EA_Questionaire/Short_rain_season/Aug_Sept_2020[2]/strategies_to_control_Striga_Aug_Sept_2020[1]
Overweeding_Frequent_Weeding,,Medium,uuid:ac5da897-299a-4897-997a-036ef7a56b0d/SCLAMP_EA_Questionaire/Short_rain_season/Aug_Sept_2020[1],uuid:ac5da897-299a-4897-997a-036ef7a56b0d/SCLAMP_EA_Questionaire/Short_rain_season/Aug_Sept_2020[1]/strategies_to_control_Striga_Aug_Sept_2020[1]
Overweeding_Frequent_Weeding,,Medium,uuid:724da5aa-aab0-43da-9502-f95ccb8c415a/SCLAMP_EA_Questionaire/Short_rain_season/Aug_Sept_2020[1],uuid:724da5aa-aab0-43da-9502-f95ccb8c415a/SCLAMP_EA_Questionaire/Short_rain_season/Aug_Sept_2020[1]/strategies_to_control_Striga_Aug_Sept_2020[1]
Manure_Application,,Medium,uuid:724da5aa-aab0-43da-9502-f95ccb8c415a/SCLAMP_EA_Questionaire/Short_rain_season/Aug_Sept_2020[1],uuid:724da5aa-aab0-43da-9502-f95ccb8c415a/SCLAMP_EA_Questionaire/Short_rain_season/Aug_Sept_2020[1]/strategies_to_control_Striga_Aug_Sept_2020[2]
Overweeding_Frequent_Weeding,,Medium,uuid:a0435873-bee0-4581-af28-5b743ac4b426/SCLAMP_EA_Questionaire/Short_rain_season/Aug_Sept_2020[1],uuid:a0435873-bee0-4581-af28-5b743ac4b426/SCLAMP_EA_Questionaire/Short_rain_season/Aug_Sept_2020[1]/strategies_to_control_Striga_Aug_Sept_2020[1]
Intercropping_With_Legumes,,Low,uuid:a0435873-bee0-4581-af28-5b743ac4b426/SCLAMP_EA_Questionaire/Short_rain_season/Aug_Sept_2020[1],uuid:a0435873-bee0-4581-af28-5b743ac4b426/SCLAMP_EA_Questionaire/Short_rain_season/Aug_Sept_2020[1]/strategies_to_control_Striga_Aug_Sept_2020[2]
Overweeding_Frequent_Weeding,,Low,uuid:6c58a45c-cd63-4bbc-a61a-04e7056a31a4/SCLAMP_EA_Questionaire/Short_rain_season/Aug_Sept_2020[1],uuid:6c58a45c-cd63-4bbc-a61a-04e7056a31a4/SCLAMP_EA_Questionaire/Short_rain_season/Aug_Sept_2020[1]/strategies_to_control_Striga_Aug_Sept_2020[1]
Overweeding_Frequent_Weeding,,Low,uuid:269f5244-0539-49d7-8bf5-cb24654149ae/SCLAMP_EA_Questionaire/Short_rain_season/Aug_Sept_2020[1],uuid:269f5244-0539-49d7-8bf5-cb24654149ae/SCLAMP_EA_Questionaire/Short_rain_season/Aug_Sept_2020[1]/strategies_to_control_Striga_Aug_Sept_2020[1]
Overweeding_Frequent_Weeding,,Low,uuid:23977ef8-020f-4fe6-b1dd-367790299f6e/SCLAMP_EA_Questionaire/Short_rain_season/Aug_Sept_2020[1],uuid:23977ef8-020f-4fe6-b1dd-367790299f6e/SCLAMP_EA_Questionaire/Short_rain_season/Aug_Sept_2020[1]/strategies_to_control_Striga_Aug_Sept_2020[1]
Overweeding_Frequent_Weeding,,Low,uuid:67c52bae-54d7-48a0-9dd9-60834ed48252/SCLAMP_EA_Questionaire/Short_rain_season/Aug_Sept_2020[1],uuid:67c52bae-54d7-48a0-9dd9-60834ed48252/SCLAMP_EA_Questionaire/Short_rain_season/Aug_Sept_2020[1]/strategies_to_control_Striga_Aug_Sept_2020[1]
Overweeding_Frequent_Weeding,,Low,uuid:67c52bae-54d7-48a0-9dd9-60834ed48252/SCLAMP_EA_Questionaire/Short_rain_season/Aug_Sept_2020[2],uuid:67c52bae-54d7-48a0-9dd9-60834ed48252/SCLAMP_EA_Questionaire/Short_rain_season/Aug_Sept_2020[2]/strategies_to_control_Striga_Aug_Sept_2020[1]
Overweeding_Frequent_Weeding,,Low,uuid:3aed71f8-615e-4570-9b4d-044205c4ce55/SCLAMP_EA_Questionaire/Short_rain_season/Aug_Sept_2020[1],uuid:3aed71f8-615e-4570-9b4d-044205c4ce55/SCLAMP_EA_Questionaire/Short_rain_season/Aug_Sept_2020[1]/strategies_to_control_Striga_Aug_Sept_2020[1]
Overweeding_Frequent_Weeding,,Low,uuid:2938fc1d-d083-4419-8164-220ee2d7dbcd/SCLAMP_EA_Questionaire/Short_rain_season/Aug_Sept_2020[1],uuid:2938fc1d-d083-4419-8164-220ee2d7dbcd/SCLAMP_EA_Questionaire/Short_rain_season/Aug_Sept_2020[1]/strategies_to_control_Striga_Aug_Sept_2020[1]
Overweeding_Frequent_Weeding,,Low,uuid:2938fc1d-d083-4419-8164-220ee2d7dbcd/SCLAMP_EA_Questionaire/Short_rain_season/Aug_Sept_2020[2],uuid:2938fc1d-d083-4419-8164-220ee2d7dbcd/SCLAMP_EA_Questionaire/Short_rain_season/Aug_Sept_2020[2]/strategies_to_control_Striga_Aug_Sept_2020[1]
Overweeding_Frequent_Weeding,,Low,uuid:f20a0cde-6921-4cfc-9190-a09b348e60d2/SCLAMP_EA_Questionaire/Short_rain_season/Aug_Sept_2020[1],uuid:f20a0cde-6921-4cfc-9190-a09b348e60d2/SCLAMP_EA_Questionaire/Short_rain_season/Aug_Sept_2020[1]/strategies_to_control_Striga_Aug_Sept_2020[1]
Overweeding_Frequent_Weeding,,Medium,uuid:8ab6100b-ab81-4016-9a01-e69d6a41ec8e/SCLAMP_EA_Questionaire/Short_rain_season/Aug_Sept_2020[1],uuid:8ab6100b-ab81-4016-9a01-e69d6a41ec8e/SCLAMP_EA_Questionaire/Short_rain_season/Aug_Sept_2020[1]/strategies_to_control_Striga_Aug_Sept_2020[1]
Overweeding_Frequent_Weeding,,Medium,uuid:91ebebfd-528a-48cd-89f3-c7ce65d7374c/SCLAMP_EA_Questionaire/Short_rain_season/Aug_Sept_2020[1],uuid:91ebebfd-528a-48cd-89f3-c7ce65d7374c/SCLAMP_EA_Questionaire/Short_rain_season/Aug_Sept_2020[1]/strategies_to_control_Striga_Aug_Sept_2020[1]
Manure_Application,,Medium,uuid:090b90ee-6284-44d6-a991-e953ffca4e25/SCLAMP_EA_Questionaire/Short_rain_season/Aug_Sept_2020[1],uuid:090b90ee-6284-44d6-a991-e953ffca4e25/SCLAMP_EA_Questionaire/Short_rain_season/Aug_Sept_2020[1]/strategies_to_control_Striga_Aug_Sept_2020[1]
Overweeding_Frequent_Weeding,,Medium,uuid:090b90ee-6284-44d6-a991-e953ffca4e25/SCLAMP_EA_Questionaire/Short_rain_season/Aug_Sept_2020[1],uuid:090b90ee-6284-44d6-a991-e953ffca4e25/SCLAMP_EA_Questionaire/Short_rain_season/Aug_Sept_2020[1]/strategies_to_control_Striga_Aug_Sept_2020[2]
Overweeding_Frequent_Weeding,,Medium,uuid:91042e5f-acf0-4f72-9d3e-1dc0122c1785/SCLAMP_EA_Questionaire/Short_rain_season/Aug_Sept_2020[1],uuid:91042e5f-acf0-4f72-9d3e-1dc0122c1785/SCLAMP_EA_Questionaire/Short_rain_season/Aug_Sept_2020[1]/strategies_to_control_Striga_Aug_Sept_2020[1]
Early_Planting,,Medium,uuid:91042e5f-acf0-4f72-9d3e-1dc0122c1785/SCLAMP_EA_Questionaire/Short_rain_season/Aug_Sept_2020[1],uuid:91042e5f-acf0-4f72-9d3e-1dc0122c1785/SCLAMP_EA_Questionaire/Short_rain_season/Aug_Sept_2020[1]/strategies_to_control_Striga_Aug_Sept_2020[2]
Overweeding_Frequent_Weeding,,Medium,uuid:1c912811-732d-40f9-8c3b-945efe269ef5/SCLAMP_EA_Questionaire/Short_rain_season/Aug_Sept_2020[1],uuid:1c912811-732d-40f9-8c3b-945efe269ef5/SCLAMP_EA_Questionaire/Short_rain_season/Aug_Sept_2020[1]/strategies_to_control_Striga_Aug_Sept_2020[1]
Early_Planting,,Medium,uuid:1c912811-732d-40f9-8c3b-945efe269ef5/SCLAMP_EA_Questionaire/Short_rain_season/Aug_Sept_2020[1],uuid:1c912811-732d-40f9-8c3b-945efe269ef5/SCLAMP_EA_Questionaire/Short_rain_season/Aug_Sept_2020[1]/strategies_to_control_Striga_Aug_Sept_2020[2]
Early_Planting,,Medium,uuid:ed16eab9-16f2-4df0-8052-54481ac657ed/SCLAMP_EA_Questionaire/Short_rain_season/Aug_Sept_2020[1],uuid:ed16eab9-16f2-4df0-8052-54481ac657ed/SCLAMP_EA_Questionaire/Short_rain_season/Aug_Sept_2020[1]/strategies_to_control_Striga_Aug_Sept_2020[1]
Overweeding_Frequent_Weeding,,Medium,uuid:ed16eab9-16f2-4df0-8052-54481ac657ed/SCLAMP_EA_Questionaire/Short_rain_season/Aug_Sept_2020[1],uuid:ed16eab9-16f2-4df0-8052-54481ac657ed/SCLAMP_EA_Questionaire/Short_rain_season/Aug_Sept_2020[1]/strategies_to_control_Striga_Aug_Sept_2020[2]
Early_Planting,,Medium,uuid:b3b48ada-36b2-4c1b-a59b-507f9cce56a1/SCLAMP_EA_Questionaire/Short_rain_season/Aug_Sept_2020[1],uuid:b3b48ada-36b2-4c1b-a59b-507f9cce56a1/SCLAMP_EA_Questionaire/Short_rain_season/Aug_Sept_2020[1]/strategies_to_control_Striga_Aug_Sept_2020[1]
Uprooting_Infested_Plant_And_Bu,,Medium,uuid:b3b48ada-36b2-4c1b-a59b-507f9cce56a1/SCLAMP_EA_Questionaire/Short_rain_season/Aug_Sept_2020[1],uuid:b3b48ada-36b2-4c1b-a59b-507f9cce56a1/SCLAMP_EA_Questionaire/Short_rain_season/Aug_Sept_2020[1]/strategies_to_control_Striga_Aug_Sept_2020[2]
Overweeding_Frequent_Weeding,,Low,uuid:bfa64993-2626-43ea-9de0-f2ff80e83467/SCLAMP_EA_Questionaire/Short_rain_season/Aug_Sept_2020[1],uuid:bfa64993-2626-43ea-9de0-f2ff80e83467/SCLAMP_EA_Questionaire/Short_rain_season/Aug_Sept_2020[1]/strategies_to_control_Striga_Aug_Sept_2020[1]
Overweeding_Frequent_Weeding,,Medium,uuid:0fb487ff-88ea-4e37-a2db-c9462a2c0ae5/SCLAMP_EA_Questionaire/Short_rain_season/Aug_Sept_2020[1],uuid:0fb487ff-88ea-4e37-a2db-c9462a2c0ae5/SCLAMP_EA_Questionaire/Short_rain_season/Aug_Sept_2020[1]/strategies_to_control_Striga_Aug_Sept_2020[1]
Overweeding_Frequent_Weeding,,Low,uuid:8a2e2b8d-4b7e-4492-b829-7c7167bcae4c/SCLAMP_EA_Questionaire/Short_rain_season/Aug_Sept_2020[1],uuid:8a2e2b8d-4b7e-4492-b829-7c7167bcae4c/SCLAMP_EA_Questionaire/Short_rain_season/Aug_Sept_2020[1]/strategies_to_control_Striga_Aug_Sept_2020[1]
Overweeding_Frequent_Weeding,,Medium,uuid:9a2bb3af-05be-45f2-bf3b-a0ac1f0ed694/SCLAMP_EA_Questionaire/Short_rain_season/Aug_Sept_2020[2],uuid:9a2bb3af-05be-45f2-bf3b-a0ac1f0ed694/SCLAMP_EA_Questionaire/Short_rain_season/Aug_Sept_2020[2]/strategies_to_control_Striga_Aug_Sept_2020[1]
Not_Applicable,,Medium,uuid:88ce6a0e-ffbc-493c-90d0-38b0983a59fa/SCLAMP_EA_Questionaire/Short_rain_season/Aug_Sept_2020[1],uuid:88ce6a0e-ffbc-493c-90d0-38b0983a59fa/SCLAMP_EA_Questionaire/Short_rain_season/Aug_Sept_2020[1]/strategies_to_control_Striga_Aug_Sept_2020[1]
Overweeding_Frequent_Weeding,,Medium,uuid:88ce6a0e-ffbc-493c-90d0-38b0983a59fa/SCLAMP_EA_Questionaire/Short_rain_season/Aug_Sept_2020[1],uuid:88ce6a0e-ffbc-493c-90d0-38b0983a59fa/SCLAMP_EA_Questionaire/Short_rain_season/Aug_Sept_2020[1]/strategies_to_control_Striga_Aug_Sept_2020[2]
Overweeding_Frequent_Weeding,,Medium,uuid:88ce6a0e-ffbc-493c-90d0-38b0983a59fa/SCLAMP_EA_Questionaire/Short_rain_season/Aug_Sept_2020[2],uuid:88ce6a0e-ffbc-493c-90d0-38b0983a59fa/SCLAMP_EA_Questionaire/Short_rain_season/Aug_Sept_2020[2]/strategies_to_control_Striga_Aug_Sept_2020[1]
Early_Planting,,Medium,uuid:88ce6a0e-ffbc-493c-90d0-38b0983a59fa/SCLAMP_EA_Questionaire/Short_rain_season/Aug_Sept_2020[2],uuid:88ce6a0e-ffbc-493c-90d0-38b0983a59fa/SCLAMP_EA_Questionaire/Short_rain_season/Aug_Sept_2020[2]/strategies_to_control_Striga_Aug_Sept_2020[2]
Overweeding_Frequent_Weeding,,Low,uuid:40a23965-2f8c-4421-adf0-636a4feadb56/SCLAMP_EA_Questionaire/Short_rain_season/Aug_Sept_2020[1],uuid:40a23965-2f8c-4421-adf0-636a4feadb56/SCLAMP_EA_Questionaire/Short_rain_season/Aug_Sept_2020[1]/strategies_to_control_Striga_Aug_Sept_2020[1]
Overweeding_Frequent_Weeding,,Medium,uuid:40a23965-2f8c-4421-adf0-636a4feadb56/SCLAMP_EA_Questionaire/Short_rain_season/Aug_Sept_2020[2],uuid:40a23965-2f8c-4421-adf0-636a4feadb56/SCLAMP_EA_Questionaire/Short_rain_season/Aug_Sept_2020[2]/strategies_to_control_Striga_Aug_Sept_2020[1]
Intercropping_With_Legumes,,Medium,uuid:40a23965-2f8c-4421-adf0-636a4feadb56/SCLAMP_EA_Questionaire/Short_rain_season/Aug_Sept_2020[2],uuid:40a23965-2f8c-4421-adf0-636a4feadb56/SCLAMP_EA_Questionaire/Short_rain_season/Aug_Sept_2020[2]/strategies_to_control_Striga_Aug_Sept_2020[2]
Overweeding_Frequent_Weeding,,Medium,uuid:2f718564-83ec-499c-80ba-ce222d6f7bb4/SCLAMP_EA_Questionaire/Short_rain_season/Aug_Sept_2020[1],uuid:2f718564-83ec-499c-80ba-ce222d6f7bb4/SCLAMP_EA_Questionaire/Short_rain_season/Aug_Sept_2020[1]/strategies_to_control_Striga_Aug_Sept_2020[1]
Overweeding_Frequent_Weeding,,Medium,uuid:2f718564-83ec-499c-80ba-ce222d6f7bb4/SCLAMP_EA_Questionaire/Short_rain_season/Aug_Sept_2020[2],uuid:2f718564-83ec-499c-80ba-ce222d6f7bb4/SCLAMP_EA_Questionaire/Short_rain_season/Aug_Sept_2020[2]/strategies_to_control_Striga_Aug_Sept_2020[1]
Overweeding_Frequent_Weeding,,Medium,uuid:b7e7019d-45f4-4c3f-8a96-4d4440905ba8/SCLAMP_EA_Questionaire/Short_rain_season/Aug_Sept_2020[2],uuid:b7e7019d-45f4-4c3f-8a96-4d4440905ba8/SCLAMP_EA_Questionaire/Short_rain_season/Aug_Sept_2020[2]/strategies_to_control_Striga_Aug_Sept_2020[1]
Manure_Application,,Medium,uuid:b7e7019d-45f4-4c3f-8a96-4d4440905ba8/SCLAMP_EA_Questionaire/Short_rain_season/Aug_Sept_2020[2],uuid:b7e7019d-45f4-4c3f-8a96-4d4440905ba8/SCLAMP_EA_Questionaire/Short_rain_season/Aug_Sept_2020[2]/strategies_to_control_Striga_Aug_Sept_2020[2]
Overweeding_Frequent_Weeding,,Medium,uuid:fba9859a-2d82-4e50-a132-c51423e92138/SCLAMP_EA_Questionaire/Short_rain_season/Aug_Sept_2020[1],uuid:fba9859a-2d82-4e50-a132-c51423e92138/SCLAMP_EA_Questionaire/Short_rain_season/Aug_Sept_2020[1]/strategies_to_control_Striga_Aug_Sept_2020[1]
Overweeding_Frequent_Weeding,,Low,uuid:a462c631-cc91-4c58-90c5-ff0d1b4d3aac/SCLAMP_EA_Questionaire/Short_rain_season/Aug_Sept_2020[1],uuid:a462c631-cc91-4c58-90c5-ff0d1b4d3aac/SCLAMP_EA_Questionaire/Short_rain_season/Aug_Sept_2020[1]/strategies_to_control_Striga_Aug_Sept_2020[1]
Overweeding_Frequent_Weeding,,Low,uuid:ffb99610-52f8-42d6-ab8d-6aec84278a97/SCLAMP_EA_Questionaire/Short_rain_season/Aug_Sept_2020[1],uuid:ffb99610-52f8-42d6-ab8d-6aec84278a97/SCLAMP_EA_Questionaire/Short_rain_season/Aug_Sept_2020[1]/strategies_to_control_Striga_Aug_Sept_2020[1]
Overweeding_Frequent_Weeding,,Low,uuid:0338b47b-e685-4047-b210-cb2ff000db4c/SCLAMP_EA_Questionaire/Short_rain_season/Aug_Sept_2020[1],uuid:0338b47b-e685-4047-b210-cb2ff000db4c/SCLAMP_EA_Questionaire/Short_rain_season/Aug_Sept_2020[1]/strategies_to_control_Striga_Aug_Sept_2020[1]
Overweeding_Frequent_Weeding,,Low,uuid:0338b47b-e685-4047-b210-cb2ff000db4c/SCLAMP_EA_Questionaire/Short_rain_season/Aug_Sept_2020[2],uuid:0338b47b-e685-4047-b210-cb2ff000db4c/SCLAMP_EA_Questionaire/Short_rain_season/Aug_Sept_2020[2]/strategies_to_control_Striga_Aug_Sept_2020[1]
Overweeding_Frequent_Weeding,,Low,uuid:a94c4186-553f-42da-b7d5-a66cce3b0458/SCLAMP_EA_Questionaire/Short_rain_season/Aug_Sept_2020[1],uuid:a94c4186-553f-42da-b7d5-a66cce3b0458/SCLAMP_EA_Questionaire/Short_rain_season/Aug_Sept_2020[1]/strategies_to_control_Striga_Aug_Sept_2020[1]
Overweeding_Frequent_Weeding,,Low,uuid:a0015b82-7837-4c6f-86ba-df11c0e13cad/SCLAMP_EA_Questionaire/Short_rain_season/Aug_Sept_2020[1],uuid:a0015b82-7837-4c6f-86ba-df11c0e13cad/SCLAMP_EA_Questionaire/Short_rain_season/Aug_Sept_2020[1]/strategies_to_control_Striga_Aug_Sept_2020[1]
Overweeding_Frequent_Weeding,,Low,uuid:a0015b82-7837-4c6f-86ba-df11c0e13cad/SCLAMP_EA_Questionaire/Short_rain_season/Aug_Sept_2020[2],uuid:a0015b82-7837-4c6f-86ba-df11c0e13cad/SCLAMP_EA_Questionaire/Short_rain_season/Aug_Sept_2020[2]/strategies_to_control_Striga_Aug_Sept_2020[1]
Overweeding_Frequent_Weeding,,High,uuid:c5042384-df41-497d-b113-6061d7c9dce1/SCLAMP_EA_Questionaire/Short_rain_season/Aug_Sept_2020[1],uuid:c5042384-df41-497d-b113-6061d7c9dce1/SCLAMP_EA_Questionaire/Short_rain_season/Aug_Sept_2020[1]/strategies_to_control_Striga_Aug_Sept_2020[1]
Overweeding_Frequent_Weeding,,Low,uuid:7606408a-7fff-4fca-a9da-6a5f16856ea9/SCLAMP_EA_Questionaire/Short_rain_season/Aug_Sept_2020[1],uuid:7606408a-7fff-4fca-a9da-6a5f16856ea9/SCLAMP_EA_Questionaire/Short_rain_season/Aug_Sept_2020[1]/strategies_to_control_Striga_Aug_Sept_2020[1]
Overweeding_Frequent_Weeding,,High,uuid:7606408a-7fff-4fca-a9da-6a5f16856ea9/SCLAMP_EA_Questionaire/Short_rain_season/Aug_Sept_2020[2],uuid:7606408a-7fff-4fca-a9da-6a5f16856ea9/SCLAMP_EA_Questionaire/Short_rain_season/Aug_Sept_2020[2]/strategies_to_control_Striga_Aug_Sept_2020[1]
Overweeding_Frequent_Weeding,,Low,uuid:b02b0755-fc25-4a93-8ab5-0680976567a1/SCLAMP_EA_Questionaire/Short_rain_season/Aug_Sept_2020[1],uuid:b02b0755-fc25-4a93-8ab5-0680976567a1/SCLAMP_EA_Questionaire/Short_rain_season/Aug_Sept_2020[1]/strategies_to_control_Striga_Aug_Sept_2020[1]
Overweeding_Frequent_Weeding,,Low,uuid:e1b876cd-fbb8-4c2f-aafa-ff24ba6340d4/SCLAMP_EA_Questionaire/Short_rain_season/Aug_Sept_2020[1],uuid:e1b876cd-fbb8-4c2f-aafa-ff24ba6340d4/SCLAMP_EA_Questionaire/Short_rain_season/Aug_Sept_2020[1]/strategies_to_control_Striga_Aug_Sept_2020[1]
Uprooting_Infested_Plant_And_Bu,,High,uuid:fc2c8191-ea53-4fcb-8b2a-7417de3dd844/SCLAMP_EA_Questionaire/Short_rain_season/Aug_Sept_2020[2],uuid:fc2c8191-ea53-4fcb-8b2a-7417de3dd844/SCLAMP_EA_Questionaire/Short_rain_season/Aug_Sept_2020[2]/strategies_to_control_Striga_Aug_Sept_2020[1]
Overweeding_Frequent_Weeding,,Low,uuid:399f5648-1717-4bd5-915d-d14945503c52/SCLAMP_EA_Questionaire/Short_rain_season/Aug_Sept_2020[1],uuid:399f5648-1717-4bd5-915d-d14945503c52/SCLAMP_EA_Questionaire/Short_rain_season/Aug_Sept_2020[1]/strategies_to_control_Striga_Aug_Sept_2020[1]
Uprooting_Infested_Plant_And_Bu,,Low,uuid:01385028-0559-4e7c-8fe3-75a26ca60907/SCLAMP_EA_Questionaire/Short_rain_season/Aug_Sept_2020[1],uuid:01385028-0559-4e7c-8fe3-75a26ca60907/SCLAMP_EA_Questionaire/Short_rain_season/Aug_Sept_2020[1]/strategies_to_control_Striga_Aug_Sept_2020[1]
Uprooting_Infested_Plant_And_Bu,,Low,uuid:01385028-0559-4e7c-8fe3-75a26ca60907/SCLAMP_EA_Questionaire/Short_rain_season/Aug_Sept_2020[2],uuid:01385028-0559-4e7c-8fe3-75a26ca60907/SCLAMP_EA_Questionaire/Short_rain_season/Aug_Sept_2020[2]/strategies_to_control_Striga_Aug_Sept_2020[1]
Overweeding_Frequent_Weeding,,Low,uuid:fbdd77d7-1f73-4f36-8298-92e97bef54e5/SCLAMP_EA_Questionaire/Short_rain_season/Aug_Sept_2020[1],uuid:fbdd77d7-1f73-4f36-8298-92e97bef54e5/SCLAMP_EA_Questionaire/Short_rain_season/Aug_Sept_2020[1]/strategies_to_control_Striga_Aug_Sept_2020[1]
Uprooting_Infested_Plant_And_Bu,,Medium,uuid:12608c54-abdb-442e-9874-f8a480f3554c/SCLAMP_EA_Questionaire/Short_rain_season/Aug_Sept_2020[1],uuid:12608c54-abdb-442e-9874-f8a480f3554c/SCLAMP_EA_Questionaire/Short_rain_season/Aug_Sept_2020[1]/strategies_to_control_Striga_Aug_Sept_2020[1]
Overweeding_Frequent_Weeding,,Medium,uuid:871c04d8-aeb3-4e6a-b3e0-cfde6dae3a8a/SCLAMP_EA_Questionaire/Short_rain_season/Aug_Sept_2020[1],uuid:871c04d8-aeb3-4e6a-b3e0-cfde6dae3a8a/SCLAMP_EA_Questionaire/Short_rain_season/Aug_Sept_2020[1]/strategies_to_control_Striga_Aug_Sept_2020[1]
Overweeding_Frequent_Weeding,,Low,uuid:1bf4e1f4-1c3b-47a4-9889-57aa54207e0e/SCLAMP_EA_Questionaire/Short_rain_season/Aug_Sept_2020[1],uuid:1bf4e1f4-1c3b-47a4-9889-57aa54207e0e/SCLAMP_EA_Questionaire/Short_rain_season/Aug_Sept_2020[1]/strategies_to_control_Striga_Aug_Sept_2020[1]
Overweeding_Frequent_Weeding,,Low,uuid:8f227f55-8816-4493-a646-57e0daf307e6/SCLAMP_EA_Questionaire/Short_rain_season/Aug_Sept_2020[1],uuid:8f227f55-8816-4493-a646-57e0daf307e6/SCLAMP_EA_Questionaire/Short_rain_season/Aug_Sept_2020[1]/strategies_to_control_Striga_Aug_Sept_2020[1]
Overweeding_Frequent_Weeding,,Low,uuid:8f227f55-8816-4493-a646-57e0daf307e6/SCLAMP_EA_Questionaire/Short_rain_season/Aug_Sept_2020[2],uuid:8f227f55-8816-4493-a646-57e0daf307e6/SCLAMP_EA_Questionaire/Short_rain_season/Aug_Sept_2020[2]/strategies_to_control_Striga_Aug_Sept_2020[1]
Overweeding_Frequent_Weeding,,Low,uuid:3e002f74-407c-4805-be85-dddc1b48217a/SCLAMP_EA_Questionaire/Short_rain_season/Aug_Sept_2020[1],uuid:3e002f74-407c-4805-be85-dddc1b48217a/SCLAMP_EA_Questionaire/Short_rain_season/Aug_Sept_2020[1]/strategies_to_control_Striga_Aug_Sept_2020[1]
Overweeding_Frequent_Weeding,,Medium,uuid:73223edc-2e98-4a5a-92a1-538259a03cb2/SCLAMP_EA_Questionaire/Short_rain_season/Aug_Sept_2020[1],uuid:73223edc-2e98-4a5a-92a1-538259a03cb2/SCLAMP_EA_Questionaire/Short_rain_season/Aug_Sept_2020[1]/strategies_to_control_Striga_Aug_Sept_2020[1]
Overweeding_Frequent_Weeding,,High,uuid:9ea35354-172a-4dff-b467-c2c1821ba56c/SCLAMP_EA_Questionaire/Short_rain_season/Aug_Sept_2020[1],uuid:9ea35354-172a-4dff-b467-c2c1821ba56c/SCLAMP_EA_Questionaire/Short_rain_season/Aug_Sept_2020[1]/strategies_to_control_Striga_Aug_Sept_2020[1]
Overweeding_Frequent_Weeding,,Low,uuid:0ad8722b-76ec-4b04-bb8d-72f96b744be2/SCLAMP_EA_Questionaire/Short_rain_season/Aug_Sept_2020[1],uuid:0ad8722b-76ec-4b04-bb8d-72f96b744be2/SCLAMP_EA_Questionaire/Short_rain_season/Aug_Sept_2020[1]/strategies_to_control_Striga_Aug_Sept_2020[1]
Overweeding_Frequent_Weeding,,Low,uuid:025731bf-12fb-4d84-ba4d-e2f7374f761d/SCLAMP_EA_Questionaire/Short_rain_season/Aug_Sept_2020[1],uuid:025731bf-12fb-4d84-ba4d-e2f7374f761d/SCLAMP_EA_Questionaire/Short_rain_season/Aug_Sept_2020[1]/strategies_to_control_Striga_Aug_Sept_2020[1]
Overweeding_Frequent_Weeding,,Low,uuid:025731bf-12fb-4d84-ba4d-e2f7374f761d/SCLAMP_EA_Questionaire/Short_rain_season/Aug_Sept_2020[2],uuid:025731bf-12fb-4d84-ba4d-e2f7374f761d/SCLAMP_EA_Questionaire/Short_rain_season/Aug_Sept_2020[2]/strategies_to_control_Striga_Aug_Sept_2020[1]
Overweeding_Frequent_Weeding,,Low,uuid:2db21b0b-5956-4426-afad-185484d5200b/SCLAMP_EA_Questionaire/Short_rain_season/Aug_Sept_2020[1],uuid:2db21b0b-5956-4426-afad-185484d5200b/SCLAMP_EA_Questionaire/Short_rain_season/Aug_Sept_2020[1]/strategies_to_control_Striga_Aug_Sept_2020[1]
Overweeding_Frequent_Weeding,,High,uuid:63282e91-cfb6-4913-9eaf-a904013b92da/SCLAMP_EA_Questionaire/Short_rain_season/Aug_Sept_2020[1],uuid:63282e91-cfb6-4913-9eaf-a904013b92da/SCLAMP_EA_Questionaire/Short_rain_season/Aug_Sept_2020[1]/strategies_to_control_Striga_Aug_Sept_2020[1]
Overweeding_Frequent_Weeding,,Medium,uuid:167ff4f1-1ba5-4c12-b5ae-c26e1a185bf5/SCLAMP_EA_Questionaire/Short_rain_season/Aug_Sept_2020[1],uuid:167ff4f1-1ba5-4c12-b5ae-c26e1a185bf5/SCLAMP_EA_Questionaire/Short_rain_season/Aug_Sept_2020[1]/strategies_to_control_Striga_Aug_Sept_2020[1]
Uprooting_Infested_Plant_And_Bu,,Medium,uuid:b75c2d33-8117-485c-8821-26b9c9dc3ec5/SCLAMP_EA_Questionaire/Short_rain_season/Aug_Sept_2020[1],uuid:b75c2d33-8117-485c-8821-26b9c9dc3ec5/SCLAMP_EA_Questionaire/Short_rain_season/Aug_Sept_2020[1]/strategies_to_control_Striga_Aug_Sept_2020[1]
Overweeding_Frequent_Weeding,,High,uuid:363b3b58-7fc0-4142-9cfd-fad5780c18e0/SCLAMP_EA_Questionaire/Short_rain_season/Aug_Sept_2020[1],uuid:363b3b58-7fc0-4142-9cfd-fad5780c18e0/SCLAMP_EA_Questionaire/Short_rain_season/Aug_Sept_2020[1]/strategies_to_control_Striga_Aug_Sept_2020[1]
Overweeding_Frequent_Weeding,,High,uuid:e16d958f-170c-4826-bc3d-59443bd7b2f7/SCLAMP_EA_Questionaire/Short_rain_season/Aug_Sept_2020[1],uuid:e16d958f-170c-4826-bc3d-59443bd7b2f7/SCLAMP_EA_Questionaire/Short_rain_season/Aug_Sept_2020[1]/strategies_to_control_Striga_Aug_Sept_2020[1]
Overweeding_Frequent_Weeding,,Medium,uuid:e16d958f-170c-4826-bc3d-59443bd7b2f7/SCLAMP_EA_Questionaire/Short_rain_season/Aug_Sept_2020[2],uuid:e16d958f-170c-4826-bc3d-59443bd7b2f7/SCLAMP_EA_Questionaire/Short_rain_season/Aug_Sept_2020[2]/strategies_to_control_Striga_Aug_Sept_2020[1]
Uprooting_Infested_Plant_And_Bu,,High,uuid:465409d0-9be8-46a9-9f70-854b46254cec/SCLAMP_EA_Questionaire/Short_rain_season/Aug_Sept_2020[1],uuid:465409d0-9be8-46a9-9f70-854b46254cec/SCLAMP_EA_Questionaire/Short_rain_season/Aug_Sept_2020[1]/strategies_to_control_Striga_Aug_Sept_2020[1]
Overweeding_Frequent_Weeding,,Medium,uuid:8ea0b9ce-9774-4909-b25c-6b5f0a5810c0/SCLAMP_EA_Questionaire/Short_rain_season/Aug_Sept_2020[1],uuid:8ea0b9ce-9774-4909-b25c-6b5f0a5810c0/SCLAMP_EA_Questionaire/Short_rain_season/Aug_Sept_2020[1]/strategies_to_control_Striga_Aug_Sept_2020[1]
Overweeding_Frequent_Weeding,,Medium,uuid:8ea0b9ce-9774-4909-b25c-6b5f0a5810c0/SCLAMP_EA_Questionaire/Short_rain_season/Aug_Sept_2020[3],uuid:8ea0b9ce-9774-4909-b25c-6b5f0a5810c0/SCLAMP_EA_Questionaire/Short_rain_season/Aug_Sept_2020[3]/strategies_to_control_Striga_Aug_Sept_2020[1]
Overweeding_Frequent_Weeding,,High,uuid:b3b082a5-59da-41cd-aea0-822da0d108ac/SCLAMP_EA_Questionaire/Short_rain_season/Aug_Sept_2020[1],uuid:b3b082a5-59da-41cd-aea0-822da0d108ac/SCLAMP_EA_Questionaire/Short_rain_season/Aug_Sept_2020[1]/strategies_to_control_Striga_Aug_Sept_2020[1]
Overweeding_Frequent_Weeding,,High,uuid:00c1f00d-1f57-4ceb-b8be-7c11ce98db62/SCLAMP_EA_Questionaire/Short_rain_season/Aug_Sept_2020[1],uuid:00c1f00d-1f57-4ceb-b8be-7c11ce98db62/SCLAMP_EA_Questionaire/Short_rain_season/Aug_Sept_2020[1]/strategies_to_control_Striga_Aug_Sept_2020[1]
Overweeding_Frequent_Weeding,,Medium,uuid:04b1de55-4612-4637-abe2-2f9a59ffd903/SCLAMP_EA_Questionaire/Short_rain_season/Aug_Sept_2020[1],uuid:04b1de55-4612-4637-abe2-2f9a59ffd903/SCLAMP_EA_Questionaire/Short_rain_season/Aug_Sept_2020[1]/strategies_to_control_Striga_Aug_Sept_2020[1]
Overweeding_Frequent_Weeding,,High,uuid:587c5dd5-2a7f-4847-83ea-68a4bb301056/SCLAMP_EA_Questionaire/Short_rain_season/Aug_Sept_2020[1],uuid:587c5dd5-2a7f-4847-83ea-68a4bb301056/SCLAMP_EA_Questionaire/Short_rain_season/Aug_Sept_2020[1]/strategies_to_control_Striga_Aug_Sept_2020[1]
Uprooting_Infested_Plant_And_Bu,,High,uuid:587c5dd5-2a7f-4847-83ea-68a4bb301056/SCLAMP_EA_Questionaire/Short_rain_season/Aug_Sept_2020[1],uuid:587c5dd5-2a7f-4847-83ea-68a4bb301056/SCLAMP_EA_Questionaire/Short_rain_season/Aug_Sept_2020[1]/strategies_to_control_Striga_Aug_Sept_2020[2]
Overweeding_Frequent_Weeding,,High,uuid:41eb5bc0-3d94-4b77-a13e-c419df021e79/SCLAMP_EA_Questionaire/Short_rain_season/Aug_Sept_2020[1],uuid:41eb5bc0-3d94-4b77-a13e-c419df021e79/SCLAMP_EA_Questionaire/Short_rain_season/Aug_Sept_2020[1]/strategies_to_control_Striga_Aug_Sept_2020[1]
Overweeding_Frequent_Weeding,,Medium,uuid:54729e38-076c-452b-9e7d-12d509dcf84b/SCLAMP_EA_Questionaire/Short_rain_season/Aug_Sept_2020[1],uuid:54729e38-076c-452b-9e7d-12d509dcf84b/SCLAMP_EA_Questionaire/Short_rain_season/Aug_Sept_2020[1]/strategies_to_control_Striga_Aug_Sept_2020[1]
Overweeding_Frequent_Weeding,,Medium,uuid:bd68435f-87fa-4ae4-867c-4d04276cc6c7/SCLAMP_EA_Questionaire/Short_rain_season/Aug_Sept_2020[1],uuid:bd68435f-87fa-4ae4-867c-4d04276cc6c7/SCLAMP_EA_Questionaire/Short_rain_season/Aug_Sept_2020[1]/strategies_to_control_Striga_Aug_Sept_2020[1]
Overweeding_Frequent_Weeding,,Medium,uuid:96d8d923-2fa6-45c7-ad34-daa5a92057c7/SCLAMP_EA_Questionaire/Short_rain_season/Aug_Sept_2020[1],uuid:96d8d923-2fa6-45c7-ad34-daa5a92057c7/SCLAMP_EA_Questionaire/Short_rain_season/Aug_Sept_2020[1]/strategies_to_control_Striga_Aug_Sept_2020[1]
Overweeding_Frequent_Weeding,,Medium,uuid:3cc2a0e0-7d55-455d-b46d-c3d5be5a7e73/SCLAMP_EA_Questionaire/Short_rain_season/Aug_Sept_2020[1],uuid:3cc2a0e0-7d55-455d-b46d-c3d5be5a7e73/SCLAMP_EA_Questionaire/Short_rain_season/Aug_Sept_2020[1]/strategies_to_control_Striga_Aug_Sept_2020[1]
Overweeding_Frequent_Weeding,,Low,uuid:423ef76e-4803-4832-af87-de38e6d97a0d/SCLAMP_EA_Questionaire/Short_rain_season/Aug_Sept_2020[1],uuid:423ef76e-4803-4832-af87-de38e6d97a0d/SCLAMP_EA_Questionaire/Short_rain_season/Aug_Sept_2020[1]/strategies_to_control_Striga_Aug_Sept_2020[1]
Overweeding_Frequent_Weeding,,Medium,uuid:3507a620-cdac-49db-b02a-badd0c7b399e/SCLAMP_EA_Questionaire/Short_rain_season/Aug_Sept_2020[1],uuid:3507a620-cdac-49db-b02a-badd0c7b399e/SCLAMP_EA_Questionaire/Short_rain_season/Aug_Sept_2020[1]/strategies_to_control_Striga_Aug_Sept_2020[1]
Overweeding_Frequent_Weeding,,High,uuid:a2aa4c0a-6cc2-43f7-972c-86f30290d013/SCLAMP_EA_Questionaire/Short_rain_season/Aug_Sept_2020[1],uuid:a2aa4c0a-6cc2-43f7-972c-86f30290d013/SCLAMP_EA_Questionaire/Short_rain_season/Aug_Sept_2020[1]/strategies_to_control_Striga_Aug_Sept_2020[1]
Overweeding_Frequent_Weeding,,Low,uuid:f799df60-6764-4553-b417-994da0ce80a0/SCLAMP_EA_Questionaire/Short_rain_season/Aug_Sept_2020[1],uuid:f799df60-6764-4553-b417-994da0ce80a0/SCLAMP_EA_Questionaire/Short_rain_season/Aug_Sept_2020[1]/strategies_to_control_Striga_Aug_Sept_2020[1]
Overweeding_Frequent_Weeding,,Low,uuid:f799df60-6764-4553-b417-994da0ce80a0/SCLAMP_EA_Questionaire/Short_rain_season/Aug_Sept_2020[2],uuid:f799df60-6764-4553-b417-994da0ce80a0/SCLAMP_EA_Questionaire/Short_rain_season/Aug_Sept_2020[2]/strategies_to_control_Striga_Aug_Sept_2020[1]
Not_Applicable,,Low,uuid:f799df60-6764-4553-b417-994da0ce80a0/SCLAMP_EA_Questionaire/Short_rain_season/Aug_Sept_2020[2],uuid:f799df60-6764-4553-b417-994da0ce80a0/SCLAMP_EA_Questionaire/Short_rain_season/Aug_Sept_2020[2]/strategies_to_control_Striga_Aug_Sept_2020[2]
Overweeding_Frequent_Weeding,,Low,uuid:c7297361-85cf-4cf4-8416-344899beca71/SCLAMP_EA_Questionaire/Short_rain_season/Aug_Sept_2020[1],uuid:c7297361-85cf-4cf4-8416-344899beca71/SCLAMP_EA_Questionaire/Short_rain_season/Aug_Sept_2020[1]/strategies_to_control_Striga_Aug_Sept_2020[1]
Uprooting_Infested_Plant_And_Bu,,High,uuid:3806c404-49ee-4ea5-af32-6838eed8c5ea/SCLAMP_EA_Questionaire/Short_rain_season/Aug_Sept_2020[1],uuid:3806c404-49ee-4ea5-af32-6838eed8c5ea/SCLAMP_EA_Questionaire/Short_rain_season/Aug_Sept_2020[1]/strategies_to_control_Striga_Aug_Sept_2020[1]
Overweeding_Frequent_Weeding,,High,uuid:56d72e10-506c-4f35-9041-15c8b1bc1d7b/SCLAMP_EA_Questionaire/Short_rain_season/Aug_Sept_2020[1],uuid:56d72e10-506c-4f35-9041-15c8b1bc1d7b/SCLAMP_EA_Questionaire/Short_rain_season/Aug_Sept_2020[1]/strategies_to_control_Striga_Aug_Sept_2020[1]
Overweeding_Frequent_Weeding,,Low,uuid:8ea3c974-2773-4887-b876-67a06afe9ad0/SCLAMP_EA_Questionaire/Short_rain_season/Aug_Sept_2020[1],uuid:8ea3c974-2773-4887-b876-67a06afe9ad0/SCLAMP_EA_Questionaire/Short_rain_season/Aug_Sept_2020[1]/strategies_to_control_Striga_Aug_Sept_2020[1]
Manure_Application,,Medium,uuid:b76607e5-167a-4bc2-b162-c92fbd835b73/SCLAMP_EA_Questionaire/Short_rain_season/Aug_Sept_2020[1],uuid:b76607e5-167a-4bc2-b162-c92fbd835b73/SCLAMP_EA_Questionaire/Short_rain_season/Aug_Sept_2020[1]/strategies_to_control_Striga_Aug_Sept_2020[1]
Overweeding_Frequent_Weeding,,Medium,uuid:e98894f1-3d48-4609-9099-c1dab11f0729/SCLAMP_EA_Questionaire/Short_rain_season/Aug_Sept_2020[1],uuid:e98894f1-3d48-4609-9099-c1dab11f0729/SCLAMP_EA_Questionaire/Short_rain_season/Aug_Sept_2020[1]/strategies_to_control_Striga_Aug_Sept_2020[1]
Manure_Application,,Medium,uuid:e98894f1-3d48-4609-9099-c1dab11f0729/SCLAMP_EA_Questionaire/Short_rain_season/Aug_Sept_2020[1],uuid:e98894f1-3d48-4609-9099-c1dab11f0729/SCLAMP_EA_Questionaire/Short_rain_season/Aug_Sept_2020[1]/strategies_to_control_Striga_Aug_Sept_2020[2]
Early_Planting,,Low,uuid:fc736717-778a-49ba-8585-51c9aa4f6e6b/SCLAMP_EA_Questionaire/Short_rain_season/Aug_Sept_2020[1],uuid:fc736717-778a-49ba-8585-51c9aa4f6e6b/SCLAMP_EA_Questionaire/Short_rain_season/Aug_Sept_2020[1]/strategies_to_control_Striga_Aug_Sept_2020[1]
Overweeding_Frequent_Weeding,,High,uuid:c2b9c147-bc78-407a-a3ec-9f8a53778b15/SCLAMP_EA_Questionaire/Short_rain_season/Aug_Sept_2020[1],uuid:c2b9c147-bc78-407a-a3ec-9f8a53778b15/SCLAMP_EA_Questionaire/Short_rain_season/Aug_Sept_2020[1]/strategies_to_control_Striga_Aug_Sept_2020[1]
Overweeding_Frequent_Weeding,,High,uuid:6ecfec1c-6701-43f4-b761-4edb796ef73d/SCLAMP_EA_Questionaire/Short_rain_season/Aug_Sept_2020[1],uuid:6ecfec1c-6701-43f4-b761-4edb796ef73d/SCLAMP_EA_Questionaire/Short_rain_season/Aug_Sept_2020[1]/strategies_to_control_Striga_Aug_Sept_2020[1]
Overweeding_Frequent_Weeding,,Low,uuid:6a744ca6-83d9-4df7-91f9-77f28ec4a1b0/SCLAMP_EA_Questionaire/Short_rain_season/Aug_Sept_2020[2],uuid:6a744ca6-83d9-4df7-91f9-77f28ec4a1b0/SCLAMP_EA_Questionaire/Short_rain_season/Aug_Sept_2020[2]/strategies_to_control_Striga_Aug_Sept_2020[1]
Overweeding_Frequent_Weeding,,Medium,uuid:ef1a949c-e26b-47c8-bc1d-d643d28a0aed/SCLAMP_EA_Questionaire/Short_rain_season/Aug_Sept_2020[1],uuid:ef1a949c-e26b-47c8-bc1d-d643d28a0aed/SCLAMP_EA_Questionaire/Short_rain_season/Aug_Sept_2020[1]/strategies_to_control_Striga_Aug_Sept_2020[1]
Improved_Varieties,,Medium,uuid:ef1a949c-e26b-47c8-bc1d-d643d28a0aed/SCLAMP_EA_Questionaire/Short_rain_season/Aug_Sept_2020[1],uuid:ef1a949c-e26b-47c8-bc1d-d643d28a0aed/SCLAMP_EA_Questionaire/Short_rain_season/Aug_Sept_2020[1]/strategies_to_control_Striga_Aug_Sept_2020[2]
Intercropping_With_Legumes,,Low,uuid:ef1a949c-e26b-47c8-bc1d-d643d28a0aed/SCLAMP_EA_Questionaire/Short_rain_season/Aug_Sept_2020[1],uuid:ef1a949c-e26b-47c8-bc1d-d643d28a0aed/SCLAMP_EA_Questionaire/Short_rain_season/Aug_Sept_2020[1]/strategies_to_control_Striga_Aug_Sept_2020[3]
Ash_pepper,,Low,uuid:fb85054d-4557-4ea7-869b-0543a84c544d/SCLAMP_EA_Questionaire/Short_rain_season/Aug_Sept_2020[2],uuid:fb85054d-4557-4ea7-869b-0543a84c544d/SCLAMP_EA_Questionaire/Short_rain_season/Aug_Sept_2020[2]/strategies_to_control_Striga_Aug_Sept_2020[1]
Intercropping_With_Legumes,,Medium,uuid:fb85054d-4557-4ea7-869b-0543a84c544d/SCLAMP_EA_Questionaire/Short_rain_season/Aug_Sept_2020[2],uuid:fb85054d-4557-4ea7-869b-0543a84c544d/SCLAMP_EA_Questionaire/Short_rain_season/Aug_Sept_2020[2]/strategies_to_control_Striga_Aug_Sept_2020[2]
Push_pull_Technology,,Medium,uuid:a2ae917f-d30a-49e3-9585-6412e77d8609/SCLAMP_EA_Questionaire/Short_rain_season/Aug_Sept_2020[3],uuid:a2ae917f-d30a-49e3-9585-6412e77d8609/SCLAMP_EA_Questionaire/Short_rain_season/Aug_Sept_2020[3]/strategies_to_control_Striga_Aug_Sept_2020[1]
Overweeding_Frequent_Weeding,,Medium,uuid:a2ae917f-d30a-49e3-9585-6412e77d8609/SCLAMP_EA_Questionaire/Short_rain_season/Aug_Sept_2020[3],uuid:a2ae917f-d30a-49e3-9585-6412e77d8609/SCLAMP_EA_Questionaire/Short_rain_season/Aug_Sept_2020[3]/strategies_to_control_Striga_Aug_Sept_2020[2]
Overweeding_Frequent_Weeding,,Medium,uuid:e3ac3722-0ecf-402c-a02f-774b1837d753/SCLAMP_EA_Questionaire/Short_rain_season/Aug_Sept_2020[2],uuid:e3ac3722-0ecf-402c-a02f-774b1837d753/SCLAMP_EA_Questionaire/Short_rain_season/Aug_Sept_2020[2]/strategies_to_control_Striga_Aug_Sept_2020[1]
Overweeding_Frequent_Weeding,,Medium,uuid:e3ac3722-0ecf-402c-a02f-774b1837d753/SCLAMP_EA_Questionaire/Short_rain_season/Aug_Sept_2020[3],uuid:e3ac3722-0ecf-402c-a02f-774b1837d753/SCLAMP_EA_Questionaire/Short_rain_season/Aug_Sept_2020[3]/strategies_to_control_Striga_Aug_Sept_2020[1]
Overweeding_Frequent_Weeding,,Medium,uuid:3e23f659-08b9-487b-8ccd-12c90ba9dfe5/SCLAMP_EA_Questionaire/Short_rain_season/Aug_Sept_2020[1],uuid:3e23f659-08b9-487b-8ccd-12c90ba9dfe5/SCLAMP_EA_Questionaire/Short_rain_season/Aug_Sept_2020[1]/strategies_to_control_Striga_Aug_Sept_2020[1]
Overweeding_Frequent_Weeding,,High,uuid:64901c90-40ca-4005-afec-9d419590afe7/SCLAMP_EA_Questionaire/Short_rain_season/Aug_Sept_2020[1],uuid:64901c90-40ca-4005-afec-9d419590afe7/SCLAMP_EA_Questionaire/Short_rain_season/Aug_Sept_2020[1]/strategies_to_control_Striga_Aug_Sept_2020[1]
Overweeding_Frequent_Weeding,,High,uuid:28393575-bf0e-485c-adf4-bf64623190eb/SCLAMP_EA_Questionaire/Short_rain_season/Aug_Sept_2020[1],uuid:28393575-bf0e-485c-adf4-bf64623190eb/SCLAMP_EA_Questionaire/Short_rain_season/Aug_Sept_2020[1]/strategies_to_control_Striga_Aug_Sept_2020[1]
Uprooting_Infested_Plant_And_Bu,,Low,uuid:28393575-bf0e-485c-adf4-bf64623190eb/SCLAMP_EA_Questionaire/Short_rain_season/Aug_Sept_2020[1],uuid:28393575-bf0e-485c-adf4-bf64623190eb/SCLAMP_EA_Questionaire/Short_rain_season/Aug_Sept_2020[1]/strategies_to_control_Striga_Aug_Sept_2020[2]
Overweeding_Frequent_Weeding,,Low,uuid:142c0d75-4831-4a26-9d37-21ac828565c4/SCLAMP_EA_Questionaire/Short_rain_season/Aug_Sept_2020[1],uuid:142c0d75-4831-4a26-9d37-21ac828565c4/SCLAMP_EA_Questionaire/Short_rain_season/Aug_Sept_2020[1]/strategies_to_control_Striga_Aug_Sept_2020[1]
Overweeding_Frequent_Weeding,,Low,uuid:41726afc-6d56-4cff-a79a-fc1586ae2342/SCLAMP_EA_Questionaire/Short_rain_season/Aug_Sept_2020[1],uuid:41726afc-6d56-4cff-a79a-fc1586ae2342/SCLAMP_EA_Questionaire/Short_rain_season/Aug_Sept_2020[1]/strategies_to_control_Striga_Aug_Sept_2020[1]
Uprooting_Infested_Plant_And_Bu,,Low,uuid:41726afc-6d56-4cff-a79a-fc1586ae2342/SCLAMP_EA_Questionaire/Short_rain_season/Aug_Sept_2020[1],uuid:41726afc-6d56-4cff-a79a-fc1586ae2342/SCLAMP_EA_Questionaire/Short_rain_season/Aug_Sept_2020[1]/strategies_to_control_Striga_Aug_Sept_2020[2]
Overweeding_Frequent_Weeding,,Low,uuid:41726afc-6d56-4cff-a79a-fc1586ae2342/SCLAMP_EA_Questionaire/Short_rain_season/Aug_Sept_2020[2],uuid:41726afc-6d56-4cff-a79a-fc1586ae2342/SCLAMP_EA_Questionaire/Short_rain_season/Aug_Sept_2020[2]/strategies_to_control_Striga_Aug_Sept_2020[1]
Uprooting_Infested_Plant_And_Bu,,Low,uuid:41726afc-6d56-4cff-a79a-fc1586ae2342/SCLAMP_EA_Questionaire/Short_rain_season/Aug_Sept_2020[2],uuid:41726afc-6d56-4cff-a79a-fc1586ae2342/SCLAMP_EA_Questionaire/Short_rain_season/Aug_Sept_2020[2]/strategies_to_control_Striga_Aug_Sept_2020[2]
Uprooting_Infested_Plant_And_Bu,,Medium,uuid:41726afc-6d56-4cff-a79a-fc1586ae2342/SCLAMP_EA_Questionaire/Short_rain_season/Aug_Sept_2020[3],uuid:41726afc-6d56-4cff-a79a-fc1586ae2342/SCLAMP_EA_Questionaire/Short_rain_season/Aug_Sept_2020[3]/strategies_to_control_Striga_Aug_Sept_2020[1]
Overweeding_Frequent_Weeding,,Medium,uuid:41726afc-6d56-4cff-a79a-fc1586ae2342/SCLAMP_EA_Questionaire/Short_rain_season/Aug_Sept_2020[3],uuid:41726afc-6d56-4cff-a79a-fc1586ae2342/SCLAMP_EA_Questionaire/Short_rain_season/Aug_Sept_2020[3]/strategies_to_control_Striga_Aug_Sept_2020[2]
Push_pull_Technology,,High,uuid:2106354c-c65e-4d7a-a6e7-086e8066fde2/SCLAMP_EA_Questionaire/Short_rain_season/Aug_Sept_2020[3],uuid:2106354c-c65e-4d7a-a6e7-086e8066fde2/SCLAMP_EA_Questionaire/Short_rain_season/Aug_Sept_2020[3]/strategies_to_control_Striga_Aug_Sept_2020[1]
Early_Planting,,Medium,uuid:a0057bf5-96e7-449a-8f49-a7c5d882f4e0/SCLAMP_EA_Questionaire/Short_rain_season/Aug_Sept_2020[1],uuid:a0057bf5-96e7-449a-8f49-a7c5d882f4e0/SCLAMP_EA_Questionaire/Short_rain_season/Aug_Sept_2020[1]/strategies_to_control_Striga_Aug_Sept_2020[1]
Early_Planting,,Medium,uuid:a0057bf5-96e7-449a-8f49-a7c5d882f4e0/SCLAMP_EA_Questionaire/Short_rain_season/Aug_Sept_2020[2],uuid:a0057bf5-96e7-449a-8f49-a7c5d882f4e0/SCLAMP_EA_Questionaire/Short_rain_season/Aug_Sept_2020[2]/strategies_to_control_Striga_Aug_Sept_2020[1]
Uprooting_Infested_Plant_And_Bu,,Medium,uuid:a0057bf5-96e7-449a-8f49-a7c5d882f4e0/SCLAMP_EA_Questionaire/Short_rain_season/Aug_Sept_2020[2],uuid:a0057bf5-96e7-449a-8f49-a7c5d882f4e0/SCLAMP_EA_Questionaire/Short_rain_season/Aug_Sept_2020[2]/strategies_to_control_Striga_Aug_Sept_2020[2]
Overweeding_Frequent_Weeding,,Low,uuid:5ca9fb80-aad8-4737-9cc7-e34c5fe336a7/SCLAMP_EA_Questionaire/Short_rain_season/Aug_Sept_2020[1],uuid:5ca9fb80-aad8-4737-9cc7-e34c5fe336a7/SCLAMP_EA_Questionaire/Short_rain_season/Aug_Sept_2020[1]/strategies_to_control_Striga_Aug_Sept_2020[1]
Overweeding_Frequent_Weeding,,Low,uuid:5ca9fb80-aad8-4737-9cc7-e34c5fe336a7/SCLAMP_EA_Questionaire/Short_rain_season/Aug_Sept_2020[4],uuid:5ca9fb80-aad8-4737-9cc7-e34c5fe336a7/SCLAMP_EA_Questionaire/Short_rain_season/Aug_Sept_2020[4]/strategies_to_control_Striga_Aug_Sept_2020[1]
Overweeding_Frequent_Weeding,,Medium,uuid:f376dee1-79eb-4178-af15-fb8a0a7ebd33/SCLAMP_EA_Questionaire/Short_rain_season/Aug_Sept_2020[1],uuid:f376dee1-79eb-4178-af15-fb8a0a7ebd33/SCLAMP_EA_Questionaire/Short_rain_season/Aug_Sept_2020[1]/strategies_to_control_Striga_Aug_Sept_2020[1]
Manure_Application,,Medium,uuid:f376dee1-79eb-4178-af15-fb8a0a7ebd33/SCLAMP_EA_Questionaire/Short_rain_season/Aug_Sept_2020[1],uuid:f376dee1-79eb-4178-af15-fb8a0a7ebd33/SCLAMP_EA_Questionaire/Short_rain_season/Aug_Sept_2020[1]/strategies_to_control_Striga_Aug_Sept_2020[2]
Improved_Varieties,,Medium,uuid:f376dee1-79eb-4178-af15-fb8a0a7ebd33/SCLAMP_EA_Questionaire/Short_rain_season/Aug_Sept_2020[1],uuid:f376dee1-79eb-4178-af15-fb8a0a7ebd33/SCLAMP_EA_Questionaire/Short_rain_season/Aug_Sept_2020[1]/strategies_to_control_Striga_Aug_Sept_2020[3]
Crop_Rotation,,Medium,uuid:f376dee1-79eb-4178-af15-fb8a0a7ebd33/SCLAMP_EA_Questionaire/Short_rain_season/Aug_Sept_2020[2],uuid:f376dee1-79eb-4178-af15-fb8a0a7ebd33/SCLAMP_EA_Questionaire/Short_rain_season/Aug_Sept_2020[2]/strategies_to_control_Striga_Aug_Sept_2020[1]
Manure_Application,,Medium,uuid:f376dee1-79eb-4178-af15-fb8a0a7ebd33/SCLAMP_EA_Questionaire/Short_rain_season/Aug_Sept_2020[2],uuid:f376dee1-79eb-4178-af15-fb8a0a7ebd33/SCLAMP_EA_Questionaire/Short_rain_season/Aug_Sept_2020[2]/strategies_to_control_Striga_Aug_Sept_2020[2]
Overweeding_Frequent_Weeding,,High,uuid:f376dee1-79eb-4178-af15-fb8a0a7ebd33/SCLAMP_EA_Questionaire/Short_rain_season/Aug_Sept_2020[2],uuid:f376dee1-79eb-4178-af15-fb8a0a7ebd33/SCLAMP_EA_Questionaire/Short_rain_season/Aug_Sept_2020[2]/strategies_to_control_Striga_Aug_Sept_2020[3]
Overweeding_Frequent_Weeding,,Medium,uuid:a0c7510f-9ef5-44a3-a1ea-c9273abeb5dd/SCLAMP_EA_Questionaire/Short_rain_season/Aug_Sept_2020[1],uuid:a0c7510f-9ef5-44a3-a1ea-c9273abeb5dd/SCLAMP_EA_Questionaire/Short_rain_season/Aug_Sept_2020[1]/strategies_to_control_Striga_Aug_Sept_2020[1]
Overweeding_Frequent_Weeding,,Low,uuid:2f9a95c9-ab41-4177-ac88-693057a73a4b/SCLAMP_EA_Questionaire/Short_rain_season/Aug_Sept_2020[1],uuid:2f9a95c9-ab41-4177-ac88-693057a73a4b/SCLAMP_EA_Questionaire/Short_rain_season/Aug_Sept_2020[1]/strategies_to_control_Striga_Aug_Sept_2020[1]
Overweeding_Frequent_Weeding,,Low,uuid:2f9a95c9-ab41-4177-ac88-693057a73a4b/SCLAMP_EA_Questionaire/Short_rain_season/Aug_Sept_2020[2],uuid:2f9a95c9-ab41-4177-ac88-693057a73a4b/SCLAMP_EA_Questionaire/Short_rain_season/Aug_Sept_2020[2]/strategies_to_control_Striga_Aug_Sept_2020[1]
Overweeding_Frequent_Weeding,,High,uuid:cb5db43d-0b1c-4a1a-a495-5b13836c53f4/SCLAMP_EA_Questionaire/Short_rain_season/Aug_Sept_2020[1],uuid:cb5db43d-0b1c-4a1a-a495-5b13836c53f4/SCLAMP_EA_Questionaire/Short_rain_season/Aug_Sept_2020[1]/strategies_to_control_Striga_Aug_Sept_2020[1]
Overweeding_Frequent_Weeding,,Low,uuid:28b02719-2f65-4dd7-a437-fbc63fe972e6/SCLAMP_EA_Questionaire/Short_rain_season/Aug_Sept_2020[1],uuid:28b02719-2f65-4dd7-a437-fbc63fe972e6/SCLAMP_EA_Questionaire/Short_rain_season/Aug_Sept_2020[1]/strategies_to_control_Striga_Aug_Sept_2020[1]
Overweeding_Frequent_Weeding,,High,uuid:9ffc3094-6b94-4312-84ba-87d886d0b382/SCLAMP_EA_Questionaire/Short_rain_season/Aug_Sept_2020[1],uuid:9ffc3094-6b94-4312-84ba-87d886d0b382/SCLAMP_EA_Questionaire/Short_rain_season/Aug_Sept_2020[1]/strategies_to_control_Striga_Aug_Sept_2020[1]
Overweeding_Frequent_Weeding,,Low,uuid:c22c613d-f39c-4f02-a6da-bdca53917c53/SCLAMP_EA_Questionaire/Short_rain_season/Aug_Sept_2020[1],uuid:c22c613d-f39c-4f02-a6da-bdca53917c53/SCLAMP_EA_Questionaire/Short_rain_season/Aug_Sept_2020[1]/strategies_to_control_Striga_Aug_Sept_2020[1]
Overweeding_Frequent_Weeding,,High,uuid:dac10073-eb7a-4da7-9917-fce56cd07462/SCLAMP_EA_Questionaire/Short_rain_season/Aug_Sept_2020[1],uuid:dac10073-eb7a-4da7-9917-fce56cd07462/SCLAMP_EA_Questionaire/Short_rain_season/Aug_Sept_2020[1]/strategies_to_control_Striga_Aug_Sept_2020[1]
Overweeding_Frequent_Weeding,,High,uuid:dac10073-eb7a-4da7-9917-fce56cd07462/SCLAMP_EA_Questionaire/Short_rain_season/Aug_Sept_2020[2],uuid:dac10073-eb7a-4da7-9917-fce56cd07462/SCLAMP_EA_Questionaire/Short_rain_season/Aug_Sept_2020[2]/strategies_to_control_Striga_Aug_Sept_2020[1]
Overweeding_Frequent_Weeding,,Medium,uuid:0f79ab75-ab9d-4266-90e0-0c9746411ce8/SCLAMP_EA_Questionaire/Short_rain_season/Aug_Sept_2020[1],uuid:0f79ab75-ab9d-4266-90e0-0c9746411ce8/SCLAMP_EA_Questionaire/Short_rain_season/Aug_Sept_2020[1]/strategies_to_control_Striga_Aug_Sept_2020[1]
Early_Planting,,Medium,uuid:0f79ab75-ab9d-4266-90e0-0c9746411ce8/SCLAMP_EA_Questionaire/Short_rain_season/Aug_Sept_2020[1],uuid:0f79ab75-ab9d-4266-90e0-0c9746411ce8/SCLAMP_EA_Questionaire/Short_rain_season/Aug_Sept_2020[1]/strategies_to_control_Striga_Aug_Sept_2020[2]
Uprooting_Infested_Plant_And_Bu,,Low,uuid:c49e80d4-dbaf-47fa-b8be-3a8024e0f5a3/SCLAMP_EA_Questionaire/Short_rain_season/Aug_Sept_2020[1],uuid:c49e80d4-dbaf-47fa-b8be-3a8024e0f5a3/SCLAMP_EA_Questionaire/Short_rain_season/Aug_Sept_2020[1]/strategies_to_control_Striga_Aug_Sept_2020[1]
Overweeding_Frequent_Weeding,,High,uuid:a51e93fb-f944-46a6-aeb6-05650558eaae/SCLAMP_EA_Questionaire/Short_rain_season/Aug_Sept_2020[1],uuid:a51e93fb-f944-46a6-aeb6-05650558eaae/SCLAMP_EA_Questionaire/Short_rain_season/Aug_Sept_2020[1]/strategies_to_control_Striga_Aug_Sept_2020[1]
Overweeding_Frequent_Weeding,,Medium,uuid:0c9cb42b-1256-4d13-b033-d1a66feeec8c/SCLAMP_EA_Questionaire/Short_rain_season/Aug_Sept_2020[1],uuid:0c9cb42b-1256-4d13-b033-d1a66feeec8c/SCLAMP_EA_Questionaire/Short_rain_season/Aug_Sept_2020[1]/strategies_to_control_Striga_Aug_Sept_2020[1]
Overweeding_Frequent_Weeding,,High,uuid:6283e625-98f2-45e6-a7e8-764b970aa1ec/SCLAMP_EA_Questionaire/Short_rain_season/Aug_Sept_2020[1],uuid:6283e625-98f2-45e6-a7e8-764b970aa1ec/SCLAMP_EA_Questionaire/Short_rain_season/Aug_Sept_2020[1]/strategies_to_control_Striga_Aug_Sept_2020[1]
Overweeding_Frequent_Weeding,,Medium,uuid:a4e45acb-0979-4c25-8827-98d123954071/SCLAMP_EA_Questionaire/Short_rain_season/Aug_Sept_2020[1],uuid:a4e45acb-0979-4c25-8827-98d123954071/SCLAMP_EA_Questionaire/Short_rain_season/Aug_Sept_2020[1]/strategies_to_control_Striga_Aug_Sept_2020[1]
Overweeding_Frequent_Weeding,,Medium,uuid:6ffe94e2-0cba-466e-b903-4a85a84ef064/SCLAMP_EA_Questionaire/Short_rain_season/Aug_Sept_2020[1],uuid:6ffe94e2-0cba-466e-b903-4a85a84ef064/SCLAMP_EA_Questionaire/Short_rain_season/Aug_Sept_2020[1]/strategies_to_control_Striga_Aug_Sept_2020[1]
Push_pull_Technology,,High,uuid:472975f4-4795-4eea-a6b4-4e9781e3be1d/SCLAMP_EA_Questionaire/Short_rain_season/Aug_Sept_2020[1],uuid:472975f4-4795-4eea-a6b4-4e9781e3be1d/SCLAMP_EA_Questionaire/Short_rain_season/Aug_Sept_2020[1]/strategies_to_control_Striga_Aug_Sept_2020[1]
Not_Applicable,,Low,uuid:9390008a-a015-4d66-9be8-dfec73c7cc0c/SCLAMP_EA_Questionaire/Short_rain_season/Aug_Sept_2020[1],uuid:9390008a-a015-4d66-9be8-dfec73c7cc0c/SCLAMP_EA_Questionaire/Short_rain_season/Aug_Sept_2020[1]/strategies_to_control_Striga_Aug_Sept_2020[1]
Manure_Application,,Medium,uuid:6eee0e24-ef75-4faa-8514-9b3083e5460b/SCLAMP_EA_Questionaire/Short_rain_season/Aug_Sept_2020[1],uuid:6eee0e24-ef75-4faa-8514-9b3083e5460b/SCLAMP_EA_Questionaire/Short_rain_season/Aug_Sept_2020[1]/strategies_to_control_Striga_Aug_Sept_2020[1]
Overweeding_Frequent_Weeding,,Medium,uuid:2851c99b-41cd-4eb7-8d1c-fcf163eea943/SCLAMP_EA_Questionaire/Short_rain_season/Aug_Sept_2020[1],uuid:2851c99b-41cd-4eb7-8d1c-fcf163eea943/SCLAMP_EA_Questionaire/Short_rain_season/Aug_Sept_2020[1]/strategies_to_control_Striga_Aug_Sept_2020[1]
Overweeding_Frequent_Weeding,,High,uuid:c6d0943a-3436-405c-8962-287e761a465d/SCLAMP_EA_Questionaire/Short_rain_season/Aug_Sept_2020[1],uuid:c6d0943a-3436-405c-8962-287e761a465d/SCLAMP_EA_Questionaire/Short_rain_season/Aug_Sept_2020[1]/strategies_to_control_Striga_Aug_Sept_2020[1]
Overweeding_Frequent_Weeding,,Medium,uuid:c6d0943a-3436-405c-8962-287e761a465d/SCLAMP_EA_Questionaire/Short_rain_season/Aug_Sept_2020[2],uuid:c6d0943a-3436-405c-8962-287e761a465d/SCLAMP_EA_Questionaire/Short_rain_season/Aug_Sept_2020[2]/strategies_to_control_Striga_Aug_Sept_2020[1]
Overweeding_Frequent_Weeding,,High,uuid:1f60651e-482c-4625-b75b-07d3cac794d8/SCLAMP_EA_Questionaire/Short_rain_season/Aug_Sept_2020[1],uuid:1f60651e-482c-4625-b75b-07d3cac794d8/SCLAMP_EA_Questionaire/Short_rain_season/Aug_Sept_2020[1]/strategies_to_control_Striga_Aug_Sept_2020[1]
Overweeding_Frequent_Weeding,,Medium,uuid:896e6cc5-a3bd-4e86-8834-b65a68bd8240/SCLAMP_EA_Questionaire/Short_rain_season/Aug_Sept_2020[1],uuid:896e6cc5-a3bd-4e86-8834-b65a68bd8240/SCLAMP_EA_Questionaire/Short_rain_season/Aug_Sept_2020[1]/strategies_to_control_Striga_Aug_Sept_2020[1]
Intercropping_With_Legumes,,Low,uuid:896e6cc5-a3bd-4e86-8834-b65a68bd8240/SCLAMP_EA_Questionaire/Short_rain_season/Aug_Sept_2020[2],uuid:896e6cc5-a3bd-4e86-8834-b65a68bd8240/SCLAMP_EA_Questionaire/Short_rain_season/Aug_Sept_2020[2]/strategies_to_control_Striga_Aug_Sept_2020[1]
Overweeding_Frequent_Weeding,,Medium,uuid:896e6cc5-a3bd-4e86-8834-b65a68bd8240/SCLAMP_EA_Questionaire/Short_rain_season/Aug_Sept_2020[2],uuid:896e6cc5-a3bd-4e86-8834-b65a68bd8240/SCLAMP_EA_Questionaire/Short_rain_season/Aug_Sept_2020[2]/strategies_to_control_Striga_Aug_Sept_2020[2]
Manure_Application,,Low,uuid:896e6cc5-a3bd-4e86-8834-b65a68bd8240/SCLAMP_EA_Questionaire/Short_rain_season/Aug_Sept_2020[2],uuid:896e6cc5-a3bd-4e86-8834-b65a68bd8240/SCLAMP_EA_Questionaire/Short_rain_season/Aug_Sept_2020[2]/strategies_to_control_Striga_Aug_Sept_2020[3]
Overweeding_Frequent_Weeding,,Low,uuid:3119d7fe-94e1-46fc-80c8-86662bf11b03/SCLAMP_EA_Questionaire/Short_rain_season/Aug_Sept_2020[1],uuid:3119d7fe-94e1-46fc-80c8-86662bf11b03/SCLAMP_EA_Questionaire/Short_rain_season/Aug_Sept_2020[1]/strategies_to_control_Striga_Aug_Sept_2020[1]
Overweeding_Frequent_Weeding,,Low,uuid:14d6b913-d38f-45f7-8870-d404d73dbba0/SCLAMP_EA_Questionaire/Short_rain_season/Aug_Sept_2020[1],uuid:14d6b913-d38f-45f7-8870-d404d73dbba0/SCLAMP_EA_Questionaire/Short_rain_season/Aug_Sept_2020[1]/strategies_to_control_Striga_Aug_Sept_2020[1]
Overweeding_Frequent_Weeding,,Medium,uuid:6b6f1e90-072e-4c89-a47f-ded25ce395af/SCLAMP_EA_Questionaire/Short_rain_season/Aug_Sept_2020[1],uuid:6b6f1e90-072e-4c89-a47f-ded25ce395af/SCLAMP_EA_Questionaire/Short_rain_season/Aug_Sept_2020[1]/strategies_to_control_Striga_Aug_Sept_2020[1]
Early_Planting,,Low,uuid:6b6f1e90-072e-4c89-a47f-ded25ce395af/SCLAMP_EA_Questionaire/Short_rain_season/Aug_Sept_2020[1],uuid:6b6f1e90-072e-4c89-a47f-ded25ce395af/SCLAMP_EA_Questionaire/Short_rain_season/Aug_Sept_2020[1]/strategies_to_control_Striga_Aug_Sept_2020[2]
Overweeding_Frequent_Weeding,,Low,uuid:ba8e2c8c-cfc2-4fa1-aafd-478a82d8fe59/SCLAMP_EA_Questionaire/Short_rain_season/Aug_Sept_2020[1],uuid:ba8e2c8c-cfc2-4fa1-aafd-478a82d8fe59/SCLAMP_EA_Questionaire/Short_rain_season/Aug_Sept_2020[1]/strategies_to_control_Striga_Aug_Sept_2020[1]
Uprooting_Infested_Plant_And_Bu,,High,uuid:a51b1120-ec78-4e07-9f86-71a8420c5feb/SCLAMP_EA_Questionaire/Short_rain_season/Aug_Sept_2020[1],uuid:a51b1120-ec78-4e07-9f86-71a8420c5feb/SCLAMP_EA_Questionaire/Short_rain_season/Aug_Sept_2020[1]/strategies_to_control_Striga_Aug_Sept_2020[1]
Overweeding_Frequent_Weeding,,High,uuid:a51b1120-ec78-4e07-9f86-71a8420c5feb/SCLAMP_EA_Questionaire/Short_rain_season/Aug_Sept_2020[1],uuid:a51b1120-ec78-4e07-9f86-71a8420c5feb/SCLAMP_EA_Questionaire/Short_rain_season/Aug_Sept_2020[1]/strategies_to_control_Striga_Aug_Sept_2020[2]
Overweeding_Frequent_Weeding,,Low,uuid:de15c0ff-8439-45bc-ad13-7940e2cd46ff/SCLAMP_EA_Questionaire/Short_rain_season/Aug_Sept_2020[1],uuid:de15c0ff-8439-45bc-ad13-7940e2cd46ff/SCLAMP_EA_Questionaire/Short_rain_season/Aug_Sept_2020[1]/strategies_to_control_Striga_Aug_Sept_2020[1]
Overweeding_Frequent_Weeding,,High,uuid:d4a71b1e-635b-40bf-8cc5-b3a2c66d6fbc/SCLAMP_EA_Questionaire/Short_rain_season/Aug_Sept_2020[1],uuid:d4a71b1e-635b-40bf-8cc5-b3a2c66d6fbc/SCLAMP_EA_Questionaire/Short_rain_season/Aug_Sept_2020[1]/strategies_to_control_Striga_Aug_Sept_2020[1]
Uprooting_Infested_Plant_And_Bu,,Low,uuid:e4bd52b8-0f2d-445d-9646-2290f1814f0d/SCLAMP_EA_Questionaire/Short_rain_season/Aug_Sept_2020[1],uuid:e4bd52b8-0f2d-445d-9646-2290f1814f0d/SCLAMP_EA_Questionaire/Short_rain_season/Aug_Sept_2020[1]/strategies_to_control_Striga_Aug_Sept_2020[1]
Overweeding_Frequent_Weeding,,Medium,uuid:9a89cabe-041f-41dd-ba73-778efdb76397/SCLAMP_EA_Questionaire/Short_rain_season/Aug_Sept_2020[1],uuid:9a89cabe-041f-41dd-ba73-778efdb76397/SCLAMP_EA_Questionaire/Short_rain_season/Aug_Sept_2020[1]/strategies_to_control_Striga_Aug_Sept_2020[1]
Uprooting_Infested_Plant_And_Bu,,Low,uuid:e1025d5b-b8fd-498d-a6a5-7d1f3cc04fde/SCLAMP_EA_Questionaire/Short_rain_season/Aug_Sept_2020[1],uuid:e1025d5b-b8fd-498d-a6a5-7d1f3cc04fde/SCLAMP_EA_Questionaire/Short_rain_season/Aug_Sept_2020[1]/strategies_to_control_Striga_Aug_Sept_2020[1]
Uprooting_Infested_Plant_And_Bu,,Medium,uuid:057a82a3-a023-4e19-b764-a539d6000f08/SCLAMP_EA_Questionaire/Short_rain_season/Aug_Sept_2020[1],uuid:057a82a3-a023-4e19-b764-a539d6000f08/SCLAMP_EA_Questionaire/Short_rain_season/Aug_Sept_2020[1]/strategies_to_control_Striga_Aug_Sept_2020[1]
Not_Applicable,,Low,uuid:bf3bb5a3-5ba9-4285-ab55-e9eeed9bfdb5/SCLAMP_EA_Questionaire/Short_rain_season/Aug_Sept_2020[1],uuid:bf3bb5a3-5ba9-4285-ab55-e9eeed9bfdb5/SCLAMP_EA_Questionaire/Short_rain_season/Aug_Sept_2020[1]/strategies_to_control_Striga_Aug_Sept_2020[1]
Not_Applicable,,Low,uuid:bf3bb5a3-5ba9-4285-ab55-e9eeed9bfdb5/SCLAMP_EA_Questionaire/Short_rain_season/Aug_Sept_2020[1],uuid:bf3bb5a3-5ba9-4285-ab55-e9eeed9bfdb5/SCLAMP_EA_Questionaire/Short_rain_season/Aug_Sept_2020[1]/strategies_to_control_Striga_Aug_Sept_2020[2]
Overweeding_Frequent_Weeding,,Medium,uuid:55dd0014-cfd5-4461-b5d5-aab65417a48c/SCLAMP_EA_Questionaire/Short_rain_season/Aug_Sept_2020[1],uuid:55dd0014-cfd5-4461-b5d5-aab65417a48c/SCLAMP_EA_Questionaire/Short_rain_season/Aug_Sept_2020[1]/strategies_to_control_Striga_Aug_Sept_2020[1]
Overweeding_Frequent_Weeding,,Low,uuid:1b10c35a-5d3b-4f3e-a802-4b47a7b1db94/SCLAMP_EA_Questionaire/Short_rain_season/Aug_Sept_2020[1],uuid:1b10c35a-5d3b-4f3e-a802-4b47a7b1db94/SCLAMP_EA_Questionaire/Short_rain_season/Aug_Sept_2020[1]/strategies_to_control_Striga_Aug_Sept_2020[1]
Overweeding_Frequent_Weeding,,Low,uuid:78bf4c92-660c-488f-98ab-97af73e54de4/SCLAMP_EA_Questionaire/Short_rain_season/Aug_Sept_2020[1],uuid:78bf4c92-660c-488f-98ab-97af73e54de4/SCLAMP_EA_Questionaire/Short_rain_season/Aug_Sept_2020[1]/strategies_to_control_Striga_Aug_Sept_2020[1]
Not_Applicable,,Low,uuid:51bf1cc9-a26e-4b29-8845-9b529c9e9cfb/SCLAMP_EA_Questionaire/Short_rain_season/Aug_Sept_2020[1],uuid:51bf1cc9-a26e-4b29-8845-9b529c9e9cfb/SCLAMP_EA_Questionaire/Short_rain_season/Aug_Sept_2020[1]/strategies_to_control_Striga_Aug_Sept_2020[1]
Pesticides_Application,24D,Medium,uuid:51bf1cc9-a26e-4b29-8845-9b529c9e9cfb/SCLAMP_EA_Questionaire/Short_rain_season/Aug_Sept_2020[2],uuid:51bf1cc9-a26e-4b29-8845-9b529c9e9cfb/SCLAMP_EA_Questionaire/Short_rain_season/Aug_Sept_2020[2]/strategies_to_control_Striga_Aug_Sept_2020[1]
Overweeding_Frequent_Weeding,,Low,uuid:24f3f9b6-3402-4ff2-ab46-df0ddd80e00f/SCLAMP_EA_Questionaire/Short_rain_season/Aug_Sept_2020[1],uuid:24f3f9b6-3402-4ff2-ab46-df0ddd80e00f/SCLAMP_EA_Questionaire/Short_rain_season/Aug_Sept_2020[1]/strategies_to_control_Striga_Aug_Sept_2020[1]
Overweeding_Frequent_Weeding,,Medium,uuid:f32705b6-9c8a-4e76-825c-fab797ebc70b/SCLAMP_EA_Questionaire/Short_rain_season/Aug_Sept_2020[1],uuid:f32705b6-9c8a-4e76-825c-fab797ebc70b/SCLAMP_EA_Questionaire/Short_rain_season/Aug_Sept_2020[1]/strategies_to_control_Striga_Aug_Sept_2020[1]
Overweeding_Frequent_Weeding,,Medium,uuid:f32705b6-9c8a-4e76-825c-fab797ebc70b/SCLAMP_EA_Questionaire/Short_rain_season/Aug_Sept_2020[2],uuid:f32705b6-9c8a-4e76-825c-fab797ebc70b/SCLAMP_EA_Questionaire/Short_rain_season/Aug_Sept_2020[2]/strategies_to_control_Striga_Aug_Sept_2020[1]
Overweeding_Frequent_Weeding,,Low,uuid:efebad0e-8919-4ffb-8276-08db82f6c131/SCLAMP_EA_Questionaire/Short_rain_season/Aug_Sept_2020[2],uuid:efebad0e-8919-4ffb-8276-08db82f6c131/SCLAMP_EA_Questionaire/Short_rain_season/Aug_Sept_2020[2]/strategies_to_control_Striga_Aug_Sept_2020[1]
Overweeding_Frequent_Weeding,,Low,uuid:c1ba5983-a0f4-4360-95b3-52303a86698c/SCLAMP_EA_Questionaire/Short_rain_season/Aug_Sept_2020[1],uuid:c1ba5983-a0f4-4360-95b3-52303a86698c/SCLAMP_EA_Questionaire/Short_rain_season/Aug_Sept_2020[1]/strategies_to_control_Striga_Aug_Sept_2020[1]
Overweeding_Frequent_Weeding,,Medium,uuid:36cad476-4a8c-4225-bf82-0d7bc0f8837e/SCLAMP_EA_Questionaire/Short_rain_season/Aug_Sept_2020[1],uuid:36cad476-4a8c-4225-bf82-0d7bc0f8837e/SCLAMP_EA_Questionaire/Short_rain_season/Aug_Sept_2020[1]/strategies_to_control_Striga_Aug_Sept_2020[1]
Overweeding_Frequent_Weeding,,Medium,uuid:c6a93dc4-8d7c-4b06-b147-d9c9df99a040/SCLAMP_EA_Questionaire/Short_rain_season/Aug_Sept_2020[1],uuid:c6a93dc4-8d7c-4b06-b147-d9c9df99a040/SCLAMP_EA_Questionaire/Short_rain_season/Aug_Sept_2020[1]/strategies_to_control_Striga_Aug_Sept_2020[1]
Not_Applicable,,Low,uuid:89b6bc47-4879-4591-823b-ec8b8231739e/SCLAMP_EA_Questionaire/Short_rain_season/Aug_Sept_2020[1],uuid:89b6bc47-4879-4591-823b-ec8b8231739e/SCLAMP_EA_Questionaire/Short_rain_season/Aug_Sept_2020[1]/strategies_to_control_Striga_Aug_Sept_2020[1]
Overweeding_Frequent_Weeding,,Medium,uuid:47723d49-7247-438c-828d-fd058255c78f/SCLAMP_EA_Questionaire/Short_rain_season/Aug_Sept_2020[1],uuid:47723d49-7247-438c-828d-fd058255c78f/SCLAMP_EA_Questionaire/Short_rain_season/Aug_Sept_2020[1]/strategies_to_control_Striga_Aug_Sept_2020[1]
Overweeding_Frequent_Weeding,,Medium,uuid:60a68405-60e8-4678-930a-e21b31d1230f/SCLAMP_EA_Questionaire/Short_rain_season/Aug_Sept_2020[1],uuid:60a68405-60e8-4678-930a-e21b31d1230f/SCLAMP_EA_Questionaire/Short_rain_season/Aug_Sept_2020[1]/strategies_to_control_Striga_Aug_Sept_2020[1]
Overweeding_Frequent_Weeding,,High,uuid:fd7cc810-0406-4d32-b01f-ed7ed530cf88/SCLAMP_EA_Questionaire/Short_rain_season/Aug_Sept_2020[1],uuid:fd7cc810-0406-4d32-b01f-ed7ed530cf88/SCLAMP_EA_Questionaire/Short_rain_season/Aug_Sept_2020[1]/strategies_to_control_Striga_Aug_Sept_2020[1]
Overweeding_Frequent_Weeding,,High,uuid:3c47e1e7-b112-4ae7-9129-fcada8c54241/SCLAMP_EA_Questionaire/Short_rain_season/Aug_Sept_2020[1],uuid:3c47e1e7-b112-4ae7-9129-fcada8c54241/SCLAMP_EA_Questionaire/Short_rain_season/Aug_Sept_2020[1]/strategies_to_control_Striga_Aug_Sept_2020[1]
Overweeding_Frequent_Weeding,,High,uuid:73c87c15-4de3-4785-a6c3-46c744464d12/SCLAMP_EA_Questionaire/Short_rain_season/Aug_Sept_2020[1],uuid:73c87c15-4de3-4785-a6c3-46c744464d12/SCLAMP_EA_Questionaire/Short_rain_season/Aug_Sept_2020[1]/strategies_to_control_Striga_Aug_Sept_2020[1]
Overweeding_Frequent_Weeding,,Low,uuid:cbbf6dc4-126e-4acd-9158-fe997842e98d/SCLAMP_EA_Questionaire/Short_rain_season/Aug_Sept_2020[1],uuid:cbbf6dc4-126e-4acd-9158-fe997842e98d/SCLAMP_EA_Questionaire/Short_rain_season/Aug_Sept_2020[1]/strategies_to_control_Striga_Aug_Sept_2020[1]
Overweeding_Frequent_Weeding,,High,uuid:dbaddb91-4a28-4b66-8994-0e37783ac8e0/SCLAMP_EA_Questionaire/Short_rain_season/Aug_Sept_2020[1],uuid:dbaddb91-4a28-4b66-8994-0e37783ac8e0/SCLAMP_EA_Questionaire/Short_rain_season/Aug_Sept_2020[1]/strategies_to_control_Striga_Aug_Sept_2020[1]
Overweeding_Frequent_Weeding,,High,uuid:8cf2839e-5d9d-42e7-b25b-c4a456563524/SCLAMP_EA_Questionaire/Short_rain_season/Aug_Sept_2020[1],uuid:8cf2839e-5d9d-42e7-b25b-c4a456563524/SCLAMP_EA_Questionaire/Short_rain_season/Aug_Sept_2020[1]/strategies_to_control_Striga_Aug_Sept_2020[1]
Overweeding_Frequent_Weeding,,High,uuid:81fcf54b-f3e6-40ba-b943-be12213859b1/SCLAMP_EA_Questionaire/Short_rain_season/Aug_Sept_2020[1],uuid:81fcf54b-f3e6-40ba-b943-be12213859b1/SCLAMP_EA_Questionaire/Short_rain_season/Aug_Sept_2020[1]/strategies_to_control_Striga_Aug_Sept_2020[1]
Push_pull_Technology,,Medium,uuid:c0d1cec6-0b11-48a0-96a3-af1e3e6fa999/SCLAMP_EA_Questionaire/Short_rain_season/Aug_Sept_2020[1],uuid:c0d1cec6-0b11-48a0-96a3-af1e3e6fa999/SCLAMP_EA_Questionaire/Short_rain_season/Aug_Sept_2020[1]/strategies_to_control_Striga_Aug_Sept_2020[1]
Overweeding_Frequent_Weeding,,High,uuid:805cf1b9-4e28-4e62-8fae-6888c0ab8f2c/SCLAMP_EA_Questionaire/Short_rain_season/Aug_Sept_2020[1],uuid:805cf1b9-4e28-4e62-8fae-6888c0ab8f2c/SCLAMP_EA_Questionaire/Short_rain_season/Aug_Sept_2020[1]/strategies_to_control_Striga_Aug_Sept_2020[1]
