strategies_used_to_control_Stem-borer_Aug_Sept_2020,specify_the_pesticide_Stem_borer,perception_on_the_effectiveness_in_controlling_Stem-borer_Aug_Sept_2020,PARENT_KEY,KEY
Mechanically_Remove_The_Insect_,,Low,uuid:a3ccb1fc-001f-4975-9b72-afabca6a6a2e/SCLAMP_EA_Questionaire/Short_rain_season/Aug_Sept_2020[2],uuid:a3ccb1fc-001f-4975-9b72-afabca6a6a2e/SCLAMP_EA_Questionaire/Short_rain_season/Aug_Sept_2020[2]/strategies_to_control_Stem-borer_Aug_Sept_2020[1]
Mechanically_Remove_The_Insect_,,Low,uuid:6a3d918a-96b5-4483-90ca-c8ffc63bcf7f/SCLAMP_EA_Questionaire/Short_rain_season/Aug_Sept_2020[1],uuid:6a3d918a-96b5-4483-90ca-c8ffc63bcf7f/SCLAMP_EA_Questionaire/Short_rain_season/Aug_Sept_2020[1]/strategies_to_control_Stem-borer_Aug_Sept_2020[1]
Pesticides_Application,Rocket,Medium,uuid:6a3d918a-96b5-4483-90ca-c8ffc63bcf7f/SCLAMP_EA_Questionaire/Short_rain_season/Aug_Sept_2020[1],uuid:6a3d918a-96b5-4483-90ca-c8ffc63bcf7f/SCLAMP_EA_Questionaire/Short_rain_season/Aug_Sept_2020[1]/strategies_to_control_Stem-borer_Aug_Sept_2020[2]
Pesticides_Application,Rocket,Medium,uuid:6a3d918a-96b5-4483-90ca-c8ffc63bcf7f/SCLAMP_EA_Questionaire/Short_rain_season/Aug_Sept_2020[2],uuid:6a3d918a-96b5-4483-90ca-c8ffc63bcf7f/SCLAMP_EA_Questionaire/Short_rain_season/Aug_Sept_2020[2]/strategies_to_control_Stem-borer_Aug_Sept_2020[1]
Mechanically_Remove_The_Insect_,,Low,uuid:6a3d918a-96b5-4483-90ca-c8ffc63bcf7f/SCLAMP_EA_Questionaire/Short_rain_season/Aug_Sept_2020[2],uuid:6a3d918a-96b5-4483-90ca-c8ffc63bcf7f/SCLAMP_EA_Questionaire/Short_rain_season/Aug_Sept_2020[2]/strategies_to_control_Stem-borer_Aug_Sept_2020[2]
Pesticides_Application,Rocket ,Medium,uuid:4539cd93-da37-444c-a03c-ab3229edda1b/SCLAMP_EA_Questionaire/Short_rain_season/Aug_Sept_2020[1],uuid:4539cd93-da37-444c-a03c-ab3229edda1b/SCLAMP_EA_Questionaire/Short_rain_season/Aug_Sept_2020[1]/strategies_to_control_Stem-borer_Aug_Sept_2020[1]
Pesticides_Application,Rocket,Low,uuid:4539cd93-da37-444c-a03c-ab3229edda1b/SCLAMP_EA_Questionaire/Short_rain_season/Aug_Sept_2020[2],uuid:4539cd93-da37-444c-a03c-ab3229edda1b/SCLAMP_EA_Questionaire/Short_rain_season/Aug_Sept_2020[2]/strategies_to_control_Stem-borer_Aug_Sept_2020[1]
Pesticides_Application,Dudu,Medium,uuid:c20819bc-dcc6-4721-9655-d60f80ac911d/SCLAMP_EA_Questionaire/Short_rain_season/Aug_Sept_2020[1],uuid:c20819bc-dcc6-4721-9655-d60f80ac911d/SCLAMP_EA_Questionaire/Short_rain_season/Aug_Sept_2020[1]/strategies_to_control_Stem-borer_Aug_Sept_2020[1]
Mechanically_Remove_The_Insect_,,Low,uuid:f78c9d9c-207e-4bf0-9bef-1d6a34f2a9ba/SCLAMP_EA_Questionaire/Short_rain_season/Aug_Sept_2020[2],uuid:f78c9d9c-207e-4bf0-9bef-1d6a34f2a9ba/SCLAMP_EA_Questionaire/Short_rain_season/Aug_Sept_2020[2]/strategies_to_control_Stem-borer_Aug_Sept_2020[1]
Mechanically_Remove_The_Insect_,,Low,uuid:47874c59-ec6e-4ee9-a583-f75e61074196/SCLAMP_EA_Questionaire/Short_rain_season/Aug_Sept_2020[2],uuid:47874c59-ec6e-4ee9-a583-f75e61074196/SCLAMP_EA_Questionaire/Short_rain_season/Aug_Sept_2020[2]/strategies_to_control_Stem-borer_Aug_Sept_2020[1]
Pesticides_Application,Rocket,Medium,uuid:5a10310c-170c-4ec9-abcb-00272c02fea4/SCLAMP_EA_Questionaire/Short_rain_season/Aug_Sept_2020[2],uuid:5a10310c-170c-4ec9-abcb-00272c02fea4/SCLAMP_EA_Questionaire/Short_rain_season/Aug_Sept_2020[2]/strategies_to_control_Stem-borer_Aug_Sept_2020[1]
Mechanically_Remove_The_Insect_,,Low,uuid:e299f4eb-8fda-4c6d-9ce8-244fff556ffa/SCLAMP_EA_Questionaire/Short_rain_season/Aug_Sept_2020[2],uuid:e299f4eb-8fda-4c6d-9ce8-244fff556ffa/SCLAMP_EA_Questionaire/Short_rain_season/Aug_Sept_2020[2]/strategies_to_control_Stem-borer_Aug_Sept_2020[1]
Pesticides_Application,Rocket,Low,uuid:e299f4eb-8fda-4c6d-9ce8-244fff556ffa/SCLAMP_EA_Questionaire/Short_rain_season/Aug_Sept_2020[2],uuid:e299f4eb-8fda-4c6d-9ce8-244fff556ffa/SCLAMP_EA_Questionaire/Short_rain_season/Aug_Sept_2020[2]/strategies_to_control_Stem-borer_Aug_Sept_2020[2]
Mechanically_Remove_The_Insect_,,Medium,uuid:43b7710e-d047-4b4e-bf1f-60bd68ed68b2/SCLAMP_EA_Questionaire/Short_rain_season/Aug_Sept_2020[1],uuid:43b7710e-d047-4b4e-bf1f-60bd68ed68b2/SCLAMP_EA_Questionaire/Short_rain_season/Aug_Sept_2020[1]/strategies_to_control_Stem-borer_Aug_Sept_2020[1]
Mechanically_Remove_The_Insect_,,Low,uuid:5f497353-90f8-4be3-9614-3d5bf6cf668b/SCLAMP_EA_Questionaire/Short_rain_season/Aug_Sept_2020[1],uuid:5f497353-90f8-4be3-9614-3d5bf6cf668b/SCLAMP_EA_Questionaire/Short_rain_season/Aug_Sept_2020[1]/strategies_to_control_Stem-borer_Aug_Sept_2020[1]
Pesticides_Application,Rocket,Medium,uuid:5f497353-90f8-4be3-9614-3d5bf6cf668b/SCLAMP_EA_Questionaire/Short_rain_season/Aug_Sept_2020[2],uuid:5f497353-90f8-4be3-9614-3d5bf6cf668b/SCLAMP_EA_Questionaire/Short_rain_season/Aug_Sept_2020[2]/strategies_to_control_Stem-borer_Aug_Sept_2020[1]
Mechanically_Remove_The_Insect_,,High,uuid:57b8fcb2-2b67-49c3-8021-63d05217bd33/SCLAMP_EA_Questionaire/Short_rain_season/Aug_Sept_2020[1],uuid:57b8fcb2-2b67-49c3-8021-63d05217bd33/SCLAMP_EA_Questionaire/Short_rain_season/Aug_Sept_2020[1]/strategies_to_control_Stem-borer_Aug_Sept_2020[1]
Mechanically_Remove_The_Insect_,,Low,uuid:4b4915f1-666c-463a-957c-897ecff93c31/SCLAMP_EA_Questionaire/Short_rain_season/Aug_Sept_2020[1],uuid:4b4915f1-666c-463a-957c-897ecff93c31/SCLAMP_EA_Questionaire/Short_rain_season/Aug_Sept_2020[1]/strategies_to_control_Stem-borer_Aug_Sept_2020[1]
Uprooting_Infested_Plant_And_Bu,,Low,uuid:4b4915f1-666c-463a-957c-897ecff93c31/SCLAMP_EA_Questionaire/Short_rain_season/Aug_Sept_2020[1],uuid:4b4915f1-666c-463a-957c-897ecff93c31/SCLAMP_EA_Questionaire/Short_rain_season/Aug_Sept_2020[1]/strategies_to_control_Stem-borer_Aug_Sept_2020[2]
Pesticides_Application,Rocket,Medium,uuid:4b4915f1-666c-463a-957c-897ecff93c31/SCLAMP_EA_Questionaire/Short_rain_season/Aug_Sept_2020[1],uuid:4b4915f1-666c-463a-957c-897ecff93c31/SCLAMP_EA_Questionaire/Short_rain_season/Aug_Sept_2020[1]/strategies_to_control_Stem-borer_Aug_Sept_2020[3]
Pesticides_Application,Rocket,Medium,uuid:0a6df2a0-2a31-4b93-9e2c-905a329664a4/SCLAMP_EA_Questionaire/Short_rain_season/Aug_Sept_2020[1],uuid:0a6df2a0-2a31-4b93-9e2c-905a329664a4/SCLAMP_EA_Questionaire/Short_rain_season/Aug_Sept_2020[1]/strategies_to_control_Stem-borer_Aug_Sept_2020[1]
Mechanically_Remove_The_Insect_,,Low,uuid:0b0d192a-5bab-4215-a5d9-acca65d1aa98/SCLAMP_EA_Questionaire/Short_rain_season/Aug_Sept_2020[1],uuid:0b0d192a-5bab-4215-a5d9-acca65d1aa98/SCLAMP_EA_Questionaire/Short_rain_season/Aug_Sept_2020[1]/strategies_to_control_Stem-borer_Aug_Sept_2020[1]
Pesticides_Application,Tafuga,High,uuid:0b0d192a-5bab-4215-a5d9-acca65d1aa98/SCLAMP_EA_Questionaire/Short_rain_season/Aug_Sept_2020[2],uuid:0b0d192a-5bab-4215-a5d9-acca65d1aa98/SCLAMP_EA_Questionaire/Short_rain_season/Aug_Sept_2020[2]/strategies_to_control_Stem-borer_Aug_Sept_2020[1]
Mechanically_Remove_The_Insect_,,Low,uuid:903ef8da-3ef5-4aed-a642-1fb56ecca819/SCLAMP_EA_Questionaire/Short_rain_season/Aug_Sept_2020[1],uuid:903ef8da-3ef5-4aed-a642-1fb56ecca819/SCLAMP_EA_Questionaire/Short_rain_season/Aug_Sept_2020[1]/strategies_to_control_Stem-borer_Aug_Sept_2020[1]
Pesticides_Application,Rocket,Medium,uuid:903ef8da-3ef5-4aed-a642-1fb56ecca819/SCLAMP_EA_Questionaire/Short_rain_season/Aug_Sept_2020[1],uuid:903ef8da-3ef5-4aed-a642-1fb56ecca819/SCLAMP_EA_Questionaire/Short_rain_season/Aug_Sept_2020[1]/strategies_to_control_Stem-borer_Aug_Sept_2020[2]
Mechanically_Remove_The_Insect_,,Medium,uuid:8d005c78-2678-40b8-85f2-847500b8d603/SCLAMP_EA_Questionaire/Short_rain_season/Aug_Sept_2020[1],uuid:8d005c78-2678-40b8-85f2-847500b8d603/SCLAMP_EA_Questionaire/Short_rain_season/Aug_Sept_2020[1]/strategies_to_control_Stem-borer_Aug_Sept_2020[1]
Pesticides_Application,Rocket,Medium,uuid:8d005c78-2678-40b8-85f2-847500b8d603/SCLAMP_EA_Questionaire/Short_rain_season/Aug_Sept_2020[1],uuid:8d005c78-2678-40b8-85f2-847500b8d603/SCLAMP_EA_Questionaire/Short_rain_season/Aug_Sept_2020[1]/strategies_to_control_Stem-borer_Aug_Sept_2020[2]
Mechanically_Remove_The_Insect_,,Low,uuid:11ab4f84-6da2-4af9-b6ac-94a76465934c/SCLAMP_EA_Questionaire/Short_rain_season/Aug_Sept_2020[1],uuid:11ab4f84-6da2-4af9-b6ac-94a76465934c/SCLAMP_EA_Questionaire/Short_rain_season/Aug_Sept_2020[1]/strategies_to_control_Stem-borer_Aug_Sept_2020[1]
Uprooting_Infested_Plant_And_Bu,,Medium,uuid:11ab4f84-6da2-4af9-b6ac-94a76465934c/SCLAMP_EA_Questionaire/Short_rain_season/Aug_Sept_2020[1],uuid:11ab4f84-6da2-4af9-b6ac-94a76465934c/SCLAMP_EA_Questionaire/Short_rain_season/Aug_Sept_2020[1]/strategies_to_control_Stem-borer_Aug_Sept_2020[2]
Pesticides_Application,Striker,High,uuid:b274dff4-d26b-4575-bc67-002c4ed769a7/SCLAMP_EA_Questionaire/Short_rain_season/Aug_Sept_2020[1],uuid:b274dff4-d26b-4575-bc67-002c4ed769a7/SCLAMP_EA_Questionaire/Short_rain_season/Aug_Sept_2020[1]/strategies_to_control_Stem-borer_Aug_Sept_2020[1]
Pesticides_Application,Rocket,High,uuid:dcb54892-9548-4580-9d66-5e6934880d3d/SCLAMP_EA_Questionaire/Short_rain_season/Aug_Sept_2020[1],uuid:dcb54892-9548-4580-9d66-5e6934880d3d/SCLAMP_EA_Questionaire/Short_rain_season/Aug_Sept_2020[1]/strategies_to_control_Stem-borer_Aug_Sept_2020[1]
Pesticides_Application,Can't remember,High,uuid:873f1ee1-be06-4f31-9bee-e7532a26ef6f/SCLAMP_EA_Questionaire/Short_rain_season/Aug_Sept_2020[1],uuid:873f1ee1-be06-4f31-9bee-e7532a26ef6f/SCLAMP_EA_Questionaire/Short_rain_season/Aug_Sept_2020[1]/strategies_to_control_Stem-borer_Aug_Sept_2020[1]
Intercropping_With_Other_Crops,,Medium,uuid:fd9997a8-5c57-493d-8d68-c383c018aceb/SCLAMP_EA_Questionaire/Short_rain_season/Aug_Sept_2020[1],uuid:fd9997a8-5c57-493d-8d68-c383c018aceb/SCLAMP_EA_Questionaire/Short_rain_season/Aug_Sept_2020[1]/strategies_to_control_Stem-borer_Aug_Sept_2020[1]
Push_pull_Technology,,High,uuid:fd9997a8-5c57-493d-8d68-c383c018aceb/SCLAMP_EA_Questionaire/Short_rain_season/Aug_Sept_2020[1],uuid:fd9997a8-5c57-493d-8d68-c383c018aceb/SCLAMP_EA_Questionaire/Short_rain_season/Aug_Sept_2020[1]/strategies_to_control_Stem-borer_Aug_Sept_2020[2]
Pesticides_Application,"Dhalpedso, rocket",High,uuid:fd9997a8-5c57-493d-8d68-c383c018aceb/SCLAMP_EA_Questionaire/Short_rain_season/Aug_Sept_2020[1],uuid:fd9997a8-5c57-493d-8d68-c383c018aceb/SCLAMP_EA_Questionaire/Short_rain_season/Aug_Sept_2020[1]/strategies_to_control_Stem-borer_Aug_Sept_2020[3]
Intercropping_With_Legumes,,Medium,uuid:9b05949b-b31f-405d-ba52-ccd55e15e5d4/SCLAMP_EA_Questionaire/Short_rain_season/Aug_Sept_2020[1],uuid:9b05949b-b31f-405d-ba52-ccd55e15e5d4/SCLAMP_EA_Questionaire/Short_rain_season/Aug_Sept_2020[1]/strategies_to_control_Stem-borer_Aug_Sept_2020[1]
Pesticides_Application,Roket ,Medium,uuid:9b05949b-b31f-405d-ba52-ccd55e15e5d4/SCLAMP_EA_Questionaire/Short_rain_season/Aug_Sept_2020[1],uuid:9b05949b-b31f-405d-ba52-ccd55e15e5d4/SCLAMP_EA_Questionaire/Short_rain_season/Aug_Sept_2020[1]/strategies_to_control_Stem-borer_Aug_Sept_2020[2]
Crop_Rotation,,Medium,uuid:cb9fe384-e7e8-4f36-884c-23012a9b77f9/SCLAMP_EA_Questionaire/Short_rain_season/Aug_Sept_2020[2],uuid:cb9fe384-e7e8-4f36-884c-23012a9b77f9/SCLAMP_EA_Questionaire/Short_rain_season/Aug_Sept_2020[2]/strategies_to_control_Stem-borer_Aug_Sept_2020[1]
Uprooting_Infested_Plant_And_Bu,,Low,uuid:cb9fe384-e7e8-4f36-884c-23012a9b77f9/SCLAMP_EA_Questionaire/Short_rain_season/Aug_Sept_2020[2],uuid:cb9fe384-e7e8-4f36-884c-23012a9b77f9/SCLAMP_EA_Questionaire/Short_rain_season/Aug_Sept_2020[2]/strategies_to_control_Stem-borer_Aug_Sept_2020[2]
Improved_Varieties,,Medium,uuid:cb9fe384-e7e8-4f36-884c-23012a9b77f9/SCLAMP_EA_Questionaire/Short_rain_season/Aug_Sept_2020[2],uuid:cb9fe384-e7e8-4f36-884c-23012a9b77f9/SCLAMP_EA_Questionaire/Short_rain_season/Aug_Sept_2020[2]/strategies_to_control_Stem-borer_Aug_Sept_2020[3]
Crop_Rotation,,Medium,uuid:4868aa22-5c33-4bb1-b952-d1d9a40d3f8c/SCLAMP_EA_Questionaire/Short_rain_season/Aug_Sept_2020[1],uuid:4868aa22-5c33-4bb1-b952-d1d9a40d3f8c/SCLAMP_EA_Questionaire/Short_rain_season/Aug_Sept_2020[1]/strategies_to_control_Stem-borer_Aug_Sept_2020[1]
Pesticides_Application,Roket,Medium,uuid:4868aa22-5c33-4bb1-b952-d1d9a40d3f8c/SCLAMP_EA_Questionaire/Short_rain_season/Aug_Sept_2020[1],uuid:4868aa22-5c33-4bb1-b952-d1d9a40d3f8c/SCLAMP_EA_Questionaire/Short_rain_season/Aug_Sept_2020[1]/strategies_to_control_Stem-borer_Aug_Sept_2020[2]
Mechanically_Remove_The_Insect_,,Low,uuid:823b19c4-4a86-42bc-bf88-82e824c06546/SCLAMP_EA_Questionaire/Short_rain_season/Aug_Sept_2020[1],uuid:823b19c4-4a86-42bc-bf88-82e824c06546/SCLAMP_EA_Questionaire/Short_rain_season/Aug_Sept_2020[1]/strategies_to_control_Stem-borer_Aug_Sept_2020[1]
Mechanically_Remove_The_Insect_,,Low,uuid:823b19c4-4a86-42bc-bf88-82e824c06546/SCLAMP_EA_Questionaire/Short_rain_season/Aug_Sept_2020[2],uuid:823b19c4-4a86-42bc-bf88-82e824c06546/SCLAMP_EA_Questionaire/Short_rain_season/Aug_Sept_2020[2]/strategies_to_control_Stem-borer_Aug_Sept_2020[1]
Not_Applicable,,Low,uuid:854617f7-6615-447e-8482-3aacea4981b1/SCLAMP_EA_Questionaire/Short_rain_season/Aug_Sept_2020[1],uuid:854617f7-6615-447e-8482-3aacea4981b1/SCLAMP_EA_Questionaire/Short_rain_season/Aug_Sept_2020[1]/strategies_to_control_Stem-borer_Aug_Sept_2020[1]
Mechanically_Remove_The_Insect_,,Low,uuid:b9551ab0-0467-48a8-aa91-611dc65f5a77/SCLAMP_EA_Questionaire/Short_rain_season/Aug_Sept_2020[1],uuid:b9551ab0-0467-48a8-aa91-611dc65f5a77/SCLAMP_EA_Questionaire/Short_rain_season/Aug_Sept_2020[1]/strategies_to_control_Stem-borer_Aug_Sept_2020[1]
Mechanically_Remove_The_Insect_,,Low,uuid:b9551ab0-0467-48a8-aa91-611dc65f5a77/SCLAMP_EA_Questionaire/Short_rain_season/Aug_Sept_2020[2],uuid:b9551ab0-0467-48a8-aa91-611dc65f5a77/SCLAMP_EA_Questionaire/Short_rain_season/Aug_Sept_2020[2]/strategies_to_control_Stem-borer_Aug_Sept_2020[1]
Pesticides_Application,Roket,Medium,uuid:be1a5f69-18ae-42cb-a598-205ca08f3c60/SCLAMP_EA_Questionaire/Short_rain_season/Aug_Sept_2020[1],uuid:be1a5f69-18ae-42cb-a598-205ca08f3c60/SCLAMP_EA_Questionaire/Short_rain_season/Aug_Sept_2020[1]/strategies_to_control_Stem-borer_Aug_Sept_2020[1]
Mechanically_Remove_The_Insect_,,Low,uuid:ddb9a876-1be6-4949-bc16-2883a09c32cb/SCLAMP_EA_Questionaire/Short_rain_season/Aug_Sept_2020[1],uuid:ddb9a876-1be6-4949-bc16-2883a09c32cb/SCLAMP_EA_Questionaire/Short_rain_season/Aug_Sept_2020[1]/strategies_to_control_Stem-borer_Aug_Sept_2020[1]
Crop_Rotation,,Medium,uuid:e0914409-b489-41f0-b23a-56e2cf00b20f/SCLAMP_EA_Questionaire/Short_rain_season/Aug_Sept_2020[1],uuid:e0914409-b489-41f0-b23a-56e2cf00b20f/SCLAMP_EA_Questionaire/Short_rain_season/Aug_Sept_2020[1]/strategies_to_control_Stem-borer_Aug_Sept_2020[1]
Mechanically_Remove_The_Insect_,,Low,uuid:31db2250-5242-465d-8b42-589aa9703d7e/SCLAMP_EA_Questionaire/Short_rain_season/Aug_Sept_2020[1],uuid:31db2250-5242-465d-8b42-589aa9703d7e/SCLAMP_EA_Questionaire/Short_rain_season/Aug_Sept_2020[1]/strategies_to_control_Stem-borer_Aug_Sept_2020[1]
Intercropping_With_Legumes,,Medium,uuid:a773bc95-53fc-4f21-8bbc-e14eff96e268/SCLAMP_EA_Questionaire/Short_rain_season/Aug_Sept_2020[1],uuid:a773bc95-53fc-4f21-8bbc-e14eff96e268/SCLAMP_EA_Questionaire/Short_rain_season/Aug_Sept_2020[1]/strategies_to_control_Stem-borer_Aug_Sept_2020[1]
Crop_Rotation,,Medium,uuid:a773bc95-53fc-4f21-8bbc-e14eff96e268/SCLAMP_EA_Questionaire/Short_rain_season/Aug_Sept_2020[1],uuid:a773bc95-53fc-4f21-8bbc-e14eff96e268/SCLAMP_EA_Questionaire/Short_rain_season/Aug_Sept_2020[1]/strategies_to_control_Stem-borer_Aug_Sept_2020[2]
Mechanically_Remove_The_Insect_,,Low,uuid:46fc2f07-9bd0-4b75-956a-291b7615e896/SCLAMP_EA_Questionaire/Short_rain_season/Aug_Sept_2020[1],uuid:46fc2f07-9bd0-4b75-956a-291b7615e896/SCLAMP_EA_Questionaire/Short_rain_season/Aug_Sept_2020[1]/strategies_to_control_Stem-borer_Aug_Sept_2020[1]
Pesticides_Application,Don't know,Medium,uuid:1bfdb3e2-a6f2-4daf-95a6-1246c02b46c9/SCLAMP_EA_Questionaire/Short_rain_season/Aug_Sept_2020[1],uuid:1bfdb3e2-a6f2-4daf-95a6-1246c02b46c9/SCLAMP_EA_Questionaire/Short_rain_season/Aug_Sept_2020[1]/strategies_to_control_Stem-borer_Aug_Sept_2020[1]
Pesticides_Application,Don't know,Medium,uuid:1bfdb3e2-a6f2-4daf-95a6-1246c02b46c9/SCLAMP_EA_Questionaire/Short_rain_season/Aug_Sept_2020[2],uuid:1bfdb3e2-a6f2-4daf-95a6-1246c02b46c9/SCLAMP_EA_Questionaire/Short_rain_season/Aug_Sept_2020[2]/strategies_to_control_Stem-borer_Aug_Sept_2020[1]
Pesticides_Application,Eminent  5,High,uuid:e699e0c1-d33a-46c1-b4f6-9cba00fa8359/SCLAMP_EA_Questionaire/Short_rain_season/Aug_Sept_2020[1],uuid:e699e0c1-d33a-46c1-b4f6-9cba00fa8359/SCLAMP_EA_Questionaire/Short_rain_season/Aug_Sept_2020[1]/strategies_to_control_Stem-borer_Aug_Sept_2020[1]
Intercropping_With_Legumes,,Medium,uuid:e699e0c1-d33a-46c1-b4f6-9cba00fa8359/SCLAMP_EA_Questionaire/Short_rain_season/Aug_Sept_2020[1],uuid:e699e0c1-d33a-46c1-b4f6-9cba00fa8359/SCLAMP_EA_Questionaire/Short_rain_season/Aug_Sept_2020[1]/strategies_to_control_Stem-borer_Aug_Sept_2020[2]
Crop_Rotation,,Medium,uuid:e699e0c1-d33a-46c1-b4f6-9cba00fa8359/SCLAMP_EA_Questionaire/Short_rain_season/Aug_Sept_2020[1],uuid:e699e0c1-d33a-46c1-b4f6-9cba00fa8359/SCLAMP_EA_Questionaire/Short_rain_season/Aug_Sept_2020[1]/strategies_to_control_Stem-borer_Aug_Sept_2020[3]
Pesticides_Application,Rocket,Low,uuid:46c78423-8a2f-4fa0-8726-cf4bb3922974/SCLAMP_EA_Questionaire/Short_rain_season/Aug_Sept_2020[1],uuid:46c78423-8a2f-4fa0-8726-cf4bb3922974/SCLAMP_EA_Questionaire/Short_rain_season/Aug_Sept_2020[1]/strategies_to_control_Stem-borer_Aug_Sept_2020[1]
Pesticides_Application,I don't remember,Medium,uuid:d5a2921d-f23c-4589-ac93-325beefa9f23/SCLAMP_EA_Questionaire/Short_rain_season/Aug_Sept_2020[1],uuid:d5a2921d-f23c-4589-ac93-325beefa9f23/SCLAMP_EA_Questionaire/Short_rain_season/Aug_Sept_2020[1]/strategies_to_control_Stem-borer_Aug_Sept_2020[1]
Pesticides_Application,Rocket,Medium,uuid:99695b6e-706e-46f2-8da7-61df87c7b7d3/SCLAMP_EA_Questionaire/Short_rain_season/Aug_Sept_2020[1],uuid:99695b6e-706e-46f2-8da7-61df87c7b7d3/SCLAMP_EA_Questionaire/Short_rain_season/Aug_Sept_2020[1]/strategies_to_control_Stem-borer_Aug_Sept_2020[1]
Not_Applicable,,Low,uuid:d394be21-da52-4a1d-8b99-1d236c40d072/SCLAMP_EA_Questionaire/Short_rain_season/Aug_Sept_2020[1],uuid:d394be21-da52-4a1d-8b99-1d236c40d072/SCLAMP_EA_Questionaire/Short_rain_season/Aug_Sept_2020[1]/strategies_to_control_Stem-borer_Aug_Sept_2020[1]
Not_Applicable,,Low,uuid:70e9b71c-5419-4c1b-80af-5996633daaf1/SCLAMP_EA_Questionaire/Short_rain_season/Aug_Sept_2020[1],uuid:70e9b71c-5419-4c1b-80af-5996633daaf1/SCLAMP_EA_Questionaire/Short_rain_season/Aug_Sept_2020[1]/strategies_to_control_Stem-borer_Aug_Sept_2020[1]
Pesticides_Application,Tafuga,High,uuid:70e9b71c-5419-4c1b-80af-5996633daaf1/SCLAMP_EA_Questionaire/Short_rain_season/Aug_Sept_2020[3],uuid:70e9b71c-5419-4c1b-80af-5996633daaf1/SCLAMP_EA_Questionaire/Short_rain_season/Aug_Sept_2020[3]/strategies_to_control_Stem-borer_Aug_Sept_2020[1]
Not_Applicable,,Low,uuid:ceadf86c-a040-4eac-9ab0-56fc4b9352cd/SCLAMP_EA_Questionaire/Short_rain_season/Aug_Sept_2020[1],uuid:ceadf86c-a040-4eac-9ab0-56fc4b9352cd/SCLAMP_EA_Questionaire/Short_rain_season/Aug_Sept_2020[1]/strategies_to_control_Stem-borer_Aug_Sept_2020[1]
Pesticides_Application,I don't know the name,Medium,uuid:5f7c94f8-ab1d-474f-8970-8054d1f507bc/SCLAMP_EA_Questionaire/Short_rain_season/Aug_Sept_2020[1],uuid:5f7c94f8-ab1d-474f-8970-8054d1f507bc/SCLAMP_EA_Questionaire/Short_rain_season/Aug_Sept_2020[1]/strategies_to_control_Stem-borer_Aug_Sept_2020[1]
Pesticides_Application,Rocket,Medium,uuid:837e9c33-931e-49a9-a9a0-f9fcfa69a0ce/SCLAMP_EA_Questionaire/Short_rain_season/Aug_Sept_2020[1],uuid:837e9c33-931e-49a9-a9a0-f9fcfa69a0ce/SCLAMP_EA_Questionaire/Short_rain_season/Aug_Sept_2020[1]/strategies_to_control_Stem-borer_Aug_Sept_2020[1]
Pesticides_Application,Tafuga,Medium,uuid:837e9c33-931e-49a9-a9a0-f9fcfa69a0ce/SCLAMP_EA_Questionaire/Short_rain_season/Aug_Sept_2020[1],uuid:837e9c33-931e-49a9-a9a0-f9fcfa69a0ce/SCLAMP_EA_Questionaire/Short_rain_season/Aug_Sept_2020[1]/strategies_to_control_Stem-borer_Aug_Sept_2020[2]
Pesticides_Application,Rocket,Medium,uuid:837e9c33-931e-49a9-a9a0-f9fcfa69a0ce/SCLAMP_EA_Questionaire/Short_rain_season/Aug_Sept_2020[2],uuid:837e9c33-931e-49a9-a9a0-f9fcfa69a0ce/SCLAMP_EA_Questionaire/Short_rain_season/Aug_Sept_2020[2]/strategies_to_control_Stem-borer_Aug_Sept_2020[1]
Pesticides_Application,Tafuga,Medium,uuid:837e9c33-931e-49a9-a9a0-f9fcfa69a0ce/SCLAMP_EA_Questionaire/Short_rain_season/Aug_Sept_2020[2],uuid:837e9c33-931e-49a9-a9a0-f9fcfa69a0ce/SCLAMP_EA_Questionaire/Short_rain_season/Aug_Sept_2020[2]/strategies_to_control_Stem-borer_Aug_Sept_2020[2]
Pesticides_Application,Rocket,Medium,uuid:38c6d19f-7251-44ba-956e-b2c8f26b6631/SCLAMP_EA_Questionaire/Short_rain_season/Aug_Sept_2020[1],uuid:38c6d19f-7251-44ba-956e-b2c8f26b6631/SCLAMP_EA_Questionaire/Short_rain_season/Aug_Sept_2020[1]/strategies_to_control_Stem-borer_Aug_Sept_2020[1]
Pesticides_Application,Duddu cypher,High,uuid:2ec6dfb6-70a6-4eb3-b236-a476fd0957a5/SCLAMP_EA_Questionaire/Short_rain_season/Aug_Sept_2020[1],uuid:2ec6dfb6-70a6-4eb3-b236-a476fd0957a5/SCLAMP_EA_Questionaire/Short_rain_season/Aug_Sept_2020[1]/strategies_to_control_Stem-borer_Aug_Sept_2020[1]
Pesticides_Application,I don't know the name ,High,uuid:c46fb1a7-8005-4bda-bd14-3c2c8627f3ab/SCLAMP_EA_Questionaire/Short_rain_season/Aug_Sept_2020[1],uuid:c46fb1a7-8005-4bda-bd14-3c2c8627f3ab/SCLAMP_EA_Questionaire/Short_rain_season/Aug_Sept_2020[1]/strategies_to_control_Stem-borer_Aug_Sept_2020[1]
Pesticides_Application,Rocket,High,uuid:1c9ae9ae-fc95-4bc7-9140-1ca04b1d2e27/SCLAMP_EA_Questionaire/Short_rain_season/Aug_Sept_2020[1],uuid:1c9ae9ae-fc95-4bc7-9140-1ca04b1d2e27/SCLAMP_EA_Questionaire/Short_rain_season/Aug_Sept_2020[1]/strategies_to_control_Stem-borer_Aug_Sept_2020[1]
Pesticides_Application,Duddu caramicyline,Medium,uuid:58225dc1-7aaf-4473-b2c6-9d6974a5d13f/SCLAMP_EA_Questionaire/Short_rain_season/Aug_Sept_2020[1],uuid:58225dc1-7aaf-4473-b2c6-9d6974a5d13f/SCLAMP_EA_Questionaire/Short_rain_season/Aug_Sept_2020[1]/strategies_to_control_Stem-borer_Aug_Sept_2020[1]
Pesticides_Application,Rocket ,High,uuid:fe59bec3-195c-4326-b4d7-4b76831d6f2c/SCLAMP_EA_Questionaire/Short_rain_season/Aug_Sept_2020[2],uuid:fe59bec3-195c-4326-b4d7-4b76831d6f2c/SCLAMP_EA_Questionaire/Short_rain_season/Aug_Sept_2020[2]/strategies_to_control_Stem-borer_Aug_Sept_2020[1]
Pesticides_Application,Rocket,Medium,uuid:5ae5de58-3272-4966-950a-79d4527fd7d4/SCLAMP_EA_Questionaire/Short_rain_season/Aug_Sept_2020[1],uuid:5ae5de58-3272-4966-950a-79d4527fd7d4/SCLAMP_EA_Questionaire/Short_rain_season/Aug_Sept_2020[1]/strategies_to_control_Stem-borer_Aug_Sept_2020[1]
Pesticides_Application,Rocket ,Low,uuid:fc04161f-6c14-4561-991d-9f7e796089df/SCLAMP_EA_Questionaire/Short_rain_season/Aug_Sept_2020[1],uuid:fc04161f-6c14-4561-991d-9f7e796089df/SCLAMP_EA_Questionaire/Short_rain_season/Aug_Sept_2020[1]/strategies_to_control_Stem-borer_Aug_Sept_2020[1]
Pesticides_Application,Rockets,Medium,uuid:06d89973-abf7-47fe-9a69-29e068f2b15c/SCLAMP_EA_Questionaire/Short_rain_season/Aug_Sept_2020[1],uuid:06d89973-abf7-47fe-9a69-29e068f2b15c/SCLAMP_EA_Questionaire/Short_rain_season/Aug_Sept_2020[1]/strategies_to_control_Stem-borer_Aug_Sept_2020[1]
Pesticides_Application,Duddu caramicyline,Medium,uuid:06d89973-abf7-47fe-9a69-29e068f2b15c/SCLAMP_EA_Questionaire/Short_rain_season/Aug_Sept_2020[1],uuid:06d89973-abf7-47fe-9a69-29e068f2b15c/SCLAMP_EA_Questionaire/Short_rain_season/Aug_Sept_2020[1]/strategies_to_control_Stem-borer_Aug_Sept_2020[2]
Push_pull_Technology,,High,uuid:06d89973-abf7-47fe-9a69-29e068f2b15c/SCLAMP_EA_Questionaire/Short_rain_season/Aug_Sept_2020[1],uuid:06d89973-abf7-47fe-9a69-29e068f2b15c/SCLAMP_EA_Questionaire/Short_rain_season/Aug_Sept_2020[1]/strategies_to_control_Stem-borer_Aug_Sept_2020[3]
Not_Applicable,,Low,uuid:06d89973-abf7-47fe-9a69-29e068f2b15c/SCLAMP_EA_Questionaire/Short_rain_season/Aug_Sept_2020[1],uuid:06d89973-abf7-47fe-9a69-29e068f2b15c/SCLAMP_EA_Questionaire/Short_rain_season/Aug_Sept_2020[1]/strategies_to_control_Stem-borer_Aug_Sept_2020[4]
Pesticides_Application,Rocket ,High,uuid:f5d32b35-4090-434b-ba40-394e688fedaf/SCLAMP_EA_Questionaire/Short_rain_season/Aug_Sept_2020[1],uuid:f5d32b35-4090-434b-ba40-394e688fedaf/SCLAMP_EA_Questionaire/Short_rain_season/Aug_Sept_2020[1]/strategies_to_control_Stem-borer_Aug_Sept_2020[1]
Mechanically_Remove_The_Insect_,,Medium,uuid:7b2d4946-6b0a-484e-bd9a-400ac1b853a4/SCLAMP_EA_Questionaire/Short_rain_season/Aug_Sept_2020[1],uuid:7b2d4946-6b0a-484e-bd9a-400ac1b853a4/SCLAMP_EA_Questionaire/Short_rain_season/Aug_Sept_2020[1]/strategies_to_control_Stem-borer_Aug_Sept_2020[1]
Pesticides_Application,Rocket,Medium,uuid:8874aac8-aee7-4b45-bec2-5ed795044149/SCLAMP_EA_Questionaire/Short_rain_season/Aug_Sept_2020[1],uuid:8874aac8-aee7-4b45-bec2-5ed795044149/SCLAMP_EA_Questionaire/Short_rain_season/Aug_Sept_2020[1]/strategies_to_control_Stem-borer_Aug_Sept_2020[1]
Pesticides_Application,Rocket,High,uuid:8f7c3c4e-c50e-45e3-b5e4-0e36369ab784/SCLAMP_EA_Questionaire/Short_rain_season/Aug_Sept_2020[1],uuid:8f7c3c4e-c50e-45e3-b5e4-0e36369ab784/SCLAMP_EA_Questionaire/Short_rain_season/Aug_Sept_2020[1]/strategies_to_control_Stem-borer_Aug_Sept_2020[1]
Pesticides_Application,Rocket,Low,uuid:3cd09f51-5ec4-4ba2-b2c6-e0d8509cb44e/SCLAMP_EA_Questionaire/Short_rain_season/Aug_Sept_2020[1],uuid:3cd09f51-5ec4-4ba2-b2c6-e0d8509cb44e/SCLAMP_EA_Questionaire/Short_rain_season/Aug_Sept_2020[1]/strategies_to_control_Stem-borer_Aug_Sept_2020[1]
Pesticides_Application,Rocket,Medium,uuid:3cd09f51-5ec4-4ba2-b2c6-e0d8509cb44e/SCLAMP_EA_Questionaire/Short_rain_season/Aug_Sept_2020[2],uuid:3cd09f51-5ec4-4ba2-b2c6-e0d8509cb44e/SCLAMP_EA_Questionaire/Short_rain_season/Aug_Sept_2020[2]/strategies_to_control_Stem-borer_Aug_Sept_2020[1]
Not_Applicable,,Low,uuid:3cd09f51-5ec4-4ba2-b2c6-e0d8509cb44e/SCLAMP_EA_Questionaire/Short_rain_season/Aug_Sept_2020[2],uuid:3cd09f51-5ec4-4ba2-b2c6-e0d8509cb44e/SCLAMP_EA_Questionaire/Short_rain_season/Aug_Sept_2020[2]/strategies_to_control_Stem-borer_Aug_Sept_2020[2]
Pesticides_Application,Duducermaiciline,High,uuid:d2b31eaa-9886-447e-a4d0-9936245e7115/SCLAMP_EA_Questionaire/Short_rain_season/Aug_Sept_2020[1],uuid:d2b31eaa-9886-447e-a4d0-9936245e7115/SCLAMP_EA_Questionaire/Short_rain_season/Aug_Sept_2020[1]/strategies_to_control_Stem-borer_Aug_Sept_2020[1]
Ash_pepper,,Low,uuid:c96ade61-adfe-4e2e-ac90-404988e70e56/SCLAMP_EA_Questionaire/Short_rain_season/Aug_Sept_2020[1],uuid:c96ade61-adfe-4e2e-ac90-404988e70e56/SCLAMP_EA_Questionaire/Short_rain_season/Aug_Sept_2020[1]/strategies_to_control_Stem-borer_Aug_Sept_2020[1]
Pesticides_Application,Rocket,Medium,uuid:9f58b5ff-ef44-4cb2-8353-ef281cb7c4b2/SCLAMP_EA_Questionaire/Short_rain_season/Aug_Sept_2020[2],uuid:9f58b5ff-ef44-4cb2-8353-ef281cb7c4b2/SCLAMP_EA_Questionaire/Short_rain_season/Aug_Sept_2020[2]/strategies_to_control_Stem-borer_Aug_Sept_2020[1]
Not_Applicable,,Low,uuid:ac5da897-299a-4897-997a-036ef7a56b0d/SCLAMP_EA_Questionaire/Short_rain_season/Aug_Sept_2020[1],uuid:ac5da897-299a-4897-997a-036ef7a56b0d/SCLAMP_EA_Questionaire/Short_rain_season/Aug_Sept_2020[1]/strategies_to_control_Stem-borer_Aug_Sept_2020[1]
Intercropping_With_Legumes,,Medium,uuid:a0435873-bee0-4581-af28-5b743ac4b426/SCLAMP_EA_Questionaire/Short_rain_season/Aug_Sept_2020[1],uuid:a0435873-bee0-4581-af28-5b743ac4b426/SCLAMP_EA_Questionaire/Short_rain_season/Aug_Sept_2020[1]/strategies_to_control_Stem-borer_Aug_Sept_2020[1]
Pesticides_Application,Roket,Medium,uuid:6c58a45c-cd63-4bbc-a61a-04e7056a31a4/SCLAMP_EA_Questionaire/Short_rain_season/Aug_Sept_2020[1],uuid:6c58a45c-cd63-4bbc-a61a-04e7056a31a4/SCLAMP_EA_Questionaire/Short_rain_season/Aug_Sept_2020[1]/strategies_to_control_Stem-borer_Aug_Sept_2020[1]
Intercropping_With_Legumes,,Medium,uuid:269f5244-0539-49d7-8bf5-cb24654149ae/SCLAMP_EA_Questionaire/Short_rain_season/Aug_Sept_2020[1],uuid:269f5244-0539-49d7-8bf5-cb24654149ae/SCLAMP_EA_Questionaire/Short_rain_season/Aug_Sept_2020[1]/strategies_to_control_Stem-borer_Aug_Sept_2020[1]
Mechanically_Remove_The_Insect_,,Low,uuid:23977ef8-020f-4fe6-b1dd-367790299f6e/SCLAMP_EA_Questionaire/Short_rain_season/Aug_Sept_2020[1],uuid:23977ef8-020f-4fe6-b1dd-367790299f6e/SCLAMP_EA_Questionaire/Short_rain_season/Aug_Sept_2020[1]/strategies_to_control_Stem-borer_Aug_Sept_2020[1]
Mechanically_Remove_The_Insect_,,Low,uuid:3aed71f8-615e-4570-9b4d-044205c4ce55/SCLAMP_EA_Questionaire/Short_rain_season/Aug_Sept_2020[1],uuid:3aed71f8-615e-4570-9b4d-044205c4ce55/SCLAMP_EA_Questionaire/Short_rain_season/Aug_Sept_2020[1]/strategies_to_control_Stem-borer_Aug_Sept_2020[1]
Mechanically_Remove_The_Insect_,,Low,uuid:f20a0cde-6921-4cfc-9190-a09b348e60d2/SCLAMP_EA_Questionaire/Short_rain_season/Aug_Sept_2020[1],uuid:f20a0cde-6921-4cfc-9190-a09b348e60d2/SCLAMP_EA_Questionaire/Short_rain_season/Aug_Sept_2020[1]/strategies_to_control_Stem-borer_Aug_Sept_2020[1]
Pesticides_Application,Rocket,High,uuid:8ab6100b-ab81-4016-9a01-e69d6a41ec8e/SCLAMP_EA_Questionaire/Short_rain_season/Aug_Sept_2020[1],uuid:8ab6100b-ab81-4016-9a01-e69d6a41ec8e/SCLAMP_EA_Questionaire/Short_rain_season/Aug_Sept_2020[1]/strategies_to_control_Stem-borer_Aug_Sept_2020[1]
Not_Applicable,,Low,uuid:91ebebfd-528a-48cd-89f3-c7ce65d7374c/SCLAMP_EA_Questionaire/Short_rain_season/Aug_Sept_2020[1],uuid:91ebebfd-528a-48cd-89f3-c7ce65d7374c/SCLAMP_EA_Questionaire/Short_rain_season/Aug_Sept_2020[1]/strategies_to_control_Stem-borer_Aug_Sept_2020[1]
Pesticides_Application,Ambrush,High,uuid:1c912811-732d-40f9-8c3b-945efe269ef5/SCLAMP_EA_Questionaire/Short_rain_season/Aug_Sept_2020[1],uuid:1c912811-732d-40f9-8c3b-945efe269ef5/SCLAMP_EA_Questionaire/Short_rain_season/Aug_Sept_2020[1]/strategies_to_control_Stem-borer_Aug_Sept_2020[1]
Pesticides_Application,Rocket,Medium,uuid:ed16eab9-16f2-4df0-8052-54481ac657ed/SCLAMP_EA_Questionaire/Short_rain_season/Aug_Sept_2020[1],uuid:ed16eab9-16f2-4df0-8052-54481ac657ed/SCLAMP_EA_Questionaire/Short_rain_season/Aug_Sept_2020[1]/strategies_to_control_Stem-borer_Aug_Sept_2020[1]
Pesticides_Application,Dudu  acemetin,High,uuid:b3b48ada-36b2-4c1b-a59b-507f9cce56a1/SCLAMP_EA_Questionaire/Short_rain_season/Aug_Sept_2020[1],uuid:b3b48ada-36b2-4c1b-a59b-507f9cce56a1/SCLAMP_EA_Questionaire/Short_rain_season/Aug_Sept_2020[1]/strategies_to_control_Stem-borer_Aug_Sept_2020[1]
Not_Applicable,,Low,uuid:bfa64993-2626-43ea-9de0-f2ff80e83467/SCLAMP_EA_Questionaire/Short_rain_season/Aug_Sept_2020[1],uuid:bfa64993-2626-43ea-9de0-f2ff80e83467/SCLAMP_EA_Questionaire/Short_rain_season/Aug_Sept_2020[1]/strategies_to_control_Stem-borer_Aug_Sept_2020[1]
Uprooting_Infested_Plant_And_Bu,,Low,uuid:0fb487ff-88ea-4e37-a2db-c9462a2c0ae5/SCLAMP_EA_Questionaire/Short_rain_season/Aug_Sept_2020[2],uuid:0fb487ff-88ea-4e37-a2db-c9462a2c0ae5/SCLAMP_EA_Questionaire/Short_rain_season/Aug_Sept_2020[2]/strategies_to_control_Stem-borer_Aug_Sept_2020[1]
Pesticides_Application,Rocket ,Medium,uuid:8b6c125a-5cd1-455e-b5e4-b8c7bc85f088/SCLAMP_EA_Questionaire/Short_rain_season/Aug_Sept_2020[2],uuid:8b6c125a-5cd1-455e-b5e4-b8c7bc85f088/SCLAMP_EA_Questionaire/Short_rain_season/Aug_Sept_2020[2]/strategies_to_control_Stem-borer_Aug_Sept_2020[1]
Not_Applicable,,Low,uuid:8a2e2b8d-4b7e-4492-b829-7c7167bcae4c/SCLAMP_EA_Questionaire/Short_rain_season/Aug_Sept_2020[1],uuid:8a2e2b8d-4b7e-4492-b829-7c7167bcae4c/SCLAMP_EA_Questionaire/Short_rain_season/Aug_Sept_2020[1]/strategies_to_control_Stem-borer_Aug_Sept_2020[1]
Mechanically_Remove_The_Insect_,,Low,uuid:9a2bb3af-05be-45f2-bf3b-a0ac1f0ed694/SCLAMP_EA_Questionaire/Short_rain_season/Aug_Sept_2020[1],uuid:9a2bb3af-05be-45f2-bf3b-a0ac1f0ed694/SCLAMP_EA_Questionaire/Short_rain_season/Aug_Sept_2020[1]/strategies_to_control_Stem-borer_Aug_Sept_2020[1]
Mechanically_Remove_The_Insect_,,Low,uuid:9a2bb3af-05be-45f2-bf3b-a0ac1f0ed694/SCLAMP_EA_Questionaire/Short_rain_season/Aug_Sept_2020[2],uuid:9a2bb3af-05be-45f2-bf3b-a0ac1f0ed694/SCLAMP_EA_Questionaire/Short_rain_season/Aug_Sept_2020[2]/strategies_to_control_Stem-borer_Aug_Sept_2020[1]
Crop_Rotation,,Medium,uuid:88ce6a0e-ffbc-493c-90d0-38b0983a59fa/SCLAMP_EA_Questionaire/Short_rain_season/Aug_Sept_2020[2],uuid:88ce6a0e-ffbc-493c-90d0-38b0983a59fa/SCLAMP_EA_Questionaire/Short_rain_season/Aug_Sept_2020[2]/strategies_to_control_Stem-borer_Aug_Sept_2020[1]
Pesticides_Application,Roket,High,uuid:88ce6a0e-ffbc-493c-90d0-38b0983a59fa/SCLAMP_EA_Questionaire/Short_rain_season/Aug_Sept_2020[2],uuid:88ce6a0e-ffbc-493c-90d0-38b0983a59fa/SCLAMP_EA_Questionaire/Short_rain_season/Aug_Sept_2020[2]/strategies_to_control_Stem-borer_Aug_Sept_2020[2]
Uprooting_Infested_Plant_And_Bu,,Low,uuid:88ce6a0e-ffbc-493c-90d0-38b0983a59fa/SCLAMP_EA_Questionaire/Short_rain_season/Aug_Sept_2020[2],uuid:88ce6a0e-ffbc-493c-90d0-38b0983a59fa/SCLAMP_EA_Questionaire/Short_rain_season/Aug_Sept_2020[2]/strategies_to_control_Stem-borer_Aug_Sept_2020[3]
Intercropping_With_Legumes,,Medium,uuid:40a23965-2f8c-4421-adf0-636a4feadb56/SCLAMP_EA_Questionaire/Short_rain_season/Aug_Sept_2020[1],uuid:40a23965-2f8c-4421-adf0-636a4feadb56/SCLAMP_EA_Questionaire/Short_rain_season/Aug_Sept_2020[1]/strategies_to_control_Stem-borer_Aug_Sept_2020[1]
Ash_pepper,,Low,uuid:40a23965-2f8c-4421-adf0-636a4feadb56/SCLAMP_EA_Questionaire/Short_rain_season/Aug_Sept_2020[1],uuid:40a23965-2f8c-4421-adf0-636a4feadb56/SCLAMP_EA_Questionaire/Short_rain_season/Aug_Sept_2020[1]/strategies_to_control_Stem-borer_Aug_Sept_2020[2]
Intercropping_With_Legumes,,Medium,uuid:40a23965-2f8c-4421-adf0-636a4feadb56/SCLAMP_EA_Questionaire/Short_rain_season/Aug_Sept_2020[2],uuid:40a23965-2f8c-4421-adf0-636a4feadb56/SCLAMP_EA_Questionaire/Short_rain_season/Aug_Sept_2020[2]/strategies_to_control_Stem-borer_Aug_Sept_2020[1]
Ash_pepper,,Low,uuid:40a23965-2f8c-4421-adf0-636a4feadb56/SCLAMP_EA_Questionaire/Short_rain_season/Aug_Sept_2020[2],uuid:40a23965-2f8c-4421-adf0-636a4feadb56/SCLAMP_EA_Questionaire/Short_rain_season/Aug_Sept_2020[2]/strategies_to_control_Stem-borer_Aug_Sept_2020[2]
Uprooting_Infested_Plant_And_Bu,,Low,uuid:40a23965-2f8c-4421-adf0-636a4feadb56/SCLAMP_EA_Questionaire/Short_rain_season/Aug_Sept_2020[2],uuid:40a23965-2f8c-4421-adf0-636a4feadb56/SCLAMP_EA_Questionaire/Short_rain_season/Aug_Sept_2020[2]/strategies_to_control_Stem-borer_Aug_Sept_2020[3]
Intercropping_With_Legumes,,Medium,uuid:2f718564-83ec-499c-80ba-ce222d6f7bb4/SCLAMP_EA_Questionaire/Short_rain_season/Aug_Sept_2020[1],uuid:2f718564-83ec-499c-80ba-ce222d6f7bb4/SCLAMP_EA_Questionaire/Short_rain_season/Aug_Sept_2020[1]/strategies_to_control_Stem-borer_Aug_Sept_2020[1]
Overweeding_Frequent_Weeding,,Low,uuid:2f718564-83ec-499c-80ba-ce222d6f7bb4/SCLAMP_EA_Questionaire/Short_rain_season/Aug_Sept_2020[1],uuid:2f718564-83ec-499c-80ba-ce222d6f7bb4/SCLAMP_EA_Questionaire/Short_rain_season/Aug_Sept_2020[1]/strategies_to_control_Stem-borer_Aug_Sept_2020[2]
Uprooting_Infested_Plant_And_Bu,,Medium,uuid:2f718564-83ec-499c-80ba-ce222d6f7bb4/SCLAMP_EA_Questionaire/Short_rain_season/Aug_Sept_2020[1],uuid:2f718564-83ec-499c-80ba-ce222d6f7bb4/SCLAMP_EA_Questionaire/Short_rain_season/Aug_Sept_2020[1]/strategies_to_control_Stem-borer_Aug_Sept_2020[3]
Intercropping_With_Legumes,,High,uuid:b7e7019d-45f4-4c3f-8a96-4d4440905ba8/SCLAMP_EA_Questionaire/Short_rain_season/Aug_Sept_2020[1],uuid:b7e7019d-45f4-4c3f-8a96-4d4440905ba8/SCLAMP_EA_Questionaire/Short_rain_season/Aug_Sept_2020[1]/strategies_to_control_Stem-borer_Aug_Sept_2020[1]
Uprooting_Infested_Plant_And_Bu,,Medium,uuid:b7e7019d-45f4-4c3f-8a96-4d4440905ba8/SCLAMP_EA_Questionaire/Short_rain_season/Aug_Sept_2020[1],uuid:b7e7019d-45f4-4c3f-8a96-4d4440905ba8/SCLAMP_EA_Questionaire/Short_rain_season/Aug_Sept_2020[1]/strategies_to_control_Stem-borer_Aug_Sept_2020[2]
Intercropping_With_Legumes,,Medium,uuid:b7e7019d-45f4-4c3f-8a96-4d4440905ba8/SCLAMP_EA_Questionaire/Short_rain_season/Aug_Sept_2020[2],uuid:b7e7019d-45f4-4c3f-8a96-4d4440905ba8/SCLAMP_EA_Questionaire/Short_rain_season/Aug_Sept_2020[2]/strategies_to_control_Stem-borer_Aug_Sept_2020[1]
Intercropping_With_Legumes,,Medium,uuid:b7e7019d-45f4-4c3f-8a96-4d4440905ba8/SCLAMP_EA_Questionaire/Short_rain_season/Aug_Sept_2020[3],uuid:b7e7019d-45f4-4c3f-8a96-4d4440905ba8/SCLAMP_EA_Questionaire/Short_rain_season/Aug_Sept_2020[3]/strategies_to_control_Stem-borer_Aug_Sept_2020[1]
Intercropping_With_Legumes,,Medium,uuid:357c98f1-9062-48e8-94ca-f6021bf43a00/SCLAMP_EA_Questionaire/Short_rain_season/Aug_Sept_2020[1],uuid:357c98f1-9062-48e8-94ca-f6021bf43a00/SCLAMP_EA_Questionaire/Short_rain_season/Aug_Sept_2020[1]/strategies_to_control_Stem-borer_Aug_Sept_2020[1]
Early_Planting,,Medium,uuid:357c98f1-9062-48e8-94ca-f6021bf43a00/SCLAMP_EA_Questionaire/Short_rain_season/Aug_Sept_2020[1],uuid:357c98f1-9062-48e8-94ca-f6021bf43a00/SCLAMP_EA_Questionaire/Short_rain_season/Aug_Sept_2020[1]/strategies_to_control_Stem-borer_Aug_Sept_2020[2]
Pesticides_Application,Tufgoe,High,uuid:fba9859a-2d82-4e50-a132-c51423e92138/SCLAMP_EA_Questionaire/Short_rain_season/Aug_Sept_2020[1],uuid:fba9859a-2d82-4e50-a132-c51423e92138/SCLAMP_EA_Questionaire/Short_rain_season/Aug_Sept_2020[1]/strategies_to_control_Stem-borer_Aug_Sept_2020[1]
Mechanically_Remove_The_Insect_,,Low,uuid:a462c631-cc91-4c58-90c5-ff0d1b4d3aac/SCLAMP_EA_Questionaire/Short_rain_season/Aug_Sept_2020[1],uuid:a462c631-cc91-4c58-90c5-ff0d1b4d3aac/SCLAMP_EA_Questionaire/Short_rain_season/Aug_Sept_2020[1]/strategies_to_control_Stem-borer_Aug_Sept_2020[1]
Mechanically_Remove_The_Insect_,,Low,uuid:ffb99610-52f8-42d6-ab8d-6aec84278a97/SCLAMP_EA_Questionaire/Short_rain_season/Aug_Sept_2020[1],uuid:ffb99610-52f8-42d6-ab8d-6aec84278a97/SCLAMP_EA_Questionaire/Short_rain_season/Aug_Sept_2020[1]/strategies_to_control_Stem-borer_Aug_Sept_2020[1]
Pesticides_Application,Don't know,Low,uuid:0338b47b-e685-4047-b210-cb2ff000db4c/SCLAMP_EA_Questionaire/Short_rain_season/Aug_Sept_2020[1],uuid:0338b47b-e685-4047-b210-cb2ff000db4c/SCLAMP_EA_Questionaire/Short_rain_season/Aug_Sept_2020[1]/strategies_to_control_Stem-borer_Aug_Sept_2020[1]
Pesticides_Application,Don't know,Low,uuid:0338b47b-e685-4047-b210-cb2ff000db4c/SCLAMP_EA_Questionaire/Short_rain_season/Aug_Sept_2020[2],uuid:0338b47b-e685-4047-b210-cb2ff000db4c/SCLAMP_EA_Questionaire/Short_rain_season/Aug_Sept_2020[2]/strategies_to_control_Stem-borer_Aug_Sept_2020[1]
Mechanically_Remove_The_Insect_,,Low,uuid:0338b47b-e685-4047-b210-cb2ff000db4c/SCLAMP_EA_Questionaire/Short_rain_season/Aug_Sept_2020[2],uuid:0338b47b-e685-4047-b210-cb2ff000db4c/SCLAMP_EA_Questionaire/Short_rain_season/Aug_Sept_2020[2]/strategies_to_control_Stem-borer_Aug_Sept_2020[2]
Pesticides_Application,Rocket,High,uuid:a94c4186-553f-42da-b7d5-a66cce3b0458/SCLAMP_EA_Questionaire/Short_rain_season/Aug_Sept_2020[1],uuid:a94c4186-553f-42da-b7d5-a66cce3b0458/SCLAMP_EA_Questionaire/Short_rain_season/Aug_Sept_2020[1]/strategies_to_control_Stem-borer_Aug_Sept_2020[1]
Mechanically_Remove_The_Insect_,,Low,uuid:a0015b82-7837-4c6f-86ba-df11c0e13cad/SCLAMP_EA_Questionaire/Short_rain_season/Aug_Sept_2020[1],uuid:a0015b82-7837-4c6f-86ba-df11c0e13cad/SCLAMP_EA_Questionaire/Short_rain_season/Aug_Sept_2020[1]/strategies_to_control_Stem-borer_Aug_Sept_2020[1]
Mechanically_Remove_The_Insect_,,Low,uuid:7606408a-7fff-4fca-a9da-6a5f16856ea9/SCLAMP_EA_Questionaire/Short_rain_season/Aug_Sept_2020[1],uuid:7606408a-7fff-4fca-a9da-6a5f16856ea9/SCLAMP_EA_Questionaire/Short_rain_season/Aug_Sept_2020[1]/strategies_to_control_Stem-borer_Aug_Sept_2020[1]
Mechanically_Remove_The_Insect_,,Low,uuid:e1b876cd-fbb8-4c2f-aafa-ff24ba6340d4/SCLAMP_EA_Questionaire/Short_rain_season/Aug_Sept_2020[1],uuid:e1b876cd-fbb8-4c2f-aafa-ff24ba6340d4/SCLAMP_EA_Questionaire/Short_rain_season/Aug_Sept_2020[1]/strategies_to_control_Stem-borer_Aug_Sept_2020[1]
Mechanically_Remove_The_Insect_,,Low,uuid:e1b876cd-fbb8-4c2f-aafa-ff24ba6340d4/SCLAMP_EA_Questionaire/Short_rain_season/Aug_Sept_2020[2],uuid:e1b876cd-fbb8-4c2f-aafa-ff24ba6340d4/SCLAMP_EA_Questionaire/Short_rain_season/Aug_Sept_2020[2]/strategies_to_control_Stem-borer_Aug_Sept_2020[1]
Pesticides_Application,Dudu cyper ,Medium,uuid:fc2c8191-ea53-4fcb-8b2a-7417de3dd844/SCLAMP_EA_Questionaire/Short_rain_season/Aug_Sept_2020[2],uuid:fc2c8191-ea53-4fcb-8b2a-7417de3dd844/SCLAMP_EA_Questionaire/Short_rain_season/Aug_Sept_2020[2]/strategies_to_control_Stem-borer_Aug_Sept_2020[1]
Pesticides_Application,Don't know ,Low,uuid:399f5648-1717-4bd5-915d-d14945503c52/SCLAMP_EA_Questionaire/Short_rain_season/Aug_Sept_2020[1],uuid:399f5648-1717-4bd5-915d-d14945503c52/SCLAMP_EA_Questionaire/Short_rain_season/Aug_Sept_2020[1]/strategies_to_control_Stem-borer_Aug_Sept_2020[1]
Herbal_Plants,,Low,uuid:b0a54d36-3d01-4011-8dc4-e6d2fcc8383e/SCLAMP_EA_Questionaire/Short_rain_season/Aug_Sept_2020[1],uuid:b0a54d36-3d01-4011-8dc4-e6d2fcc8383e/SCLAMP_EA_Questionaire/Short_rain_season/Aug_Sept_2020[1]/strategies_to_control_Stem-borer_Aug_Sept_2020[1]
Push_pull_Technology,,Low,uuid:1e4e60cd-111b-4ef5-9730-cfa7e59b97a4/SCLAMP_EA_Questionaire/Short_rain_season/Aug_Sept_2020[1],uuid:1e4e60cd-111b-4ef5-9730-cfa7e59b97a4/SCLAMP_EA_Questionaire/Short_rain_season/Aug_Sept_2020[1]/strategies_to_control_Stem-borer_Aug_Sept_2020[1]
Push_pull_Technology,,Low,uuid:1e4e60cd-111b-4ef5-9730-cfa7e59b97a4/SCLAMP_EA_Questionaire/Short_rain_season/Aug_Sept_2020[2],uuid:1e4e60cd-111b-4ef5-9730-cfa7e59b97a4/SCLAMP_EA_Questionaire/Short_rain_season/Aug_Sept_2020[2]/strategies_to_control_Stem-borer_Aug_Sept_2020[1]
Mechanically_Remove_The_Insect_,,Low,uuid:01385028-0559-4e7c-8fe3-75a26ca60907/SCLAMP_EA_Questionaire/Short_rain_season/Aug_Sept_2020[1],uuid:01385028-0559-4e7c-8fe3-75a26ca60907/SCLAMP_EA_Questionaire/Short_rain_season/Aug_Sept_2020[1]/strategies_to_control_Stem-borer_Aug_Sept_2020[1]
Mechanically_Remove_The_Insect_,,Low,uuid:fbdd77d7-1f73-4f36-8298-92e97bef54e5/SCLAMP_EA_Questionaire/Short_rain_season/Aug_Sept_2020[1],uuid:fbdd77d7-1f73-4f36-8298-92e97bef54e5/SCLAMP_EA_Questionaire/Short_rain_season/Aug_Sept_2020[1]/strategies_to_control_Stem-borer_Aug_Sept_2020[1]
Mechanically_Remove_The_Insect_,,Low,uuid:12608c54-abdb-442e-9874-f8a480f3554c/SCLAMP_EA_Questionaire/Short_rain_season/Aug_Sept_2020[1],uuid:12608c54-abdb-442e-9874-f8a480f3554c/SCLAMP_EA_Questionaire/Short_rain_season/Aug_Sept_2020[1]/strategies_to_control_Stem-borer_Aug_Sept_2020[1]
Pesticides_Application,Dudu,Medium,uuid:871c04d8-aeb3-4e6a-b3e0-cfde6dae3a8a/SCLAMP_EA_Questionaire/Short_rain_season/Aug_Sept_2020[1],uuid:871c04d8-aeb3-4e6a-b3e0-cfde6dae3a8a/SCLAMP_EA_Questionaire/Short_rain_season/Aug_Sept_2020[1]/strategies_to_control_Stem-borer_Aug_Sept_2020[1]
Not_Applicable,,Low,uuid:1bf4e1f4-1c3b-47a4-9889-57aa54207e0e/SCLAMP_EA_Questionaire/Short_rain_season/Aug_Sept_2020[1],uuid:1bf4e1f4-1c3b-47a4-9889-57aa54207e0e/SCLAMP_EA_Questionaire/Short_rain_season/Aug_Sept_2020[1]/strategies_to_control_Stem-borer_Aug_Sept_2020[1]
Not_Applicable,,Low,uuid:8f227f55-8816-4493-a646-57e0daf307e6/SCLAMP_EA_Questionaire/Short_rain_season/Aug_Sept_2020[1],uuid:8f227f55-8816-4493-a646-57e0daf307e6/SCLAMP_EA_Questionaire/Short_rain_season/Aug_Sept_2020[1]/strategies_to_control_Stem-borer_Aug_Sept_2020[1]
Mechanically_Remove_The_Insect_,,Low,uuid:8f227f55-8816-4493-a646-57e0daf307e6/SCLAMP_EA_Questionaire/Short_rain_season/Aug_Sept_2020[2],uuid:8f227f55-8816-4493-a646-57e0daf307e6/SCLAMP_EA_Questionaire/Short_rain_season/Aug_Sept_2020[2]/strategies_to_control_Stem-borer_Aug_Sept_2020[1]
Not_Applicable,,Low,uuid:3e002f74-407c-4805-be85-dddc1b48217a/SCLAMP_EA_Questionaire/Short_rain_season/Aug_Sept_2020[1],uuid:3e002f74-407c-4805-be85-dddc1b48217a/SCLAMP_EA_Questionaire/Short_rain_season/Aug_Sept_2020[1]/strategies_to_control_Stem-borer_Aug_Sept_2020[1]
Pesticides_Application,Rocket,Medium,uuid:73223edc-2e98-4a5a-92a1-538259a03cb2/SCLAMP_EA_Questionaire/Short_rain_season/Aug_Sept_2020[1],uuid:73223edc-2e98-4a5a-92a1-538259a03cb2/SCLAMP_EA_Questionaire/Short_rain_season/Aug_Sept_2020[1]/strategies_to_control_Stem-borer_Aug_Sept_2020[1]
Pesticides_Application,Larvae ,High,uuid:9ea35354-172a-4dff-b467-c2c1821ba56c/SCLAMP_EA_Questionaire/Short_rain_season/Aug_Sept_2020[1],uuid:9ea35354-172a-4dff-b467-c2c1821ba56c/SCLAMP_EA_Questionaire/Short_rain_season/Aug_Sept_2020[1]/strategies_to_control_Stem-borer_Aug_Sept_2020[1]
Pesticides_Application,Dudu ,Low,uuid:0ad8722b-76ec-4b04-bb8d-72f96b744be2/SCLAMP_EA_Questionaire/Short_rain_season/Aug_Sept_2020[1],uuid:0ad8722b-76ec-4b04-bb8d-72f96b744be2/SCLAMP_EA_Questionaire/Short_rain_season/Aug_Sept_2020[1]/strategies_to_control_Stem-borer_Aug_Sept_2020[1]
Pesticides_Application,Don't know ,Medium,uuid:025731bf-12fb-4d84-ba4d-e2f7374f761d/SCLAMP_EA_Questionaire/Short_rain_season/Aug_Sept_2020[1],uuid:025731bf-12fb-4d84-ba4d-e2f7374f761d/SCLAMP_EA_Questionaire/Short_rain_season/Aug_Sept_2020[1]/strategies_to_control_Stem-borer_Aug_Sept_2020[1]
Mechanically_Remove_The_Insect_,,Low,uuid:2db21b0b-5956-4426-afad-185484d5200b/SCLAMP_EA_Questionaire/Short_rain_season/Aug_Sept_2020[1],uuid:2db21b0b-5956-4426-afad-185484d5200b/SCLAMP_EA_Questionaire/Short_rain_season/Aug_Sept_2020[1]/strategies_to_control_Stem-borer_Aug_Sept_2020[1]
Not_Applicable,,Low,uuid:2db21b0b-5956-4426-afad-185484d5200b/SCLAMP_EA_Questionaire/Short_rain_season/Aug_Sept_2020[2],uuid:2db21b0b-5956-4426-afad-185484d5200b/SCLAMP_EA_Questionaire/Short_rain_season/Aug_Sept_2020[2]/strategies_to_control_Stem-borer_Aug_Sept_2020[1]
Not_Applicable,,Low,uuid:2e8ae5d7-7afa-48f1-a7e3-eb85797fe045/SCLAMP_EA_Questionaire/Short_rain_season/Aug_Sept_2020[1],uuid:2e8ae5d7-7afa-48f1-a7e3-eb85797fe045/SCLAMP_EA_Questionaire/Short_rain_season/Aug_Sept_2020[1]/strategies_to_control_Stem-borer_Aug_Sept_2020[1]
Not_Applicable,,Low,uuid:63282e91-cfb6-4913-9eaf-a904013b92da/SCLAMP_EA_Questionaire/Short_rain_season/Aug_Sept_2020[1],uuid:63282e91-cfb6-4913-9eaf-a904013b92da/SCLAMP_EA_Questionaire/Short_rain_season/Aug_Sept_2020[1]/strategies_to_control_Stem-borer_Aug_Sept_2020[1]
Not_Applicable,,Low,uuid:167ff4f1-1ba5-4c12-b5ae-c26e1a185bf5/SCLAMP_EA_Questionaire/Short_rain_season/Aug_Sept_2020[1],uuid:167ff4f1-1ba5-4c12-b5ae-c26e1a185bf5/SCLAMP_EA_Questionaire/Short_rain_season/Aug_Sept_2020[1]/strategies_to_control_Stem-borer_Aug_Sept_2020[1]
Pesticides_Application,Rocket,Low,uuid:b75c2d33-8117-485c-8821-26b9c9dc3ec5/SCLAMP_EA_Questionaire/Short_rain_season/Aug_Sept_2020[1],uuid:b75c2d33-8117-485c-8821-26b9c9dc3ec5/SCLAMP_EA_Questionaire/Short_rain_season/Aug_Sept_2020[1]/strategies_to_control_Stem-borer_Aug_Sept_2020[1]
Pesticides_Application,Rocket,Medium,uuid:363b3b58-7fc0-4142-9cfd-fad5780c18e0/SCLAMP_EA_Questionaire/Short_rain_season/Aug_Sept_2020[1],uuid:363b3b58-7fc0-4142-9cfd-fad5780c18e0/SCLAMP_EA_Questionaire/Short_rain_season/Aug_Sept_2020[1]/strategies_to_control_Stem-borer_Aug_Sept_2020[1]
Pesticides_Application,Rocket,Low,uuid:e16d958f-170c-4826-bc3d-59443bd7b2f7/SCLAMP_EA_Questionaire/Short_rain_season/Aug_Sept_2020[1],uuid:e16d958f-170c-4826-bc3d-59443bd7b2f7/SCLAMP_EA_Questionaire/Short_rain_season/Aug_Sept_2020[1]/strategies_to_control_Stem-borer_Aug_Sept_2020[1]
Pesticides_Application,Rocket,High,uuid:e16d958f-170c-4826-bc3d-59443bd7b2f7/SCLAMP_EA_Questionaire/Short_rain_season/Aug_Sept_2020[2],uuid:e16d958f-170c-4826-bc3d-59443bd7b2f7/SCLAMP_EA_Questionaire/Short_rain_season/Aug_Sept_2020[2]/strategies_to_control_Stem-borer_Aug_Sept_2020[1]
Not_Applicable,,Low,uuid:465409d0-9be8-46a9-9f70-854b46254cec/SCLAMP_EA_Questionaire/Short_rain_season/Aug_Sept_2020[1],uuid:465409d0-9be8-46a9-9f70-854b46254cec/SCLAMP_EA_Questionaire/Short_rain_season/Aug_Sept_2020[1]/strategies_to_control_Stem-borer_Aug_Sept_2020[1]
Pesticides_Application,Rocket,Medium,uuid:8ea0b9ce-9774-4909-b25c-6b5f0a5810c0/SCLAMP_EA_Questionaire/Short_rain_season/Aug_Sept_2020[1],uuid:8ea0b9ce-9774-4909-b25c-6b5f0a5810c0/SCLAMP_EA_Questionaire/Short_rain_season/Aug_Sept_2020[1]/strategies_to_control_Stem-borer_Aug_Sept_2020[1]
Pesticides_Application,Rocket,Medium,uuid:8ea0b9ce-9774-4909-b25c-6b5f0a5810c0/SCLAMP_EA_Questionaire/Short_rain_season/Aug_Sept_2020[3],uuid:8ea0b9ce-9774-4909-b25c-6b5f0a5810c0/SCLAMP_EA_Questionaire/Short_rain_season/Aug_Sept_2020[3]/strategies_to_control_Stem-borer_Aug_Sept_2020[1]
Uprooting_Infested_Plant_And_Bu,,Low,uuid:501eb22c-da4d-4cdc-b1a1-d4b1ba8e6360/SCLAMP_EA_Questionaire/Short_rain_season/Aug_Sept_2020[1],uuid:501eb22c-da4d-4cdc-b1a1-d4b1ba8e6360/SCLAMP_EA_Questionaire/Short_rain_season/Aug_Sept_2020[1]/strategies_to_control_Stem-borer_Aug_Sept_2020[1]
Ash_pepper,,Low,uuid:501eb22c-da4d-4cdc-b1a1-d4b1ba8e6360/SCLAMP_EA_Questionaire/Short_rain_season/Aug_Sept_2020[1],uuid:501eb22c-da4d-4cdc-b1a1-d4b1ba8e6360/SCLAMP_EA_Questionaire/Short_rain_season/Aug_Sept_2020[1]/strategies_to_control_Stem-borer_Aug_Sept_2020[2]
Not_Applicable,,Low,uuid:04b1de55-4612-4637-abe2-2f9a59ffd903/SCLAMP_EA_Questionaire/Short_rain_season/Aug_Sept_2020[1],uuid:04b1de55-4612-4637-abe2-2f9a59ffd903/SCLAMP_EA_Questionaire/Short_rain_season/Aug_Sept_2020[1]/strategies_to_control_Stem-borer_Aug_Sept_2020[1]
Pesticides_Application,Larva force ,Medium,uuid:b015ca0d-d4fe-4e14-a86c-31ff1b59d005/SCLAMP_EA_Questionaire/Short_rain_season/Aug_Sept_2020[2],uuid:b015ca0d-d4fe-4e14-a86c-31ff1b59d005/SCLAMP_EA_Questionaire/Short_rain_season/Aug_Sept_2020[2]/strategies_to_control_Stem-borer_Aug_Sept_2020[1]
Pesticides_Application,Striker and potrine,High,uuid:54729e38-076c-452b-9e7d-12d509dcf84b/SCLAMP_EA_Questionaire/Short_rain_season/Aug_Sept_2020[1],uuid:54729e38-076c-452b-9e7d-12d509dcf84b/SCLAMP_EA_Questionaire/Short_rain_season/Aug_Sept_2020[1]/strategies_to_control_Stem-borer_Aug_Sept_2020[1]
Mechanically_Remove_The_Insect_,,Low,uuid:bd68435f-87fa-4ae4-867c-4d04276cc6c7/SCLAMP_EA_Questionaire/Short_rain_season/Aug_Sept_2020[1],uuid:bd68435f-87fa-4ae4-867c-4d04276cc6c7/SCLAMP_EA_Questionaire/Short_rain_season/Aug_Sept_2020[1]/strategies_to_control_Stem-borer_Aug_Sept_2020[1]
Mechanically_Remove_The_Insect_,,Low,uuid:96d8d923-2fa6-45c7-ad34-daa5a92057c7/SCLAMP_EA_Questionaire/Short_rain_season/Aug_Sept_2020[1],uuid:96d8d923-2fa6-45c7-ad34-daa5a92057c7/SCLAMP_EA_Questionaire/Short_rain_season/Aug_Sept_2020[1]/strategies_to_control_Stem-borer_Aug_Sept_2020[1]
Mechanically_Remove_The_Insect_,,Medium,uuid:34d636da-763f-4455-86c4-5b14d06904d7/SCLAMP_EA_Questionaire/Short_rain_season/Aug_Sept_2020[1],uuid:34d636da-763f-4455-86c4-5b14d06904d7/SCLAMP_EA_Questionaire/Short_rain_season/Aug_Sept_2020[1]/strategies_to_control_Stem-borer_Aug_Sept_2020[1]
Mechanically_Remove_The_Insect_,,Low,uuid:3cc2a0e0-7d55-455d-b46d-c3d5be5a7e73/SCLAMP_EA_Questionaire/Short_rain_season/Aug_Sept_2020[1],uuid:3cc2a0e0-7d55-455d-b46d-c3d5be5a7e73/SCLAMP_EA_Questionaire/Short_rain_season/Aug_Sept_2020[1]/strategies_to_control_Stem-borer_Aug_Sept_2020[1]
Pesticides_Application,Rocket ,Medium,uuid:423ef76e-4803-4832-af87-de38e6d97a0d/SCLAMP_EA_Questionaire/Short_rain_season/Aug_Sept_2020[1],uuid:423ef76e-4803-4832-af87-de38e6d97a0d/SCLAMP_EA_Questionaire/Short_rain_season/Aug_Sept_2020[1]/strategies_to_control_Stem-borer_Aug_Sept_2020[1]
Not_Applicable,,Low,uuid:3507a620-cdac-49db-b02a-badd0c7b399e/SCLAMP_EA_Questionaire/Short_rain_season/Aug_Sept_2020[1],uuid:3507a620-cdac-49db-b02a-badd0c7b399e/SCLAMP_EA_Questionaire/Short_rain_season/Aug_Sept_2020[1]/strategies_to_control_Stem-borer_Aug_Sept_2020[1]
Pesticides_Application,Rocket,High,uuid:a2aa4c0a-6cc2-43f7-972c-86f30290d013/SCLAMP_EA_Questionaire/Short_rain_season/Aug_Sept_2020[1],uuid:a2aa4c0a-6cc2-43f7-972c-86f30290d013/SCLAMP_EA_Questionaire/Short_rain_season/Aug_Sept_2020[1]/strategies_to_control_Stem-borer_Aug_Sept_2020[1]
Pesticides_Application,Rocket,Low,uuid:f799df60-6764-4553-b417-994da0ce80a0/SCLAMP_EA_Questionaire/Short_rain_season/Aug_Sept_2020[1],uuid:f799df60-6764-4553-b417-994da0ce80a0/SCLAMP_EA_Questionaire/Short_rain_season/Aug_Sept_2020[1]/strategies_to_control_Stem-borer_Aug_Sept_2020[1]
Not_Applicable,,Low,uuid:3806c404-49ee-4ea5-af32-6838eed8c5ea/SCLAMP_EA_Questionaire/Short_rain_season/Aug_Sept_2020[1],uuid:3806c404-49ee-4ea5-af32-6838eed8c5ea/SCLAMP_EA_Questionaire/Short_rain_season/Aug_Sept_2020[1]/strategies_to_control_Stem-borer_Aug_Sept_2020[1]
Overweeding_Frequent_Weeding,,Medium,uuid:8ea3c974-2773-4887-b876-67a06afe9ad0/SCLAMP_EA_Questionaire/Short_rain_season/Aug_Sept_2020[1],uuid:8ea3c974-2773-4887-b876-67a06afe9ad0/SCLAMP_EA_Questionaire/Short_rain_season/Aug_Sept_2020[1]/strategies_to_control_Stem-borer_Aug_Sept_2020[1]
Pesticides_Application,Rocket ,Medium,uuid:e6805d24-ed14-4724-a2ea-b94dddaaf315/SCLAMP_EA_Questionaire/Short_rain_season/Aug_Sept_2020[1],uuid:e6805d24-ed14-4724-a2ea-b94dddaaf315/SCLAMP_EA_Questionaire/Short_rain_season/Aug_Sept_2020[1]/strategies_to_control_Stem-borer_Aug_Sept_2020[1]
Pesticides_Application,Rocket ,Medium,uuid:e98894f1-3d48-4609-9099-c1dab11f0729/SCLAMP_EA_Questionaire/Short_rain_season/Aug_Sept_2020[1],uuid:e98894f1-3d48-4609-9099-c1dab11f0729/SCLAMP_EA_Questionaire/Short_rain_season/Aug_Sept_2020[1]/strategies_to_control_Stem-borer_Aug_Sept_2020[1]
Pesticides_Application,Rocket,Low,uuid:c2b9c147-bc78-407a-a3ec-9f8a53778b15/SCLAMP_EA_Questionaire/Short_rain_season/Aug_Sept_2020[1],uuid:c2b9c147-bc78-407a-a3ec-9f8a53778b15/SCLAMP_EA_Questionaire/Short_rain_season/Aug_Sept_2020[1]/strategies_to_control_Stem-borer_Aug_Sept_2020[1]
Mechanically_Remove_The_Insect_,,Low,uuid:a364b4b1-a577-4607-bdec-8e0eacced241/SCLAMP_EA_Questionaire/Short_rain_season/Aug_Sept_2020[1],uuid:a364b4b1-a577-4607-bdec-8e0eacced241/SCLAMP_EA_Questionaire/Short_rain_season/Aug_Sept_2020[1]/strategies_to_control_Stem-borer_Aug_Sept_2020[1]
Pesticides_Application,Rocket,Medium,uuid:6a744ca6-83d9-4df7-91f9-77f28ec4a1b0/SCLAMP_EA_Questionaire/Short_rain_season/Aug_Sept_2020[2],uuid:6a744ca6-83d9-4df7-91f9-77f28ec4a1b0/SCLAMP_EA_Questionaire/Short_rain_season/Aug_Sept_2020[2]/strategies_to_control_Stem-borer_Aug_Sept_2020[1]
Intercropping_With_Legumes,,Medium,uuid:70a8cb2c-691a-448c-8676-eae4e3c8e20a/SCLAMP_EA_Questionaire/Short_rain_season/Aug_Sept_2020[1],uuid:70a8cb2c-691a-448c-8676-eae4e3c8e20a/SCLAMP_EA_Questionaire/Short_rain_season/Aug_Sept_2020[1]/strategies_to_control_Stem-borer_Aug_Sept_2020[1]
Uprooting_Infested_Plant_And_Bu,,Medium,uuid:70a8cb2c-691a-448c-8676-eae4e3c8e20a/SCLAMP_EA_Questionaire/Short_rain_season/Aug_Sept_2020[1],uuid:70a8cb2c-691a-448c-8676-eae4e3c8e20a/SCLAMP_EA_Questionaire/Short_rain_season/Aug_Sept_2020[1]/strategies_to_control_Stem-borer_Aug_Sept_2020[2]
Not_Applicable,,High,uuid:fb85054d-4557-4ea7-869b-0543a84c544d/SCLAMP_EA_Questionaire/Short_rain_season/Aug_Sept_2020[1],uuid:fb85054d-4557-4ea7-869b-0543a84c544d/SCLAMP_EA_Questionaire/Short_rain_season/Aug_Sept_2020[1]/strategies_to_control_Stem-borer_Aug_Sept_2020[1]
Ash_pepper,,Low,uuid:fb85054d-4557-4ea7-869b-0543a84c544d/SCLAMP_EA_Questionaire/Short_rain_season/Aug_Sept_2020[2],uuid:fb85054d-4557-4ea7-869b-0543a84c544d/SCLAMP_EA_Questionaire/Short_rain_season/Aug_Sept_2020[2]/strategies_to_control_Stem-borer_Aug_Sept_2020[1]
Manure_Application,,Medium,uuid:a2ae917f-d30a-49e3-9585-6412e77d8609/SCLAMP_EA_Questionaire/Short_rain_season/Aug_Sept_2020[2],uuid:a2ae917f-d30a-49e3-9585-6412e77d8609/SCLAMP_EA_Questionaire/Short_rain_season/Aug_Sept_2020[2]/strategies_to_control_Stem-borer_Aug_Sept_2020[1]
Crop_Rotation,,Medium,uuid:a2ae917f-d30a-49e3-9585-6412e77d8609/SCLAMP_EA_Questionaire/Short_rain_season/Aug_Sept_2020[2],uuid:a2ae917f-d30a-49e3-9585-6412e77d8609/SCLAMP_EA_Questionaire/Short_rain_season/Aug_Sept_2020[2]/strategies_to_control_Stem-borer_Aug_Sept_2020[2]
Push_pull_Technology,,High,uuid:a2ae917f-d30a-49e3-9585-6412e77d8609/SCLAMP_EA_Questionaire/Short_rain_season/Aug_Sept_2020[2],uuid:a2ae917f-d30a-49e3-9585-6412e77d8609/SCLAMP_EA_Questionaire/Short_rain_season/Aug_Sept_2020[2]/strategies_to_control_Stem-borer_Aug_Sept_2020[3]
Pesticides_Application,Roket,High,uuid:a2ae917f-d30a-49e3-9585-6412e77d8609/SCLAMP_EA_Questionaire/Short_rain_season/Aug_Sept_2020[3],uuid:a2ae917f-d30a-49e3-9585-6412e77d8609/SCLAMP_EA_Questionaire/Short_rain_season/Aug_Sept_2020[3]/strategies_to_control_Stem-borer_Aug_Sept_2020[1]
Crop_Rotation,,Medium,uuid:a2ae917f-d30a-49e3-9585-6412e77d8609/SCLAMP_EA_Questionaire/Short_rain_season/Aug_Sept_2020[3],uuid:a2ae917f-d30a-49e3-9585-6412e77d8609/SCLAMP_EA_Questionaire/Short_rain_season/Aug_Sept_2020[3]/strategies_to_control_Stem-borer_Aug_Sept_2020[2]
Manure_Application,,Medium,uuid:a2ae917f-d30a-49e3-9585-6412e77d8609/SCLAMP_EA_Questionaire/Short_rain_season/Aug_Sept_2020[3],uuid:a2ae917f-d30a-49e3-9585-6412e77d8609/SCLAMP_EA_Questionaire/Short_rain_season/Aug_Sept_2020[3]/strategies_to_control_Stem-borer_Aug_Sept_2020[3]
Pesticides_Application,Eminent 5 WDG,High,uuid:9ce59e4a-a05e-4a9d-aeb4-6e38d8c6f657/SCLAMP_EA_Questionaire/Short_rain_season/Aug_Sept_2020[1],uuid:9ce59e4a-a05e-4a9d-aeb4-6e38d8c6f657/SCLAMP_EA_Questionaire/Short_rain_season/Aug_Sept_2020[1]/strategies_to_control_Stem-borer_Aug_Sept_2020[1]
Crop_Rotation,,Medium,uuid:e3ac3722-0ecf-402c-a02f-774b1837d753/SCLAMP_EA_Questionaire/Short_rain_season/Aug_Sept_2020[3],uuid:e3ac3722-0ecf-402c-a02f-774b1837d753/SCLAMP_EA_Questionaire/Short_rain_season/Aug_Sept_2020[3]/strategies_to_control_Stem-borer_Aug_Sept_2020[1]
Intercropping_With_Legumes,,Low,uuid:e3ac3722-0ecf-402c-a02f-774b1837d753/SCLAMP_EA_Questionaire/Short_rain_season/Aug_Sept_2020[3],uuid:e3ac3722-0ecf-402c-a02f-774b1837d753/SCLAMP_EA_Questionaire/Short_rain_season/Aug_Sept_2020[3]/strategies_to_control_Stem-borer_Aug_Sept_2020[2]
Mechanically_Remove_The_Insect_,,Low,uuid:3e23f659-08b9-487b-8ccd-12c90ba9dfe5/SCLAMP_EA_Questionaire/Short_rain_season/Aug_Sept_2020[1],uuid:3e23f659-08b9-487b-8ccd-12c90ba9dfe5/SCLAMP_EA_Questionaire/Short_rain_season/Aug_Sept_2020[1]/strategies_to_control_Stem-borer_Aug_Sept_2020[1]
Pesticides_Application,Striker,High,uuid:64901c90-40ca-4005-afec-9d419590afe7/SCLAMP_EA_Questionaire/Short_rain_season/Aug_Sept_2020[1],uuid:64901c90-40ca-4005-afec-9d419590afe7/SCLAMP_EA_Questionaire/Short_rain_season/Aug_Sept_2020[1]/strategies_to_control_Stem-borer_Aug_Sept_2020[1]
Mechanically_Remove_The_Insect_,,Low,uuid:142c0d75-4831-4a26-9d37-21ac828565c4/SCLAMP_EA_Questionaire/Short_rain_season/Aug_Sept_2020[1],uuid:142c0d75-4831-4a26-9d37-21ac828565c4/SCLAMP_EA_Questionaire/Short_rain_season/Aug_Sept_2020[1]/strategies_to_control_Stem-borer_Aug_Sept_2020[1]
Mechanically_Remove_The_Insect_,,Low,uuid:41726afc-6d56-4cff-a79a-fc1586ae2342/SCLAMP_EA_Questionaire/Short_rain_season/Aug_Sept_2020[1],uuid:41726afc-6d56-4cff-a79a-fc1586ae2342/SCLAMP_EA_Questionaire/Short_rain_season/Aug_Sept_2020[1]/strategies_to_control_Stem-borer_Aug_Sept_2020[1]
Mechanically_Remove_The_Insect_,,Low,uuid:41726afc-6d56-4cff-a79a-fc1586ae2342/SCLAMP_EA_Questionaire/Short_rain_season/Aug_Sept_2020[2],uuid:41726afc-6d56-4cff-a79a-fc1586ae2342/SCLAMP_EA_Questionaire/Short_rain_season/Aug_Sept_2020[2]/strategies_to_control_Stem-borer_Aug_Sept_2020[1]
Push_pull_Technology,,Low,uuid:2106354c-c65e-4d7a-a6e7-086e8066fde2/SCLAMP_EA_Questionaire/Short_rain_season/Aug_Sept_2020[3],uuid:2106354c-c65e-4d7a-a6e7-086e8066fde2/SCLAMP_EA_Questionaire/Short_rain_season/Aug_Sept_2020[3]/strategies_to_control_Stem-borer_Aug_Sept_2020[1]
Pesticides_Application,Ambush,High,uuid:02f03a73-8df1-4a49-9c9a-e53e4b70d646/SCLAMP_EA_Questionaire/Short_rain_season/Aug_Sept_2020[1],uuid:02f03a73-8df1-4a49-9c9a-e53e4b70d646/SCLAMP_EA_Questionaire/Short_rain_season/Aug_Sept_2020[1]/strategies_to_control_Stem-borer_Aug_Sept_2020[1]
Ash_pepper,,Low,uuid:02f03a73-8df1-4a49-9c9a-e53e4b70d646/SCLAMP_EA_Questionaire/Short_rain_season/Aug_Sept_2020[1],uuid:02f03a73-8df1-4a49-9c9a-e53e4b70d646/SCLAMP_EA_Questionaire/Short_rain_season/Aug_Sept_2020[1]/strategies_to_control_Stem-borer_Aug_Sept_2020[2]
Early_Planting,,Low,uuid:02f03a73-8df1-4a49-9c9a-e53e4b70d646/SCLAMP_EA_Questionaire/Short_rain_season/Aug_Sept_2020[1],uuid:02f03a73-8df1-4a49-9c9a-e53e4b70d646/SCLAMP_EA_Questionaire/Short_rain_season/Aug_Sept_2020[1]/strategies_to_control_Stem-borer_Aug_Sept_2020[3]
Pesticides_Application,Rocket,Medium,uuid:a0057bf5-96e7-449a-8f49-a7c5d882f4e0/SCLAMP_EA_Questionaire/Short_rain_season/Aug_Sept_2020[1],uuid:a0057bf5-96e7-449a-8f49-a7c5d882f4e0/SCLAMP_EA_Questionaire/Short_rain_season/Aug_Sept_2020[1]/strategies_to_control_Stem-borer_Aug_Sept_2020[1]
Pesticides_Application,Rocket,Medium,uuid:a0057bf5-96e7-449a-8f49-a7c5d882f4e0/SCLAMP_EA_Questionaire/Short_rain_season/Aug_Sept_2020[2],uuid:a0057bf5-96e7-449a-8f49-a7c5d882f4e0/SCLAMP_EA_Questionaire/Short_rain_season/Aug_Sept_2020[2]/strategies_to_control_Stem-borer_Aug_Sept_2020[1]
Mechanically_Remove_The_Insect_,,Medium,uuid:a0057bf5-96e7-449a-8f49-a7c5d882f4e0/SCLAMP_EA_Questionaire/Short_rain_season/Aug_Sept_2020[2],uuid:a0057bf5-96e7-449a-8f49-a7c5d882f4e0/SCLAMP_EA_Questionaire/Short_rain_season/Aug_Sept_2020[2]/strategies_to_control_Stem-borer_Aug_Sept_2020[2]
Pesticides_Application,Tafuga,High,uuid:5ca9fb80-aad8-4737-9cc7-e34c5fe336a7/SCLAMP_EA_Questionaire/Short_rain_season/Aug_Sept_2020[1],uuid:5ca9fb80-aad8-4737-9cc7-e34c5fe336a7/SCLAMP_EA_Questionaire/Short_rain_season/Aug_Sept_2020[1]/strategies_to_control_Stem-borer_Aug_Sept_2020[1]
Pesticides_Application,Tafuga,High,uuid:5ca9fb80-aad8-4737-9cc7-e34c5fe336a7/SCLAMP_EA_Questionaire/Short_rain_season/Aug_Sept_2020[4],uuid:5ca9fb80-aad8-4737-9cc7-e34c5fe336a7/SCLAMP_EA_Questionaire/Short_rain_season/Aug_Sept_2020[4]/strategies_to_control_Stem-borer_Aug_Sept_2020[1]
Pesticides_Application,Doesn't remember,High,uuid:f376dee1-79eb-4178-af15-fb8a0a7ebd33/SCLAMP_EA_Questionaire/Short_rain_season/Aug_Sept_2020[1],uuid:f376dee1-79eb-4178-af15-fb8a0a7ebd33/SCLAMP_EA_Questionaire/Short_rain_season/Aug_Sept_2020[1]/strategies_to_control_Stem-borer_Aug_Sept_2020[1]
Crop_Rotation,,Medium,uuid:f376dee1-79eb-4178-af15-fb8a0a7ebd33/SCLAMP_EA_Questionaire/Short_rain_season/Aug_Sept_2020[1],uuid:f376dee1-79eb-4178-af15-fb8a0a7ebd33/SCLAMP_EA_Questionaire/Short_rain_season/Aug_Sept_2020[1]/strategies_to_control_Stem-borer_Aug_Sept_2020[2]
Intercropping_With_Legumes,,Medium,uuid:f376dee1-79eb-4178-af15-fb8a0a7ebd33/SCLAMP_EA_Questionaire/Short_rain_season/Aug_Sept_2020[1],uuid:f376dee1-79eb-4178-af15-fb8a0a7ebd33/SCLAMP_EA_Questionaire/Short_rain_season/Aug_Sept_2020[1]/strategies_to_control_Stem-borer_Aug_Sept_2020[3]
Crop_Rotation,,Medium,uuid:f376dee1-79eb-4178-af15-fb8a0a7ebd33/SCLAMP_EA_Questionaire/Short_rain_season/Aug_Sept_2020[2],uuid:f376dee1-79eb-4178-af15-fb8a0a7ebd33/SCLAMP_EA_Questionaire/Short_rain_season/Aug_Sept_2020[2]/strategies_to_control_Stem-borer_Aug_Sept_2020[1]
Pesticides_Application,Doesn't know,High,uuid:f376dee1-79eb-4178-af15-fb8a0a7ebd33/SCLAMP_EA_Questionaire/Short_rain_season/Aug_Sept_2020[2],uuid:f376dee1-79eb-4178-af15-fb8a0a7ebd33/SCLAMP_EA_Questionaire/Short_rain_season/Aug_Sept_2020[2]/strategies_to_control_Stem-borer_Aug_Sept_2020[2]
Improved_Varieties,,Medium,uuid:f376dee1-79eb-4178-af15-fb8a0a7ebd33/SCLAMP_EA_Questionaire/Short_rain_season/Aug_Sept_2020[2],uuid:f376dee1-79eb-4178-af15-fb8a0a7ebd33/SCLAMP_EA_Questionaire/Short_rain_season/Aug_Sept_2020[2]/strategies_to_control_Stem-borer_Aug_Sept_2020[3]
Mechanically_Remove_The_Insect_,,Medium,uuid:a0c7510f-9ef5-44a3-a1ea-c9273abeb5dd/SCLAMP_EA_Questionaire/Short_rain_season/Aug_Sept_2020[1],uuid:a0c7510f-9ef5-44a3-a1ea-c9273abeb5dd/SCLAMP_EA_Questionaire/Short_rain_season/Aug_Sept_2020[1]/strategies_to_control_Stem-borer_Aug_Sept_2020[1]
Mechanically_Remove_The_Insect_,,Low,uuid:2f9a95c9-ab41-4177-ac88-693057a73a4b/SCLAMP_EA_Questionaire/Short_rain_season/Aug_Sept_2020[1],uuid:2f9a95c9-ab41-4177-ac88-693057a73a4b/SCLAMP_EA_Questionaire/Short_rain_season/Aug_Sept_2020[1]/strategies_to_control_Stem-borer_Aug_Sept_2020[1]
Mechanically_Remove_The_Insect_,,Low,uuid:2f9a95c9-ab41-4177-ac88-693057a73a4b/SCLAMP_EA_Questionaire/Short_rain_season/Aug_Sept_2020[2],uuid:2f9a95c9-ab41-4177-ac88-693057a73a4b/SCLAMP_EA_Questionaire/Short_rain_season/Aug_Sept_2020[2]/strategies_to_control_Stem-borer_Aug_Sept_2020[1]
Mechanically_Remove_The_Insect_,,Low,uuid:cb5db43d-0b1c-4a1a-a495-5b13836c53f4/SCLAMP_EA_Questionaire/Short_rain_season/Aug_Sept_2020[1],uuid:cb5db43d-0b1c-4a1a-a495-5b13836c53f4/SCLAMP_EA_Questionaire/Short_rain_season/Aug_Sept_2020[1]/strategies_to_control_Stem-borer_Aug_Sept_2020[1]
Mechanically_Remove_The_Insect_,,Low,uuid:28b02719-2f65-4dd7-a437-fbc63fe972e6/SCLAMP_EA_Questionaire/Short_rain_season/Aug_Sept_2020[1],uuid:28b02719-2f65-4dd7-a437-fbc63fe972e6/SCLAMP_EA_Questionaire/Short_rain_season/Aug_Sept_2020[1]/strategies_to_control_Stem-borer_Aug_Sept_2020[1]
Mechanically_Remove_The_Insect_,,Low,uuid:c22c613d-f39c-4f02-a6da-bdca53917c53/SCLAMP_EA_Questionaire/Short_rain_season/Aug_Sept_2020[1],uuid:c22c613d-f39c-4f02-a6da-bdca53917c53/SCLAMP_EA_Questionaire/Short_rain_season/Aug_Sept_2020[1]/strategies_to_control_Stem-borer_Aug_Sept_2020[1]
Mechanically_Remove_The_Insect_,,Low,uuid:4e4df2d5-6810-4e39-b9bb-9433acbf668f/SCLAMP_EA_Questionaire/Short_rain_season/Aug_Sept_2020[2],uuid:4e4df2d5-6810-4e39-b9bb-9433acbf668f/SCLAMP_EA_Questionaire/Short_rain_season/Aug_Sept_2020[2]/strategies_to_control_Stem-borer_Aug_Sept_2020[1]
Mechanically_Remove_The_Insect_,,Low,uuid:0f79ab75-ab9d-4266-90e0-0c9746411ce8/SCLAMP_EA_Questionaire/Short_rain_season/Aug_Sept_2020[1],uuid:0f79ab75-ab9d-4266-90e0-0c9746411ce8/SCLAMP_EA_Questionaire/Short_rain_season/Aug_Sept_2020[1]/strategies_to_control_Stem-borer_Aug_Sept_2020[1]
Mechanically_Remove_The_Insect_,,Low,uuid:0c9cb42b-1256-4d13-b033-d1a66feeec8c/SCLAMP_EA_Questionaire/Short_rain_season/Aug_Sept_2020[1],uuid:0c9cb42b-1256-4d13-b033-d1a66feeec8c/SCLAMP_EA_Questionaire/Short_rain_season/Aug_Sept_2020[1]/strategies_to_control_Stem-borer_Aug_Sept_2020[1]
Mechanically_Remove_The_Insect_,,Low,uuid:6283e625-98f2-45e6-a7e8-764b970aa1ec/SCLAMP_EA_Questionaire/Short_rain_season/Aug_Sept_2020[1],uuid:6283e625-98f2-45e6-a7e8-764b970aa1ec/SCLAMP_EA_Questionaire/Short_rain_season/Aug_Sept_2020[1]/strategies_to_control_Stem-borer_Aug_Sept_2020[1]
Pesticides_Application,Rocket,Low,uuid:6ffe94e2-0cba-466e-b903-4a85a84ef064/SCLAMP_EA_Questionaire/Short_rain_season/Aug_Sept_2020[1],uuid:6ffe94e2-0cba-466e-b903-4a85a84ef064/SCLAMP_EA_Questionaire/Short_rain_season/Aug_Sept_2020[1]/strategies_to_control_Stem-borer_Aug_Sept_2020[1]
Pesticides_Application,Rocket,High,uuid:472975f4-4795-4eea-a6b4-4e9781e3be1d/SCLAMP_EA_Questionaire/Short_rain_season/Aug_Sept_2020[1],uuid:472975f4-4795-4eea-a6b4-4e9781e3be1d/SCLAMP_EA_Questionaire/Short_rain_season/Aug_Sept_2020[1]/strategies_to_control_Stem-borer_Aug_Sept_2020[1]
Not_Applicable,,Low,uuid:9390008a-a015-4d66-9be8-dfec73c7cc0c/SCLAMP_EA_Questionaire/Short_rain_season/Aug_Sept_2020[1],uuid:9390008a-a015-4d66-9be8-dfec73c7cc0c/SCLAMP_EA_Questionaire/Short_rain_season/Aug_Sept_2020[1]/strategies_to_control_Stem-borer_Aug_Sept_2020[1]
Pesticides_Application,Tafuga,Low,uuid:6eee0e24-ef75-4faa-8514-9b3083e5460b/SCLAMP_EA_Questionaire/Short_rain_season/Aug_Sept_2020[1],uuid:6eee0e24-ef75-4faa-8514-9b3083e5460b/SCLAMP_EA_Questionaire/Short_rain_season/Aug_Sept_2020[1]/strategies_to_control_Stem-borer_Aug_Sept_2020[1]
Pesticides_Application,I don't know,Medium,uuid:2851c99b-41cd-4eb7-8d1c-fcf163eea943/SCLAMP_EA_Questionaire/Short_rain_season/Aug_Sept_2020[1],uuid:2851c99b-41cd-4eb7-8d1c-fcf163eea943/SCLAMP_EA_Questionaire/Short_rain_season/Aug_Sept_2020[1]/strategies_to_control_Stem-borer_Aug_Sept_2020[1]
Intercropping_With_Legumes,,Medium,uuid:1f60651e-482c-4625-b75b-07d3cac794d8/SCLAMP_EA_Questionaire/Short_rain_season/Aug_Sept_2020[2],uuid:1f60651e-482c-4625-b75b-07d3cac794d8/SCLAMP_EA_Questionaire/Short_rain_season/Aug_Sept_2020[2]/strategies_to_control_Stem-borer_Aug_Sept_2020[1]
Ash_pepper,,Low,uuid:896e6cc5-a3bd-4e86-8834-b65a68bd8240/SCLAMP_EA_Questionaire/Short_rain_season/Aug_Sept_2020[1],uuid:896e6cc5-a3bd-4e86-8834-b65a68bd8240/SCLAMP_EA_Questionaire/Short_rain_season/Aug_Sept_2020[1]/strategies_to_control_Stem-borer_Aug_Sept_2020[1]
Early_Planting,,Low,uuid:896e6cc5-a3bd-4e86-8834-b65a68bd8240/SCLAMP_EA_Questionaire/Short_rain_season/Aug_Sept_2020[1],uuid:896e6cc5-a3bd-4e86-8834-b65a68bd8240/SCLAMP_EA_Questionaire/Short_rain_season/Aug_Sept_2020[1]/strategies_to_control_Stem-borer_Aug_Sept_2020[2]
Intercropping_With_Legumes,,Medium,uuid:3119d7fe-94e1-46fc-80c8-86662bf11b03/SCLAMP_EA_Questionaire/Short_rain_season/Aug_Sept_2020[1],uuid:3119d7fe-94e1-46fc-80c8-86662bf11b03/SCLAMP_EA_Questionaire/Short_rain_season/Aug_Sept_2020[1]/strategies_to_control_Stem-borer_Aug_Sept_2020[1]
Crop_Rotation,,Medium,uuid:14d6b913-d38f-45f7-8870-d404d73dbba0/SCLAMP_EA_Questionaire/Short_rain_season/Aug_Sept_2020[1],uuid:14d6b913-d38f-45f7-8870-d404d73dbba0/SCLAMP_EA_Questionaire/Short_rain_season/Aug_Sept_2020[1]/strategies_to_control_Stem-borer_Aug_Sept_2020[1]
Intercropping_With_Legumes,,Medium,uuid:14d6b913-d38f-45f7-8870-d404d73dbba0/SCLAMP_EA_Questionaire/Short_rain_season/Aug_Sept_2020[1],uuid:14d6b913-d38f-45f7-8870-d404d73dbba0/SCLAMP_EA_Questionaire/Short_rain_season/Aug_Sept_2020[1]/strategies_to_control_Stem-borer_Aug_Sept_2020[2]
Pesticides_Application,Roket,High,uuid:14d6b913-d38f-45f7-8870-d404d73dbba0/SCLAMP_EA_Questionaire/Short_rain_season/Aug_Sept_2020[1],uuid:14d6b913-d38f-45f7-8870-d404d73dbba0/SCLAMP_EA_Questionaire/Short_rain_season/Aug_Sept_2020[1]/strategies_to_control_Stem-borer_Aug_Sept_2020[3]
Intercropping_With_Legumes,,Medium,uuid:ece97d7a-a0fd-41f0-98c1-4fd5c079fe79/SCLAMP_EA_Questionaire/Short_rain_season/Aug_Sept_2020[1],uuid:ece97d7a-a0fd-41f0-98c1-4fd5c079fe79/SCLAMP_EA_Questionaire/Short_rain_season/Aug_Sept_2020[1]/strategies_to_control_Stem-borer_Aug_Sept_2020[1]
Pesticides_Application,,High,uuid:ece97d7a-a0fd-41f0-98c1-4fd5c079fe79/SCLAMP_EA_Questionaire/Short_rain_season/Aug_Sept_2020[1],uuid:ece97d7a-a0fd-41f0-98c1-4fd5c079fe79/SCLAMP_EA_Questionaire/Short_rain_season/Aug_Sept_2020[1]/strategies_to_control_Stem-borer_Aug_Sept_2020[2]
Pesticides_Application,Roket,High,uuid:6b6f1e90-072e-4c89-a47f-ded25ce395af/SCLAMP_EA_Questionaire/Short_rain_season/Aug_Sept_2020[1],uuid:6b6f1e90-072e-4c89-a47f-ded25ce395af/SCLAMP_EA_Questionaire/Short_rain_season/Aug_Sept_2020[1]/strategies_to_control_Stem-borer_Aug_Sept_2020[1]
Intercropping_With_Legumes,,Medium,uuid:6b6f1e90-072e-4c89-a47f-ded25ce395af/SCLAMP_EA_Questionaire/Short_rain_season/Aug_Sept_2020[1],uuid:6b6f1e90-072e-4c89-a47f-ded25ce395af/SCLAMP_EA_Questionaire/Short_rain_season/Aug_Sept_2020[1]/strategies_to_control_Stem-borer_Aug_Sept_2020[2]
Crop_Rotation,,Medium,uuid:6b6f1e90-072e-4c89-a47f-ded25ce395af/SCLAMP_EA_Questionaire/Short_rain_season/Aug_Sept_2020[1],uuid:6b6f1e90-072e-4c89-a47f-ded25ce395af/SCLAMP_EA_Questionaire/Short_rain_season/Aug_Sept_2020[1]/strategies_to_control_Stem-borer_Aug_Sept_2020[3]
Mechanically_Remove_The_Insect_,,Low,uuid:ba8e2c8c-cfc2-4fa1-aafd-478a82d8fe59/SCLAMP_EA_Questionaire/Short_rain_season/Aug_Sept_2020[1],uuid:ba8e2c8c-cfc2-4fa1-aafd-478a82d8fe59/SCLAMP_EA_Questionaire/Short_rain_season/Aug_Sept_2020[1]/strategies_to_control_Stem-borer_Aug_Sept_2020[1]
Pesticides_Application,Diamond force,High,uuid:a51b1120-ec78-4e07-9f86-71a8420c5feb/SCLAMP_EA_Questionaire/Short_rain_season/Aug_Sept_2020[1],uuid:a51b1120-ec78-4e07-9f86-71a8420c5feb/SCLAMP_EA_Questionaire/Short_rain_season/Aug_Sept_2020[1]/strategies_to_control_Stem-borer_Aug_Sept_2020[1]
Mechanically_Remove_The_Insect_,,Low,uuid:de15c0ff-8439-45bc-ad13-7940e2cd46ff/SCLAMP_EA_Questionaire/Short_rain_season/Aug_Sept_2020[1],uuid:de15c0ff-8439-45bc-ad13-7940e2cd46ff/SCLAMP_EA_Questionaire/Short_rain_season/Aug_Sept_2020[1]/strategies_to_control_Stem-borer_Aug_Sept_2020[1]
Mechanically_Remove_The_Insect_,,Low,uuid:e4bd52b8-0f2d-445d-9646-2290f1814f0d/SCLAMP_EA_Questionaire/Short_rain_season/Aug_Sept_2020[1],uuid:e4bd52b8-0f2d-445d-9646-2290f1814f0d/SCLAMP_EA_Questionaire/Short_rain_season/Aug_Sept_2020[1]/strategies_to_control_Stem-borer_Aug_Sept_2020[1]
Mechanically_Remove_The_Insect_,,Medium,uuid:3e1a773a-3e2e-488c-9790-c76a256bb3c0/SCLAMP_EA_Questionaire/Short_rain_season/Aug_Sept_2020[1],uuid:3e1a773a-3e2e-488c-9790-c76a256bb3c0/SCLAMP_EA_Questionaire/Short_rain_season/Aug_Sept_2020[1]/strategies_to_control_Stem-borer_Aug_Sept_2020[1]
Pesticides_Application,Dudu cyper ,Medium,uuid:4cf863ff-d9e5-49e7-b7d1-dc2b1b9462c7/SCLAMP_EA_Questionaire/Short_rain_season/Aug_Sept_2020[1],uuid:4cf863ff-d9e5-49e7-b7d1-dc2b1b9462c7/SCLAMP_EA_Questionaire/Short_rain_season/Aug_Sept_2020[1]/strategies_to_control_Stem-borer_Aug_Sept_2020[1]
Pesticides_Application,Rocket ,High,uuid:9a89cabe-041f-41dd-ba73-778efdb76397/SCLAMP_EA_Questionaire/Short_rain_season/Aug_Sept_2020[1],uuid:9a89cabe-041f-41dd-ba73-778efdb76397/SCLAMP_EA_Questionaire/Short_rain_season/Aug_Sept_2020[1]/strategies_to_control_Stem-borer_Aug_Sept_2020[1]
Mechanically_Remove_The_Insect_,,Low,uuid:e1025d5b-b8fd-498d-a6a5-7d1f3cc04fde/SCLAMP_EA_Questionaire/Short_rain_season/Aug_Sept_2020[1],uuid:e1025d5b-b8fd-498d-a6a5-7d1f3cc04fde/SCLAMP_EA_Questionaire/Short_rain_season/Aug_Sept_2020[1]/strategies_to_control_Stem-borer_Aug_Sept_2020[1]
Not_Applicable,,Low,uuid:3c0523c8-4b85-4cd1-bbfe-e150df251222/SCLAMP_EA_Questionaire/Short_rain_season/Aug_Sept_2020[1],uuid:3c0523c8-4b85-4cd1-bbfe-e150df251222/SCLAMP_EA_Questionaire/Short_rain_season/Aug_Sept_2020[1]/strategies_to_control_Stem-borer_Aug_Sept_2020[1]
Pesticides_Application,Ambush ,Medium,uuid:ac4a955d-e12e-4f2c-b772-4f7fe8a94b19/SCLAMP_EA_Questionaire/Short_rain_season/Aug_Sept_2020[1],uuid:ac4a955d-e12e-4f2c-b772-4f7fe8a94b19/SCLAMP_EA_Questionaire/Short_rain_season/Aug_Sept_2020[1]/strategies_to_control_Stem-borer_Aug_Sept_2020[1]
Pesticides_Application,Ambush,Medium,uuid:ac4a955d-e12e-4f2c-b772-4f7fe8a94b19/SCLAMP_EA_Questionaire/Short_rain_season/Aug_Sept_2020[2],uuid:ac4a955d-e12e-4f2c-b772-4f7fe8a94b19/SCLAMP_EA_Questionaire/Short_rain_season/Aug_Sept_2020[2]/strategies_to_control_Stem-borer_Aug_Sept_2020[1]
Not_Applicable,,Low,uuid:bf3bb5a3-5ba9-4285-ab55-e9eeed9bfdb5/SCLAMP_EA_Questionaire/Short_rain_season/Aug_Sept_2020[1],uuid:bf3bb5a3-5ba9-4285-ab55-e9eeed9bfdb5/SCLAMP_EA_Questionaire/Short_rain_season/Aug_Sept_2020[1]/strategies_to_control_Stem-borer_Aug_Sept_2020[1]
Not_Applicable,,Low,uuid:55dd0014-cfd5-4461-b5d5-aab65417a48c/SCLAMP_EA_Questionaire/Short_rain_season/Aug_Sept_2020[1],uuid:55dd0014-cfd5-4461-b5d5-aab65417a48c/SCLAMP_EA_Questionaire/Short_rain_season/Aug_Sept_2020[1]/strategies_to_control_Stem-borer_Aug_Sept_2020[1]
Not_Applicable,,Low,uuid:1b10c35a-5d3b-4f3e-a802-4b47a7b1db94/SCLAMP_EA_Questionaire/Short_rain_season/Aug_Sept_2020[1],uuid:1b10c35a-5d3b-4f3e-a802-4b47a7b1db94/SCLAMP_EA_Questionaire/Short_rain_season/Aug_Sept_2020[1]/strategies_to_control_Stem-borer_Aug_Sept_2020[1]
Not_Applicable,,Low,uuid:78bf4c92-660c-488f-98ab-97af73e54de4/SCLAMP_EA_Questionaire/Short_rain_season/Aug_Sept_2020[1],uuid:78bf4c92-660c-488f-98ab-97af73e54de4/SCLAMP_EA_Questionaire/Short_rain_season/Aug_Sept_2020[1]/strategies_to_control_Stem-borer_Aug_Sept_2020[1]
Pesticides_Application,Rocket ,Medium,uuid:51bf1cc9-a26e-4b29-8845-9b529c9e9cfb/SCLAMP_EA_Questionaire/Short_rain_season/Aug_Sept_2020[1],uuid:51bf1cc9-a26e-4b29-8845-9b529c9e9cfb/SCLAMP_EA_Questionaire/Short_rain_season/Aug_Sept_2020[1]/strategies_to_control_Stem-borer_Aug_Sept_2020[1]
Pesticides_Application,Eminent 5wdg ,Medium,uuid:51bf1cc9-a26e-4b29-8845-9b529c9e9cfb/SCLAMP_EA_Questionaire/Short_rain_season/Aug_Sept_2020[1],uuid:51bf1cc9-a26e-4b29-8845-9b529c9e9cfb/SCLAMP_EA_Questionaire/Short_rain_season/Aug_Sept_2020[1]/strategies_to_control_Stem-borer_Aug_Sept_2020[2]
Pesticides_Application,Rocket ,Medium,uuid:51bf1cc9-a26e-4b29-8845-9b529c9e9cfb/SCLAMP_EA_Questionaire/Short_rain_season/Aug_Sept_2020[2],uuid:51bf1cc9-a26e-4b29-8845-9b529c9e9cfb/SCLAMP_EA_Questionaire/Short_rain_season/Aug_Sept_2020[2]/strategies_to_control_Stem-borer_Aug_Sept_2020[1]
Pesticides_Application,Eminent 5wdg,Medium,uuid:51bf1cc9-a26e-4b29-8845-9b529c9e9cfb/SCLAMP_EA_Questionaire/Short_rain_season/Aug_Sept_2020[2],uuid:51bf1cc9-a26e-4b29-8845-9b529c9e9cfb/SCLAMP_EA_Questionaire/Short_rain_season/Aug_Sept_2020[2]/strategies_to_control_Stem-borer_Aug_Sept_2020[2]
Pesticides_Application,24D,Medium,uuid:51bf1cc9-a26e-4b29-8845-9b529c9e9cfb/SCLAMP_EA_Questionaire/Short_rain_season/Aug_Sept_2020[3],uuid:51bf1cc9-a26e-4b29-8845-9b529c9e9cfb/SCLAMP_EA_Questionaire/Short_rain_season/Aug_Sept_2020[3]/strategies_to_control_Stem-borer_Aug_Sept_2020[1]
Not_Applicable,,Low,uuid:51bf1cc9-a26e-4b29-8845-9b529c9e9cfb/SCLAMP_EA_Questionaire/Short_rain_season/Aug_Sept_2020[3],uuid:51bf1cc9-a26e-4b29-8845-9b529c9e9cfb/SCLAMP_EA_Questionaire/Short_rain_season/Aug_Sept_2020[3]/strategies_to_control_Stem-borer_Aug_Sept_2020[2]
Pesticides_Application,I don't know ,Medium,uuid:24f3f9b6-3402-4ff2-ab46-df0ddd80e00f/SCLAMP_EA_Questionaire/Short_rain_season/Aug_Sept_2020[1],uuid:24f3f9b6-3402-4ff2-ab46-df0ddd80e00f/SCLAMP_EA_Questionaire/Short_rain_season/Aug_Sept_2020[1]/strategies_to_control_Stem-borer_Aug_Sept_2020[1]
Pesticides_Application,Rocket,Medium,uuid:a2e0cd54-84d9-4d00-ad78-eee20a7979d2/SCLAMP_EA_Questionaire/Short_rain_season/Aug_Sept_2020[1],uuid:a2e0cd54-84d9-4d00-ad78-eee20a7979d2/SCLAMP_EA_Questionaire/Short_rain_season/Aug_Sept_2020[1]/strategies_to_control_Stem-borer_Aug_Sept_2020[1]
Pesticides_Application,"I don't know, it's my husband who buys and sprays",Medium,uuid:f32705b6-9c8a-4e76-825c-fab797ebc70b/SCLAMP_EA_Questionaire/Short_rain_season/Aug_Sept_2020[1],uuid:f32705b6-9c8a-4e76-825c-fab797ebc70b/SCLAMP_EA_Questionaire/Short_rain_season/Aug_Sept_2020[1]/strategies_to_control_Stem-borer_Aug_Sept_2020[1]
Pesticides_Application,"I don't know, it's my husband who buys and sprays",Medium,uuid:f32705b6-9c8a-4e76-825c-fab797ebc70b/SCLAMP_EA_Questionaire/Short_rain_season/Aug_Sept_2020[2],uuid:f32705b6-9c8a-4e76-825c-fab797ebc70b/SCLAMP_EA_Questionaire/Short_rain_season/Aug_Sept_2020[2]/strategies_to_control_Stem-borer_Aug_Sept_2020[1]
Pesticides_Application,"I don't know, it's my husband who buys and sprays",Medium,uuid:f32705b6-9c8a-4e76-825c-fab797ebc70b/SCLAMP_EA_Questionaire/Short_rain_season/Aug_Sept_2020[3],uuid:f32705b6-9c8a-4e76-825c-fab797ebc70b/SCLAMP_EA_Questionaire/Short_rain_season/Aug_Sept_2020[3]/strategies_to_control_Stem-borer_Aug_Sept_2020[1]
Mechanically_Remove_The_Insect_,,Low,uuid:abbc04a2-1f49-4dd9-9259-eb39f8ea954c/SCLAMP_EA_Questionaire/Short_rain_season/Aug_Sept_2020[2],uuid:abbc04a2-1f49-4dd9-9259-eb39f8ea954c/SCLAMP_EA_Questionaire/Short_rain_season/Aug_Sept_2020[2]/strategies_to_control_Stem-borer_Aug_Sept_2020[1]
Mechanically_Remove_The_Insect_,,Low,uuid:efc71b22-348e-409c-9c4d-d7e96a72d1a2/SCLAMP_EA_Questionaire/Short_rain_season/Aug_Sept_2020[1],uuid:efc71b22-348e-409c-9c4d-d7e96a72d1a2/SCLAMP_EA_Questionaire/Short_rain_season/Aug_Sept_2020[1]/strategies_to_control_Stem-borer_Aug_Sept_2020[1]
Improved_Varieties,,Medium,uuid:358ebb24-e9b7-43b7-9be7-2a7db6ce3fc2/SCLAMP_EA_Questionaire/Short_rain_season/Aug_Sept_2020[1],uuid:358ebb24-e9b7-43b7-9be7-2a7db6ce3fc2/SCLAMP_EA_Questionaire/Short_rain_season/Aug_Sept_2020[1]/strategies_to_control_Stem-borer_Aug_Sept_2020[1]
Mechanically_Remove_The_Insect_,,Low,uuid:b80757f7-862e-4805-980e-40db4114e85c/SCLAMP_EA_Questionaire/Short_rain_season/Aug_Sept_2020[2],uuid:b80757f7-862e-4805-980e-40db4114e85c/SCLAMP_EA_Questionaire/Short_rain_season/Aug_Sept_2020[2]/strategies_to_control_Stem-borer_Aug_Sept_2020[1]
Ash_pepper,,Low,uuid:efebad0e-8919-4ffb-8276-08db82f6c131/SCLAMP_EA_Questionaire/Short_rain_season/Aug_Sept_2020[2],uuid:efebad0e-8919-4ffb-8276-08db82f6c131/SCLAMP_EA_Questionaire/Short_rain_season/Aug_Sept_2020[2]/strategies_to_control_Stem-borer_Aug_Sept_2020[1]
Mechanically_Remove_The_Insect_,,Low,uuid:efebad0e-8919-4ffb-8276-08db82f6c131/SCLAMP_EA_Questionaire/Short_rain_season/Aug_Sept_2020[2],uuid:efebad0e-8919-4ffb-8276-08db82f6c131/SCLAMP_EA_Questionaire/Short_rain_season/Aug_Sept_2020[2]/strategies_to_control_Stem-borer_Aug_Sept_2020[2]
Mechanically_Remove_The_Insect_,,Low,uuid:da1faa37-41f1-4efd-9bca-9b07df97e354/SCLAMP_EA_Questionaire/Short_rain_season/Aug_Sept_2020[1],uuid:da1faa37-41f1-4efd-9bca-9b07df97e354/SCLAMP_EA_Questionaire/Short_rain_season/Aug_Sept_2020[1]/strategies_to_control_Stem-borer_Aug_Sept_2020[1]
Push_pull_Technology,,High,uuid:da1faa37-41f1-4efd-9bca-9b07df97e354/SCLAMP_EA_Questionaire/Short_rain_season/Aug_Sept_2020[3],uuid:da1faa37-41f1-4efd-9bca-9b07df97e354/SCLAMP_EA_Questionaire/Short_rain_season/Aug_Sept_2020[3]/strategies_to_control_Stem-borer_Aug_Sept_2020[1]
Early_Planting,,Medium,uuid:da1faa37-41f1-4efd-9bca-9b07df97e354/SCLAMP_EA_Questionaire/Short_rain_season/Aug_Sept_2020[3],uuid:da1faa37-41f1-4efd-9bca-9b07df97e354/SCLAMP_EA_Questionaire/Short_rain_season/Aug_Sept_2020[3]/strategies_to_control_Stem-borer_Aug_Sept_2020[2]
Mechanically_Remove_The_Insect_,,Low,uuid:aa085989-6e13-4c0c-8ae4-c96a9f9de7e3/SCLAMP_EA_Questionaire/Short_rain_season/Aug_Sept_2020[1],uuid:aa085989-6e13-4c0c-8ae4-c96a9f9de7e3/SCLAMP_EA_Questionaire/Short_rain_season/Aug_Sept_2020[1]/strategies_to_control_Stem-borer_Aug_Sept_2020[1]
Mechanically_Remove_The_Insect_,,Low,uuid:aa085989-6e13-4c0c-8ae4-c96a9f9de7e3/SCLAMP_EA_Questionaire/Short_rain_season/Aug_Sept_2020[3],uuid:aa085989-6e13-4c0c-8ae4-c96a9f9de7e3/SCLAMP_EA_Questionaire/Short_rain_season/Aug_Sept_2020[3]/strategies_to_control_Stem-borer_Aug_Sept_2020[1]
Mechanically_Remove_The_Insect_,,Low,uuid:c1ba5983-a0f4-4360-95b3-52303a86698c/SCLAMP_EA_Questionaire/Short_rain_season/Aug_Sept_2020[1],uuid:c1ba5983-a0f4-4360-95b3-52303a86698c/SCLAMP_EA_Questionaire/Short_rain_season/Aug_Sept_2020[1]/strategies_to_control_Stem-borer_Aug_Sept_2020[1]
Mechanically_Remove_The_Insect_,,Low,uuid:36cad476-4a8c-4225-bf82-0d7bc0f8837e/SCLAMP_EA_Questionaire/Short_rain_season/Aug_Sept_2020[1],uuid:36cad476-4a8c-4225-bf82-0d7bc0f8837e/SCLAMP_EA_Questionaire/Short_rain_season/Aug_Sept_2020[1]/strategies_to_control_Stem-borer_Aug_Sept_2020[1]
Mechanically_Remove_The_Insect_,,Low,uuid:36cad476-4a8c-4225-bf82-0d7bc0f8837e/SCLAMP_EA_Questionaire/Short_rain_season/Aug_Sept_2020[2],uuid:36cad476-4a8c-4225-bf82-0d7bc0f8837e/SCLAMP_EA_Questionaire/Short_rain_season/Aug_Sept_2020[2]/strategies_to_control_Stem-borer_Aug_Sept_2020[1]
Not_Applicable,,Low,uuid:c6a93dc4-8d7c-4b06-b147-d9c9df99a040/SCLAMP_EA_Questionaire/Short_rain_season/Aug_Sept_2020[1],uuid:c6a93dc4-8d7c-4b06-b147-d9c9df99a040/SCLAMP_EA_Questionaire/Short_rain_season/Aug_Sept_2020[1]/strategies_to_control_Stem-borer_Aug_Sept_2020[1]
Pesticides_Application,Don't remember,High,uuid:212580f2-9ce4-4ae3-b034-d72390393977/SCLAMP_EA_Questionaire/Short_rain_season/Aug_Sept_2020[1],uuid:212580f2-9ce4-4ae3-b034-d72390393977/SCLAMP_EA_Questionaire/Short_rain_season/Aug_Sept_2020[1]/strategies_to_control_Stem-borer_Aug_Sept_2020[1]
Overweeding_Frequent_Weeding,,Low,uuid:d311cd2d-b41a-476f-abf6-436c6a340b01/SCLAMP_EA_Questionaire/Short_rain_season/Aug_Sept_2020[1],uuid:d311cd2d-b41a-476f-abf6-436c6a340b01/SCLAMP_EA_Questionaire/Short_rain_season/Aug_Sept_2020[1]/strategies_to_control_Stem-borer_Aug_Sept_2020[1]
Not_Applicable,,Low,uuid:89b6bc47-4879-4591-823b-ec8b8231739e/SCLAMP_EA_Questionaire/Short_rain_season/Aug_Sept_2020[1],uuid:89b6bc47-4879-4591-823b-ec8b8231739e/SCLAMP_EA_Questionaire/Short_rain_season/Aug_Sept_2020[1]/strategies_to_control_Stem-borer_Aug_Sept_2020[1]
Pesticides_Application,Dudumuch,Medium,uuid:fb497324-4399-4045-93b0-902c2733c5ea/SCLAMP_EA_Questionaire/Short_rain_season/Aug_Sept_2020[2],uuid:fb497324-4399-4045-93b0-902c2733c5ea/SCLAMP_EA_Questionaire/Short_rain_season/Aug_Sept_2020[2]/strategies_to_control_Stem-borer_Aug_Sept_2020[1]
Not_Applicable,,Low,uuid:85747ebe-7301-4275-b5ef-4567b2a3d399/SCLAMP_EA_Questionaire/Short_rain_season/Aug_Sept_2020[1],uuid:85747ebe-7301-4275-b5ef-4567b2a3d399/SCLAMP_EA_Questionaire/Short_rain_season/Aug_Sept_2020[1]/strategies_to_control_Stem-borer_Aug_Sept_2020[1]
Pesticides_Application,I don't know,Medium,uuid:85747ebe-7301-4275-b5ef-4567b2a3d399/SCLAMP_EA_Questionaire/Short_rain_season/Aug_Sept_2020[2],uuid:85747ebe-7301-4275-b5ef-4567b2a3d399/SCLAMP_EA_Questionaire/Short_rain_season/Aug_Sept_2020[2]/strategies_to_control_Stem-borer_Aug_Sept_2020[1]
Pesticides_Application,Eminent 5wdg,High,uuid:60a68405-60e8-4678-930a-e21b31d1230f/SCLAMP_EA_Questionaire/Short_rain_season/Aug_Sept_2020[1],uuid:60a68405-60e8-4678-930a-e21b31d1230f/SCLAMP_EA_Questionaire/Short_rain_season/Aug_Sept_2020[1]/strategies_to_control_Stem-borer_Aug_Sept_2020[1]
Mechanically_Remove_The_Insect_,,High,uuid:fd7cc810-0406-4d32-b01f-ed7ed530cf88/SCLAMP_EA_Questionaire/Short_rain_season/Aug_Sept_2020[1],uuid:fd7cc810-0406-4d32-b01f-ed7ed530cf88/SCLAMP_EA_Questionaire/Short_rain_season/Aug_Sept_2020[1]/strategies_to_control_Stem-borer_Aug_Sept_2020[1]
Mechanically_Remove_The_Insect_,,Low,uuid:3c47e1e7-b112-4ae7-9129-fcada8c54241/SCLAMP_EA_Questionaire/Short_rain_season/Aug_Sept_2020[1],uuid:3c47e1e7-b112-4ae7-9129-fcada8c54241/SCLAMP_EA_Questionaire/Short_rain_season/Aug_Sept_2020[1]/strategies_to_control_Stem-borer_Aug_Sept_2020[1]
Mechanically_Remove_The_Insect_,,Low,uuid:73c87c15-4de3-4785-a6c3-46c744464d12/SCLAMP_EA_Questionaire/Short_rain_season/Aug_Sept_2020[1],uuid:73c87c15-4de3-4785-a6c3-46c744464d12/SCLAMP_EA_Questionaire/Short_rain_season/Aug_Sept_2020[1]/strategies_to_control_Stem-borer_Aug_Sept_2020[1]
Mechanically_Remove_The_Insect_,,Low,uuid:cbbf6dc4-126e-4acd-9158-fe997842e98d/SCLAMP_EA_Questionaire/Short_rain_season/Aug_Sept_2020[1],uuid:cbbf6dc4-126e-4acd-9158-fe997842e98d/SCLAMP_EA_Questionaire/Short_rain_season/Aug_Sept_2020[1]/strategies_to_control_Stem-borer_Aug_Sept_2020[1]
Pesticides_Application,Don't know,Low,uuid:dbaddb91-4a28-4b66-8994-0e37783ac8e0/SCLAMP_EA_Questionaire/Short_rain_season/Aug_Sept_2020[1],uuid:dbaddb91-4a28-4b66-8994-0e37783ac8e0/SCLAMP_EA_Questionaire/Short_rain_season/Aug_Sept_2020[1]/strategies_to_control_Stem-borer_Aug_Sept_2020[1]
Mechanically_Remove_The_Insect_,,Low,uuid:dbaddb91-4a28-4b66-8994-0e37783ac8e0/SCLAMP_EA_Questionaire/Short_rain_season/Aug_Sept_2020[1],uuid:dbaddb91-4a28-4b66-8994-0e37783ac8e0/SCLAMP_EA_Questionaire/Short_rain_season/Aug_Sept_2020[1]/strategies_to_control_Stem-borer_Aug_Sept_2020[2]
Mechanically_Remove_The_Insect_,,Low,uuid:f69a21ba-ff24-42c1-b5bf-eff717580548/SCLAMP_EA_Questionaire/Short_rain_season/Aug_Sept_2020[1],uuid:f69a21ba-ff24-42c1-b5bf-eff717580548/SCLAMP_EA_Questionaire/Short_rain_season/Aug_Sept_2020[1]/strategies_to_control_Stem-borer_Aug_Sept_2020[1]
Mechanically_Remove_The_Insect_,,Low,uuid:8cf2839e-5d9d-42e7-b25b-c4a456563524/SCLAMP_EA_Questionaire/Short_rain_season/Aug_Sept_2020[1],uuid:8cf2839e-5d9d-42e7-b25b-c4a456563524/SCLAMP_EA_Questionaire/Short_rain_season/Aug_Sept_2020[1]/strategies_to_control_Stem-borer_Aug_Sept_2020[1]
Mechanically_Remove_The_Insect_,,Low,uuid:0c8926a6-fca4-4c6d-bd04-dc59e246ced9/SCLAMP_EA_Questionaire/Short_rain_season/Aug_Sept_2020[1],uuid:0c8926a6-fca4-4c6d-bd04-dc59e246ced9/SCLAMP_EA_Questionaire/Short_rain_season/Aug_Sept_2020[1]/strategies_to_control_Stem-borer_Aug_Sept_2020[1]
Mechanically_Remove_The_Insect_,,Low,uuid:60c0af4c-2602-4451-8b61-ba40cd09a1ea/SCLAMP_EA_Questionaire/Short_rain_season/Aug_Sept_2020[1],uuid:60c0af4c-2602-4451-8b61-ba40cd09a1ea/SCLAMP_EA_Questionaire/Short_rain_season/Aug_Sept_2020[1]/strategies_to_control_Stem-borer_Aug_Sept_2020[1]
Pesticides_Application,Rocket,High,uuid:cc0bbf64-c76f-4e03-aa71-ec697b87f517/SCLAMP_EA_Questionaire/Short_rain_season/Aug_Sept_2020[1],uuid:cc0bbf64-c76f-4e03-aa71-ec697b87f517/SCLAMP_EA_Questionaire/Short_rain_season/Aug_Sept_2020[1]/strategies_to_control_Stem-borer_Aug_Sept_2020[1]
Mechanically_Remove_The_Insect_,,High,uuid:67527d9c-9a68-4eab-9a04-e1dc985c0021/SCLAMP_EA_Questionaire/Short_rain_season/Aug_Sept_2020[1],uuid:67527d9c-9a68-4eab-9a04-e1dc985c0021/SCLAMP_EA_Questionaire/Short_rain_season/Aug_Sept_2020[1]/strategies_to_control_Stem-borer_Aug_Sept_2020[1]
Pesticides_Application,Don't know,Medium,uuid:67527d9c-9a68-4eab-9a04-e1dc985c0021/SCLAMP_EA_Questionaire/Short_rain_season/Aug_Sept_2020[1],uuid:67527d9c-9a68-4eab-9a04-e1dc985c0021/SCLAMP_EA_Questionaire/Short_rain_season/Aug_Sept_2020[1]/strategies_to_control_Stem-borer_Aug_Sept_2020[2]
Mechanically_Remove_The_Insect_,,High,uuid:67527d9c-9a68-4eab-9a04-e1dc985c0021/SCLAMP_EA_Questionaire/Short_rain_season/Aug_Sept_2020[2],uuid:67527d9c-9a68-4eab-9a04-e1dc985c0021/SCLAMP_EA_Questionaire/Short_rain_season/Aug_Sept_2020[2]/strategies_to_control_Stem-borer_Aug_Sept_2020[1]
Pesticides_Application,Don't know,Medium,uuid:67527d9c-9a68-4eab-9a04-e1dc985c0021/SCLAMP_EA_Questionaire/Short_rain_season/Aug_Sept_2020[2],uuid:67527d9c-9a68-4eab-9a04-e1dc985c0021/SCLAMP_EA_Questionaire/Short_rain_season/Aug_Sept_2020[2]/strategies_to_control_Stem-borer_Aug_Sept_2020[2]
Ash_pepper,,High,uuid:d63f054e-8b3a-4fcd-9ab5-4a4552f4be52/SCLAMP_EA_Questionaire/Short_rain_season/Aug_Sept_2020[1],uuid:d63f054e-8b3a-4fcd-9ab5-4a4552f4be52/SCLAMP_EA_Questionaire/Short_rain_season/Aug_Sept_2020[1]/strategies_to_control_Stem-borer_Aug_Sept_2020[1]
Ash_pepper,,Medium,uuid:aa0d9581-4676-4d29-a17c-530995702a2c/SCLAMP_EA_Questionaire/Short_rain_season/Aug_Sept_2020[3],uuid:aa0d9581-4676-4d29-a17c-530995702a2c/SCLAMP_EA_Questionaire/Short_rain_season/Aug_Sept_2020[3]/strategies_to_control_Stem-borer_Aug_Sept_2020[1]
Ash_pepper,,Medium,uuid:aa0d9581-4676-4d29-a17c-530995702a2c/SCLAMP_EA_Questionaire/Short_rain_season/Aug_Sept_2020[4],uuid:aa0d9581-4676-4d29-a17c-530995702a2c/SCLAMP_EA_Questionaire/Short_rain_season/Aug_Sept_2020[4]/strategies_to_control_Stem-borer_Aug_Sept_2020[1]
Mechanically_Remove_The_Insect_,,Low,uuid:c3f0a9a1-70b8-453c-94c9-4b129e81cad3/SCLAMP_EA_Questionaire/Short_rain_season/Aug_Sept_2020[1],uuid:c3f0a9a1-70b8-453c-94c9-4b129e81cad3/SCLAMP_EA_Questionaire/Short_rain_season/Aug_Sept_2020[1]/strategies_to_control_Stem-borer_Aug_Sept_2020[1]
Ash_pepper,,Medium,uuid:fb24a20d-12ba-46df-b329-f1164876fea8/SCLAMP_EA_Questionaire/Short_rain_season/Aug_Sept_2020[1],uuid:fb24a20d-12ba-46df-b329-f1164876fea8/SCLAMP_EA_Questionaire/Short_rain_season/Aug_Sept_2020[1]/strategies_to_control_Stem-borer_Aug_Sept_2020[1]
Ash_pepper,,Medium,uuid:c0d1cec6-0b11-48a0-96a3-af1e3e6fa999/SCLAMP_EA_Questionaire/Short_rain_season/Aug_Sept_2020[1],uuid:c0d1cec6-0b11-48a0-96a3-af1e3e6fa999/SCLAMP_EA_Questionaire/Short_rain_season/Aug_Sept_2020[1]/strategies_to_control_Stem-borer_Aug_Sept_2020[1]
Ash_pepper,,Medium,uuid:22c4b622-938e-42f3-8fe9-a214a8e0182e/SCLAMP_EA_Questionaire/Short_rain_season/Aug_Sept_2020[1],uuid:22c4b622-938e-42f3-8fe9-a214a8e0182e/SCLAMP_EA_Questionaire/Short_rain_season/Aug_Sept_2020[1]/strategies_to_control_Stem-borer_Aug_Sept_2020[1]
Ash_pepper,,High,uuid:287285d8-a9e5-4863-bc66-3ac55fc9c006/SCLAMP_EA_Questionaire/Short_rain_season/Aug_Sept_2020[1],uuid:287285d8-a9e5-4863-bc66-3ac55fc9c006/SCLAMP_EA_Questionaire/Short_rain_season/Aug_Sept_2020[1]/strategies_to_control_Stem-borer_Aug_Sept_2020[1]
Push_pull_Technology,,Medium,uuid:287285d8-a9e5-4863-bc66-3ac55fc9c006/SCLAMP_EA_Questionaire/Short_rain_season/Aug_Sept_2020[1],uuid:287285d8-a9e5-4863-bc66-3ac55fc9c006/SCLAMP_EA_Questionaire/Short_rain_season/Aug_Sept_2020[1]/strategies_to_control_Stem-borer_Aug_Sept_2020[2]
Not_Applicable,,Low,uuid:e1e9b848-4ed4-440b-8a64-98a747ee143f/SCLAMP_EA_Questionaire/Short_rain_season/Aug_Sept_2020[1],uuid:e1e9b848-4ed4-440b-8a64-98a747ee143f/SCLAMP_EA_Questionaire/Short_rain_season/Aug_Sept_2020[1]/strategies_to_control_Stem-borer_Aug_Sept_2020[1]
Uprooting_Infested_Plant_And_Bu,,Medium,uuid:805cf1b9-4e28-4e62-8fae-6888c0ab8f2c/SCLAMP_EA_Questionaire/Short_rain_season/Aug_Sept_2020[1],uuid:805cf1b9-4e28-4e62-8fae-6888c0ab8f2c/SCLAMP_EA_Questionaire/Short_rain_season/Aug_Sept_2020[1]/strategies_to_control_Stem-borer_Aug_Sept_2020[1]
Pesticides_Application,Don't know,Low,uuid:f682731b-3d6b-4491-b8fe-b14d0971e11a/SCLAMP_EA_Questionaire/Short_rain_season/Aug_Sept_2020[1],uuid:f682731b-3d6b-4491-b8fe-b14d0971e11a/SCLAMP_EA_Questionaire/Short_rain_season/Aug_Sept_2020[1]/strategies_to_control_Stem-borer_Aug_Sept_2020[1]
Mechanically_Remove_The_Insect_,,Low,uuid:f682731b-3d6b-4491-b8fe-b14d0971e11a/SCLAMP_EA_Questionaire/Short_rain_season/Aug_Sept_2020[1],uuid:f682731b-3d6b-4491-b8fe-b14d0971e11a/SCLAMP_EA_Questionaire/Short_rain_season/Aug_Sept_2020[1]/strategies_to_control_Stem-borer_Aug_Sept_2020[2]
Manure_Application,,Medium,uuid:a7944a93-8b27-4870-9370-e4e4d1dec72b/SCLAMP_EA_Questionaire/Short_rain_season/Aug_Sept_2020[1],uuid:a7944a93-8b27-4870-9370-e4e4d1dec72b/SCLAMP_EA_Questionaire/Short_rain_season/Aug_Sept_2020[1]/strategies_to_control_Stem-borer_Aug_Sept_2020[1]
Intercropping_With_Legumes,,Medium,uuid:a7944a93-8b27-4870-9370-e4e4d1dec72b/SCLAMP_EA_Questionaire/Short_rain_season/Aug_Sept_2020[1],uuid:a7944a93-8b27-4870-9370-e4e4d1dec72b/SCLAMP_EA_Questionaire/Short_rain_season/Aug_Sept_2020[1]/strategies_to_control_Stem-borer_Aug_Sept_2020[2]
Manure_Application,,Medium,uuid:a7944a93-8b27-4870-9370-e4e4d1dec72b/SCLAMP_EA_Questionaire/Short_rain_season/Aug_Sept_2020[2],uuid:a7944a93-8b27-4870-9370-e4e4d1dec72b/SCLAMP_EA_Questionaire/Short_rain_season/Aug_Sept_2020[2]/strategies_to_control_Stem-borer_Aug_Sept_2020[1]
Early_Planting,,Medium,uuid:a7944a93-8b27-4870-9370-e4e4d1dec72b/SCLAMP_EA_Questionaire/Short_rain_season/Aug_Sept_2020[2],uuid:a7944a93-8b27-4870-9370-e4e4d1dec72b/SCLAMP_EA_Questionaire/Short_rain_season/Aug_Sept_2020[2]/strategies_to_control_Stem-borer_Aug_Sept_2020[2]
Pesticides_Application,Roket,High,uuid:83177d03-e631-44d2-9f90-da427bcd0b74/SCLAMP_EA_Questionaire/Short_rain_season/Aug_Sept_2020[1],uuid:83177d03-e631-44d2-9f90-da427bcd0b74/SCLAMP_EA_Questionaire/Short_rain_season/Aug_Sept_2020[1]/strategies_to_control_Stem-borer_Aug_Sept_2020[1]
Intercropping_With_Legumes,,Medium,uuid:10a33ce9-94d9-4aec-8e1a-f4c6dbcc5f5e/SCLAMP_EA_Questionaire/Short_rain_season/Aug_Sept_2020[1],uuid:10a33ce9-94d9-4aec-8e1a-f4c6dbcc5f5e/SCLAMP_EA_Questionaire/Short_rain_season/Aug_Sept_2020[1]/strategies_to_control_Stem-borer_Aug_Sept_2020[1]
