maize_varieties_grown,maize_variety_improved_or_local,reason_growing_maize_variety_ml,other_reason_growing_maize_variety,PARENT_KEY,KEY
Local,Local,other,High price of improved seed,uuid:e1086ef3-11c3-475b-a57f-3ad0241a27de,uuid:e1086ef3-11c3-475b-a57f-3ad0241a27de/sclamp/Specify_Maize_Variety[1]
Local,Local,other,High price of improved seed,uuid:035b24ba-0bdf-492b-a542-30f44106a6d1,uuid:035b24ba-0bdf-492b-a542-30f44106a6d1/sclamp/Specify_Maize_Variety[1]
Global,Improved,High_yielding,,uuid:2c6c5e88-97d2-45cc-86dc-3e9212305830,uuid:2c6c5e88-97d2-45cc-86dc-3e9212305830/sclamp/Specify_Maize_Variety[1]
Global ,Improved,High_yielding,,uuid:a8f8d673-7c36-48bb-989b-539955fcfe47,uuid:a8f8d673-7c36-48bb-989b-539955fcfe47/sclamp/Specify_Maize_Variety[1]
Pioner ,Improved,High_yielding,,uuid:12b8a43b-6e17-47a8-80b8-f2cc76e90ebc,uuid:12b8a43b-6e17-47a8-80b8-f2cc76e90ebc/sclamp/Specify_Maize_Variety[1]
Global ,Improved,High_yielding Early_maturity Good_price,,uuid:b729a7fb-c130-4504-a7d5-ab3236159598,uuid:b729a7fb-c130-4504-a7d5-ab3236159598/sclamp/Specify_Maize_Variety[1]
Global,Improved,High_yielding,,uuid:1bedca8a-9666-48f7-89f5-63e99c1efa63,uuid:1bedca8a-9666-48f7-89f5-63e99c1efa63/sclamp/Specify_Maize_Variety[1]
Pioner ,Improved,Early_maturity High_yielding,,uuid:7fd55c16-fbfe-46fc-8c31-1f397dc8d322,uuid:7fd55c16-fbfe-46fc-8c31-1f397dc8d322/sclamp/Specify_Maize_Variety[1]
Local ,Local,High_yielding,,uuid:2c075ba4-8a9c-4c78-a779-604a58f42cca,uuid:2c075ba4-8a9c-4c78-a779-604a58f42cca/sclamp/Specify_Maize_Variety[1]
Pioner,Improved,Early_maturity High_yielding,,uuid:dbe47f29-b975-4115-8cfe-2dc00043c784,uuid:dbe47f29-b975-4115-8cfe-2dc00043c784/sclamp/Specify_Maize_Variety[1]
Local ,Local,other,Unavailable improved seed ,uuid:0bff5d21-ddd6-4e70-a307-69c567538652,uuid:0bff5d21-ddd6-4e70-a307-69c567538652/sclamp/Specify_Maize_Variety[1]
Local ,Local,Easy_preparation Early_maturity,,uuid:aec593a3-abf7-4865-99e5-f8854d31a887,uuid:aec593a3-abf7-4865-99e5-f8854d31a887/sclamp/Specify_Maize_Variety[1]
Local ,Local,other,Unavailable improved seed ,uuid:c9af4c69-02e6-4831-a027-25ea0994111a,uuid:c9af4c69-02e6-4831-a027-25ea0994111a/sclamp/Specify_Maize_Variety[1]
Local ,Local,other,Money constraint ,uuid:56709010-0fe5-4b96-bf3e-774232ee327b,uuid:56709010-0fe5-4b96-bf3e-774232ee327b/sclamp/Specify_Maize_Variety[1]
BH-540 ,Improved,High_yielding Disease_resistance Seed_availability Drought_tolerance,,uuid:c94e6ad4-3ce7-4c3a-8ec9-9c2e7cd6fef3,uuid:c94e6ad4-3ce7-4c3a-8ec9-9c2e7cd6fef3/sclamp/Specify_Maize_Variety[1]
Local ,Local,other,Unavailable improved seed ,uuid:e2ea7f42-cc47-449f-bed3-f7e8af040dc4,uuid:e2ea7f42-cc47-449f-bed3-f7e8af040dc4/sclamp/Specify_Maize_Variety[1]
BH-540 ,Improved,High_yielding Seed_availability Drought_tolerance,,uuid:d3a05404-9532-4dc4-85e8-41be64c35be6,uuid:d3a05404-9532-4dc4-85e8-41be64c35be6/sclamp/Specify_Maize_Variety[1]
BH-540 ,Improved,High_yielding Seed_availability Drought_tolerance,,uuid:d2fba6a2-3290-4c28-acb1-b05d36a3579b,uuid:d2fba6a2-3290-4c28-acb1-b05d36a3579b/sclamp/Specify_Maize_Variety[1]
Local ,Local,other,Money constraint ,uuid:aa1a9a9f-1511-475c-99d6-46c9bd3d54c2,uuid:aa1a9a9f-1511-475c-99d6-46c9bd3d54c2/sclamp/Specify_Maize_Variety[1]
BH-540 ,Improved,High_yielding Seed_availability Drought_tolerance,,uuid:bac7d2c0-4216-4d00-8091-fc9358083e98,uuid:bac7d2c0-4216-4d00-8091-fc9358083e98/sclamp/Specify_Maize_Variety[1]
Finner,Improved,Early_maturity Seed_availability Disease_resistance Insect_pest_resistance,,uuid:11f9fa2b-b3e2-4dc6-9c20-1a89a8fa26bb,uuid:11f9fa2b-b3e2-4dc6-9c20-1a89a8fa26bb/sclamp/Specify_Maize_Variety[1]
Damota,Improved,Seed_availability,,uuid:4932b5df-d5a3-47ba-8d75-d6145e13a0f3,uuid:4932b5df-d5a3-47ba-8d75-d6145e13a0f3/sclamp/Specify_Maize_Variety[1]
Bh540,Improved,Seed_availability High_yielding,,uuid:3adb7645-3e18-45b3-be0a-818f47b814dc,uuid:3adb7645-3e18-45b3-be0a-818f47b814dc/sclamp/Specify_Maize_Variety[1]
I don't know,Improved,Seed_availability,,uuid:3fe2ba49-981b-41ed-89ca-e3cf8432a1ac,uuid:3fe2ba49-981b-41ed-89ca-e3cf8432a1ac/sclamp/Specify_Maize_Variety[1]
Bh540,Improved,Seed_availability,,uuid:7f771b19-3def-4387-a5e7-383878bb483a,uuid:7f771b19-3def-4387-a5e7-383878bb483a/sclamp/Specify_Maize_Variety[1]
Bh540,Improved,Seed_availability High_yielding Drought_tolerance Early_maturity,,uuid:8440e6c4-bb26-482c-b1c4-7846eb324499,uuid:8440e6c4-bb26-482c-b1c4-7846eb324499/sclamp/Specify_Maize_Variety[1]
Bh540,Improved,Seed_availability Early_maturity,,uuid:f2d92076-2cdc-4345-b1a8-fc992b47adb8,uuid:f2d92076-2cdc-4345-b1a8-fc992b47adb8/sclamp/Specify_Maize_Variety[1]
Bh540,Improved,Seed_availability High_yielding Early_maturity other,Easily adapted our environment,uuid:9e32acea-a7ad-4764-bb6c-2fb9c2d5dce5,uuid:9e32acea-a7ad-4764-bb6c-2fb9c2d5dce5/sclamp/Specify_Maize_Variety[1]
Local,Local,Disease_resistance Seed_availability Early_maturity Good_taste,,uuid:ea9af439-45db-4003-9172-748d4c202ea2,uuid:ea9af439-45db-4003-9172-748d4c202ea2/sclamp/Specify_Maize_Variety[1]
Local,Local,Seed_availability Disease_resistance Early_maturity Drought_tolerance Good_price Good_taste,,uuid:2e94eaac-4033-48d8-afff-f9ce75943ec6,uuid:2e94eaac-4033-48d8-afff-f9ce75943ec6/sclamp/Specify_Maize_Variety[1]
Local,Local,Disease_resistance Seed_availability Early_maturity Good_taste,,uuid:f065c4f7-225f-473b-88b6-482fa25c74d4,uuid:f065c4f7-225f-473b-88b6-482fa25c74d4/sclamp/Specify_Maize_Variety[1]
Local,Local,Disease_resistance Early_maturity Good_taste Seed_availability,,uuid:f3b361f5-8910-445b-a1f9-31d669ba4ca7,uuid:f3b361f5-8910-445b-a1f9-31d669ba4ca7/sclamp/Specify_Maize_Variety[1]
Powner ,Improved,Drought_tolerance Good_taste Good_price Disease_resistance Seed_availability High_yielding,,uuid:beeb1be0-fc32-4530-9c00-2c2206d03988,uuid:beeb1be0-fc32-4530-9c00-2c2206d03988/sclamp/Specify_Maize_Variety[1]
Local,Local,Seed_availability Early_maturity Good_taste,,uuid:84379bc9-1562-4ec7-8379-a15fb4252996,uuid:84379bc9-1562-4ec7-8379-a15fb4252996/sclamp/Specify_Maize_Variety[1]
Local,Local,Disease_resistance Early_maturity Seed_availability Good_taste,,uuid:d128f666-8870-43c6-b31f-9ec0ed14d2a3,uuid:d128f666-8870-43c6-b31f-9ec0ed14d2a3/sclamp/Specify_Maize_Variety[1]
Powner ,Improved,High_yielding Disease_resistance Seed_availability Early_maturity Good_taste Good_price,,uuid:0ee0fee0-8f7a-4a55-8641-7b61ef523a4d,uuid:0ee0fee0-8f7a-4a55-8641-7b61ef523a4d/sclamp/Specify_Maize_Variety[1]
Local,Local,Disease_resistance Seed_availability Insect_pest_resistance Early_maturity Good_taste,,uuid:caeaf129-f81b-4500-bf7e-ebd52d681199,uuid:caeaf129-f81b-4500-bf7e-ebd52d681199/sclamp/Specify_Maize_Variety[1]
Powner ,Improved,High_yielding Disease_resistance Early_maturity Drought_tolerance Good_taste Good_price,,uuid:96c51c9a-ca68-4e52-a39d-91da7e06569d,uuid:96c51c9a-ca68-4e52-a39d-91da7e06569d/sclamp/Specify_Maize_Variety[1]
Local,Local,Seed_availability Early_maturity Good_taste,,uuid:0de1fd37-fe0b-47cf-8e26-b536716cbf39,uuid:0de1fd37-fe0b-47cf-8e26-b536716cbf39/sclamp/Specify_Maize_Variety[1]
Local,Local,Good_taste Easy_preparation,,uuid:ccbafbf3-56d3-4b04-89d8-fc2ab1524460,uuid:ccbafbf3-56d3-4b04-89d8-fc2ab1524460/sclamp/Specify_Maize_Variety[1]
BH-540,Improved,High_yielding Early_maturity Good_taste Easy_preparation,,uuid:b8dd8d86-4b81-4a1c-824a-cb39933822c8,uuid:b8dd8d86-4b81-4a1c-824a-cb39933822c8/sclamp/Specify_Maize_Variety[1]
BH-540,Improved,High_yielding Easy_preparation,,uuid:63b43d1c-e6bd-4af6-b880-49fa3264b602,uuid:63b43d1c-e6bd-4af6-b880-49fa3264b602/sclamp/Specify_Maize_Variety[1]
Local,Local,Easy_preparation,,uuid:9681c642-4401-48ca-9dfe-5252d18df477,uuid:9681c642-4401-48ca-9dfe-5252d18df477/sclamp/Specify_Maize_Variety[1]
BH-540,Improved,High_yielding Early_maturity Good_taste,,uuid:e974be06-f0df-49d6-9010-f41c152e6acd,uuid:e974be06-f0df-49d6-9010-f41c152e6acd/sclamp/Specify_Maize_Variety[1]
BH-540,Improved,High_yielding Early_maturity Good_taste,,uuid:e9dfabfc-3382-4720-aa78-78172f5cee28,uuid:e9dfabfc-3382-4720-aa78-78172f5cee28/sclamp/Specify_Maize_Variety[1]
BH-540,Improved,High_yielding Good_taste Easy_preparation,,uuid:dc3ed333-6de6-4e18-bb09-251a576b2ba4,uuid:dc3ed333-6de6-4e18-bb09-251a576b2ba4/sclamp/Specify_Maize_Variety[1]
BH-540,Improved,High_yielding Early_maturity Good_taste,,uuid:1e224ed1-60fb-4385-9a38-b827006ca013,uuid:1e224ed1-60fb-4385-9a38-b827006ca013/sclamp/Specify_Maize_Variety[1]
BH-540,Improved,High_yielding Easy_preparation Good_taste,,uuid:0c278629-b16e-45bf-a46c-451e0cfceba9,uuid:0c278629-b16e-45bf-a46c-451e0cfceba9/sclamp/Specify_Maize_Variety[1]
Bh 540,Improved,High_yielding Disease_resistance Drought_tolerance Easy_preparation,,uuid:438faa98-e01e-4b67-95c1-8de8434fc01b,uuid:438faa98-e01e-4b67-95c1-8de8434fc01b/sclamp/Specify_Maize_Variety[1]
Gawuga,Local,High_yielding Good_taste Seed_availability,,uuid:f1a95cbc-bce6-4bcd-be2a-00b7f46f721c,uuid:f1a95cbc-bce6-4bcd-be2a-00b7f46f721c/sclamp/Specify_Maize_Variety[1]
Gawuga,Local,Disease_resistance Seed_availability Good_taste,,uuid:bca9eb62-dd10-4dfe-984e-00d166e1074c,uuid:bca9eb62-dd10-4dfe-984e-00d166e1074c/sclamp/Specify_Maize_Variety[1]
Gawuga,Local,High_yielding Early_maturity Good_taste Good_price,,uuid:ac347952-7307-4b06-8876-90cfc2acf30d,uuid:ac347952-7307-4b06-8876-90cfc2acf30d/sclamp/Specify_Maize_Variety[1]
Moshoriya,Local,High_yielding Disease_resistance Drought_tolerance Good_price,,uuid:7a0ce6d5-fb74-4c23-8b12-4fae6da90e22,uuid:7a0ce6d5-fb74-4c23-8b12-4fae6da90e22/sclamp/Specify_Maize_Variety[1]
Gawuga,Local,High_yielding Disease_resistance Good_taste Good_price,,uuid:e4ccdd0f-73c6-4e03-b724-680fd441ae8b,uuid:e4ccdd0f-73c6-4e03-b724-680fd441ae8b/sclamp/Specify_Maize_Variety[1]
BH 540,Improved,High_yielding Disease_resistance Early_maturity Easy_preparation Seed_availability,,uuid:89e7996d-6093-494e-86ec-1662dfaac2e7,uuid:89e7996d-6093-494e-86ec-1662dfaac2e7/sclamp/Specify_Maize_Variety[1]
B-H 540,Improved,High_yielding Early_maturity Seed_availability Good_price,,uuid:4b3c6050-ea8b-4433-8055-2c1560f8f13b,uuid:4b3c6050-ea8b-4433-8055-2c1560f8f13b/sclamp/Specify_Maize_Variety[1]
B-H 540,Improved,High_yielding Early_maturity Good_price Easy_preparation,,uuid:51d83881-e07e-42b1-beac-feb9a59aa0b2,uuid:51d83881-e07e-42b1-beac-feb9a59aa0b2/sclamp/Specify_Maize_Variety[1]
BH-540,Improved,Seed_availability,,uuid:5763f7de-391a-4f68-aa74-360721cbc326,uuid:5763f7de-391a-4f68-aa74-360721cbc326/sclamp/Specify_Maize_Variety[1]
BH-540,Improved,High_yielding Seed_availability Early_maturity,,uuid:85a99616-47b2-4b01-86de-e47e86fd71c3,uuid:85a99616-47b2-4b01-86de-e47e86fd71c3/sclamp/Specify_Maize_Variety[1]
Pioner,Improved,Seed_availability High_yielding,,uuid:7ab2fcc0-ba17-4744-b22a-86d48fe20546,uuid:7ab2fcc0-ba17-4744-b22a-86d48fe20546/sclamp/Specify_Maize_Variety[1]
Local,Local,other,High price of improved seed,uuid:3b82a727-ceb2-4786-bcb3-a007ddaa9ad9,uuid:3b82a727-ceb2-4786-bcb3-a007ddaa9ad9/sclamp/Specify_Maize_Variety[1]
Local,Local,other,High price of improved seed,uuid:52b338f5-f18a-4284-a7e4-72219808d211,uuid:52b338f5-f18a-4284-a7e4-72219808d211/sclamp/Specify_Maize_Variety[1]
BH-540,Improved,High_yielding Seed_availability Early_maturity,,uuid:8ba370b6-ab11-4901-bd42-c757449ee23b,uuid:8ba370b6-ab11-4901-bd42-c757449ee23b/sclamp/Specify_Maize_Variety[1]
Local,Local,Easy_preparation,,uuid:d80a8f89-5944-4b0e-a3fa-87dda8553b6c,uuid:d80a8f89-5944-4b0e-a3fa-87dda8553b6c/sclamp/Specify_Maize_Variety[1]
Pioner,Improved,High_yielding Early_maturity Good_taste,,uuid:a6cba3a0-1acf-4ad4-90f1-de91f100a017,uuid:a6cba3a0-1acf-4ad4-90f1-de91f100a017/sclamp/Specify_Maize_Variety[1]
Pioner,Improved,Disease_resistance Early_maturity Easy_preparation,,uuid:304182c1-5f68-4a01-afd1-b7bfb101e3fa,uuid:304182c1-5f68-4a01-afd1-b7bfb101e3fa/sclamp/Specify_Maize_Variety[1]
Pioner,Improved,High_yielding Early_maturity Good_taste Good_price High_market_demand,,uuid:d8f07092-7719-43a4-a243-b16f97ce58fb,uuid:d8f07092-7719-43a4-a243-b16f97ce58fb/sclamp/Specify_Maize_Variety[1]
Pioner,Improved,Easy_preparation High_yielding,,uuid:5af1b817-8710-44dc-841f-8ab7d047f375,uuid:5af1b817-8710-44dc-841f-8ab7d047f375/sclamp/Specify_Maize_Variety[1]
Pioner,Improved,High_market_demand Good_price Easy_preparation Good_taste other,Cattle forage ,uuid:696d841e-fc6a-4453-9fe8-42bb161ccf18,uuid:696d841e-fc6a-4453-9fe8-42bb161ccf18/sclamp/Specify_Maize_Variety[1]
Gawuga,Local,High_yielding Easy_preparation Insect_pest_resistance Seed_availability,,uuid:a74d5975-0830-4e50-bc3d-5bd41cbdb223,uuid:a74d5975-0830-4e50-bc3d-5bd41cbdb223/sclamp/Specify_Maize_Variety[1]
Moshoriya,Local,Disease_resistance Good_price Seed_availability Drought_tolerance,,uuid:c2fc5a7d-3248-45b5-95b6-d34fcb582928,uuid:c2fc5a7d-3248-45b5-95b6-d34fcb582928/sclamp/Specify_Maize_Variety[1]
Moshoriyaa,Local,High_yielding Good_taste Insect_pest_resistance,,uuid:fc73dc43-4cdc-402c-b5fc-50b8887c1b5c,uuid:fc73dc43-4cdc-402c-b5fc-50b8887c1b5c/sclamp/Specify_Maize_Variety[1]
B-H 540,Improved,High_yielding High_market_demand Good_price,,uuid:efbd2d35-10fd-4ecc-8a49-227dd95779f2,uuid:efbd2d35-10fd-4ecc-8a49-227dd95779f2/sclamp/Specify_Maize_Variety[1]
B-h 540,Improved,High_yielding High_market_demand Good_price Good_taste Early_maturity,,uuid:620bce3c-dc82-420a-8e70-7adad474488a,uuid:620bce3c-dc82-420a-8e70-7adad474488a/sclamp/Specify_Maize_Variety[1]
Gawuga,Local,Disease_resistance Good_price Good_taste,,uuid:68ad7043-2786-45b2-9888-9c9e577ea10a,uuid:68ad7043-2786-45b2-9888-9c9e577ea10a/sclamp/Specify_Maize_Variety[1]
Shone ,Improved,High_yielding Disease_resistance Early_maturity Drought_tolerance,,uuid:ba582319-e6f4-423d-8955-f0cc81c877fb,uuid:ba582319-e6f4-423d-8955-f0cc81c877fb/sclamp/Specify_Maize_Variety[1]
BH-540 ,Improved,High_yielding Seed_availability Early_maturity,,uuid:e6a7014d-acb0-410f-b6f9-0a58c2b5b52d,uuid:e6a7014d-acb0-410f-b6f9-0a58c2b5b52d/sclamp/Specify_Maize_Variety[1]
Shone ,Improved,High_yielding Seed_availability Early_maturity Drought_tolerance,,uuid:936eb61a-8a3b-43ea-bb68-ddf2870f6f5c,uuid:936eb61a-8a3b-43ea-bb68-ddf2870f6f5c/sclamp/Specify_Maize_Variety[1]
Shone ,Improved,High_yielding Seed_availability Drought_tolerance,,uuid:5d6bb78d-d446-433d-a965-369eb454e760,uuid:5d6bb78d-d446-433d-a965-369eb454e760/sclamp/Specify_Maize_Variety[1]
BH-540 ,Improved,High_yielding Disease_resistance,,uuid:56e7edca-04c4-4f72-a410-05f8fdd8c9fb,uuid:56e7edca-04c4-4f72-a410-05f8fdd8c9fb/sclamp/Specify_Maize_Variety[1]
Shone ,Improved,High_yielding Seed_availability Easy_preparation,,uuid:bc9a8e9b-7c56-4321-a444-b840143da5e9,uuid:bc9a8e9b-7c56-4321-a444-b840143da5e9/sclamp/Specify_Maize_Variety[1]
Local,Local,Seed_availability other,No improved Seeds Availability,uuid:79f25286-c5e4-48f2-aec6-d6c5010a60b7,uuid:79f25286-c5e4-48f2-aec6-d6c5010a60b7/sclamp/Specify_Maize_Variety[1]
Bh540,Improved,Seed_availability High_yielding Early_maturity,,uuid:29b77ff6-d0ce-4740-8fc6-a06658fb69bb,uuid:29b77ff6-d0ce-4740-8fc6-a06658fb69bb/sclamp/Specify_Maize_Variety[1]
Local,Local,Seed_availability,,uuid:0f04ab28-b044-418a-b358-c6cf0868b02a,uuid:0f04ab28-b044-418a-b358-c6cf0868b02a/sclamp/Specify_Maize_Variety[1]
Local,Local,Seed_availability,,uuid:320aa44e-dcf7-4540-bb15-8439b8d1599d,uuid:320aa44e-dcf7-4540-bb15-8439b8d1599d/sclamp/Specify_Maize_Variety[1]
Local,Local,Seed_availability,,uuid:3c6ca8d5-5775-4616-82a2-e0cc629cbbd9,uuid:3c6ca8d5-5775-4616-82a2-e0cc629cbbd9/sclamp/Specify_Maize_Variety[1]
Local,Local,other,No money to buy improved,uuid:5de54179-90a4-4982-9304-b5ff4b334f69,uuid:5de54179-90a4-4982-9304-b5ff4b334f69/sclamp/Specify_Maize_Variety[1]
Powner ,Improved,High_yielding Disease_resistance Seed_availability Early_maturity Good_taste Drought_tolerance,,uuid:2f1c22a9-3288-4408-b7b7-5fa1fd425962,uuid:2f1c22a9-3288-4408-b7b7-5fa1fd425962/sclamp/Specify_Maize_Variety[1]
Local,Local,Disease_resistance Early_maturity Seed_availability Good_taste Drought_tolerance,,uuid:84ba7ca8-b6a7-4dff-b33c-6833195b30a5,uuid:84ba7ca8-b6a7-4dff-b33c-6833195b30a5/sclamp/Specify_Maize_Variety[1]
Local,Local,High_yielding Seed_availability Early_maturity Good_taste Drought_tolerance,,uuid:507fa4d0-e521-4543-a5b2-d4da89f76702,uuid:507fa4d0-e521-4543-a5b2-d4da89f76702/sclamp/Specify_Maize_Variety[1]
Local,Local,Disease_resistance Seed_availability Early_maturity Good_taste,,uuid:5432177a-99a4-4316-b8cf-d686fabde5fa,uuid:5432177a-99a4-4316-b8cf-d686fabde5fa/sclamp/Specify_Maize_Variety[1]
Local,Local,Seed_availability Early_maturity Good_taste,,uuid:17530587-ad5c-43a5-80d0-cfff2f0d4be6,uuid:17530587-ad5c-43a5-80d0-cfff2f0d4be6/sclamp/Specify_Maize_Variety[1]
Powner,Improved,High_yielding Disease_resistance Early_maturity Drought_tolerance Good_taste,,uuid:569a9ba2-5dd3-4bc9-af2c-89ac8c3c1ea0,uuid:569a9ba2-5dd3-4bc9-af2c-89ac8c3c1ea0/sclamp/Specify_Maize_Variety[1]
Local,Local,Disease_resistance Early_maturity Good_taste,,uuid:8050a569-b61c-4db7-a651-c5f6f45699a8,uuid:8050a569-b61c-4db7-a651-c5f6f45699a8/sclamp/Specify_Maize_Variety[1]
Local,Local,Early_maturity Good_taste Seed_availability,,uuid:614759c2-8b16-4832-8e79-1d676648c8ce,uuid:614759c2-8b16-4832-8e79-1d676648c8ce/sclamp/Specify_Maize_Variety[1]
Powner ,Improved,Disease_resistance Early_maturity Good_price High_yielding Seed_availability Drought_tolerance Good_taste,,uuid:a484a0da-27cf-49e8-8b88-44f5ad620530,uuid:a484a0da-27cf-49e8-8b88-44f5ad620530/sclamp/Specify_Maize_Variety[1]
Local,Local,Disease_resistance Seed_availability Early_maturity Good_taste,,uuid:88962468-e2f2-4a2b-b041-63d0543f87f4,uuid:88962468-e2f2-4a2b-b041-63d0543f87f4/sclamp/Specify_Maize_Variety[1]
Local,Local,Seed_availability Early_maturity Good_taste other,Monkey problem other animal problems ,uuid:95231e49-d035-471c-bd0a-5b1222d03da1,uuid:95231e49-d035-471c-bd0a-5b1222d03da1/sclamp/Specify_Maize_Variety[1]
Shone,Improved,Seed_availability High_yielding,,uuid:7ff62d2a-15b8-4e47-af97-ce1b6292a6c0,uuid:7ff62d2a-15b8-4e47-af97-ce1b6292a6c0/sclamp/Specify_Maize_Variety[1]
Local,Local,other,High price of improved seed,uuid:6b384e21-d264-404f-b44f-e35593895e04,uuid:6b384e21-d264-404f-b44f-e35593895e04/sclamp/Specify_Maize_Variety[1]
Shone,Improved,High_yielding Seed_availability,,uuid:4b667436-3999-4a28-ae41-de2e7eef7251,uuid:4b667436-3999-4a28-ae41-de2e7eef7251/sclamp/Specify_Maize_Variety[1]
Shone,Improved,Early_maturity High_yielding,,uuid:9ee5056f-6c7a-46c2-abe9-7a1eaa1d788c,uuid:9ee5056f-6c7a-46c2-abe9-7a1eaa1d788c/sclamp/Specify_Maize_Variety[1]
Local,Local,Seed_availability,,uuid:d78740f7-35d3-47ee-97b2-a255661cf3f0,uuid:d78740f7-35d3-47ee-97b2-a255661cf3f0/sclamp/Specify_Maize_Variety[1]
Local,Local,other,I couldn't afford to buy improved,uuid:bbf7df2c-5c11-45da-952a-2f6e127f547d,uuid:bbf7df2c-5c11-45da-952a-2f6e127f547d/sclamp/Specify_Maize_Variety[1]
Local,Local,other,No money to buy improved one,uuid:6a871afe-b8e0-4fd5-81a2-44a6b0f2edd2,uuid:6a871afe-b8e0-4fd5-81a2-44a6b0f2edd2/sclamp/Specify_Maize_Variety[1]
Bh540,Improved,Seed_availability,,uuid:00e25fb6-0bf6-4df0-8bb7-2c3cfb9c6619,uuid:00e25fb6-0bf6-4df0-8bb7-2c3cfb9c6619/sclamp/Specify_Maize_Variety[1]
I don't know,Improved,Disease_resistance High_yielding,,uuid:ebdd33b0-1214-4554-bd10-fdf4e43e63bf,uuid:ebdd33b0-1214-4554-bd10-fdf4e43e63bf/sclamp/Specify_Maize_Variety[1]
I don't know,Improved,Seed_availability,,uuid:3e47eab3-9e23-4360-a452-431f4b6af3f5,uuid:3e47eab3-9e23-4360-a452-431f4b6af3f5/sclamp/Specify_Maize_Variety[1]
BH-540 ,Local,Early_maturity Easy_preparation,,uuid:74f5339f-87d2-4904-be7b-42d0967389bb,uuid:74f5339f-87d2-4904-be7b-42d0967389bb/sclamp/Specify_Maize_Variety[1]
Local ,Local,other,Money constraint ,uuid:0574c709-bb20-4581-8cc1-4e9e1f95dbd1,uuid:0574c709-bb20-4581-8cc1-4e9e1f95dbd1/sclamp/Specify_Maize_Variety[1]
Local ,Local,other,Money constraint ,uuid:cb26cb89-03c9-4044-bfaf-055f302952a0,uuid:cb26cb89-03c9-4044-bfaf-055f302952a0/sclamp/Specify_Maize_Variety[1]
Faynar ,Improved,High_yielding,,uuid:d702c6f2-b9e7-4b5f-bc02-1365158a54a5,uuid:d702c6f2-b9e7-4b5f-bc02-1365158a54a5/sclamp/Specify_Maize_Variety[1]
BH-540 ,Improved,High_yielding Seed_availability Early_maturity Good_taste,,uuid:ce6d7cb9-d60d-4394-9852-b14123f2c8c1,uuid:ce6d7cb9-d60d-4394-9852-b14123f2c8c1/sclamp/Specify_Maize_Variety[1]
BH-540,Improved,High_yielding Early_maturity,,uuid:515f1d7d-e61f-4338-a6d0-16e4499d3624,uuid:515f1d7d-e61f-4338-a6d0-16e4499d3624/sclamp/Specify_Maize_Variety[1]
Local,Local,Easy_preparation,,uuid:ebd79976-1ea2-4115-806f-15c2e7052dc9,uuid:ebd79976-1ea2-4115-806f-15c2e7052dc9/sclamp/Specify_Maize_Variety[1]
BH-540,Improved,High_yielding,,uuid:ee296227-d961-4726-a964-236b30ff4b58,uuid:ee296227-d961-4726-a964-236b30ff4b58/sclamp/Specify_Maize_Variety[1]
BH-450,Improved,High_yielding Good_taste,,uuid:18bfa27d-c82e-4023-80d3-5cbe1595fd30,uuid:18bfa27d-c82e-4023-80d3-5cbe1595fd30/sclamp/Specify_Maize_Variety[1]
BH-540,Improved,High_yielding Easy_preparation Good_taste,,uuid:94213dc1-005b-4489-aae8-86db0f9eb554,uuid:94213dc1-005b-4489-aae8-86db0f9eb554/sclamp/Specify_Maize_Variety[1]
BH-540,Improved,Easy_preparation Good_taste Early_maturity High_yielding,,uuid:40c97b53-22f7-4021-95d5-a4fa01989a7d,uuid:40c97b53-22f7-4021-95d5-a4fa01989a7d/sclamp/Specify_Maize_Variety[1]
BH-450,Improved,High_yielding,,uuid:43d88ed3-5908-46cb-9789-3dde2cd308e1,uuid:43d88ed3-5908-46cb-9789-3dde2cd308e1/sclamp/Specify_Maize_Variety[1]
BH-540,Improved,Early_maturity Easy_preparation,,uuid:d3efd66c-bd84-41d0-8971-db8d4df8326e,uuid:d3efd66c-bd84-41d0-8971-db8d4df8326e/sclamp/Specify_Maize_Variety[1]
BH-540,Improved,High_yielding Easy_preparation Good_taste,,uuid:908c78b0-46df-4acb-a583-a5a0bafc30f7,uuid:908c78b0-46df-4acb-a583-a5a0bafc30f7/sclamp/Specify_Maize_Variety[1]
BH-540,Improved,High_yielding Easy_preparation Early_maturity Drought_tolerance Good_taste,,uuid:ee95e5f7-42ee-4266-a0d3-10ddc1881e44,uuid:ee95e5f7-42ee-4266-a0d3-10ddc1881e44/sclamp/Specify_Maize_Variety[1]
BH-540,Improved,Disease_resistance High_yielding Easy_preparation,,uuid:accd2f08-b670-46f2-8ed2-5ba9ddcbbb40,uuid:accd2f08-b670-46f2-8ed2-5ba9ddcbbb40/sclamp/Specify_Maize_Variety[1]
Gawuga,Local,Disease_resistance Easy_preparation Good_price,,uuid:e917f2f1-082c-4139-94a5-2f166e29cfc1,uuid:e917f2f1-082c-4139-94a5-2f166e29cfc1/sclamp/Specify_Maize_Variety[1]
Gawuga,Local,Disease_resistance Good_taste,,uuid:50b579ab-4d91-4f39-aa95-6aef70492dd8,uuid:50b579ab-4d91-4f39-aa95-6aef70492dd8/sclamp/Specify_Maize_Variety[1]
Gawuga,Local,Disease_resistance Early_maturity Good_price,,uuid:be7f2dc9-92e8-4c1c-8ad0-aadc102306dd,uuid:be7f2dc9-92e8-4c1c-8ad0-aadc102306dd/sclamp/Specify_Maize_Variety[1]
Bh 540,Improved,High_yielding Disease_resistance Good_taste Drought_tolerance,,uuid:69c66396-ea65-462d-8df2-63d9d238b7e1,uuid:69c66396-ea65-462d-8df2-63d9d238b7e1/sclamp/Specify_Maize_Variety[1]
Bh 540,Improved,High_yielding Seed_availability Good_price,,uuid:87986548-b11d-414b-9ad9-58787de18834,uuid:87986548-b11d-414b-9ad9-58787de18834/sclamp/Specify_Maize_Variety[1]
BH_540,Improved,High_yielding Seed_availability Early_maturity Good_taste Good_price Drought_tolerance,,uuid:e413e237-ae3e-46a8-b1b1-4c3dd2ee9b65,uuid:e413e237-ae3e-46a8-b1b1-4c3dd2ee9b65/sclamp/Specify_Maize_Variety[1]
BH _540,Improved,Disease_resistance High_yielding Seed_availability Good_taste Drought_tolerance Early_maturity,,uuid:9d34ee50-e68f-4332-9a42-2cb09b307a13,uuid:9d34ee50-e68f-4332-9a42-2cb09b307a13/sclamp/Specify_Maize_Variety[1]
BH=540,Improved,Disease_resistance High_yielding Early_maturity Good_taste Good_price,,uuid:be5dda67-1236-49ae-8b2d-8acb1d55f5a8,uuid:be5dda67-1236-49ae-8b2d-8acb1d55f5a8/sclamp/Specify_Maize_Variety[1]
BH_540,Improved,Disease_resistance Seed_availability Early_maturity Good_taste Drought_tolerance,,uuid:be9a2db9-df5e-4ffb-b1a5-ec4c24bf2524,uuid:be9a2db9-df5e-4ffb-b1a5-ec4c24bf2524/sclamp/Specify_Maize_Variety[1]
BH=540,Improved,High_yielding Insect_pest_resistance Seed_availability Early_maturity Drought_tolerance Good_taste Good_price,,uuid:34683265-41c8-4371-819b-878d3aadb48e,uuid:34683265-41c8-4371-819b-878d3aadb48e/sclamp/Specify_Maize_Variety[1]
Pioner ,Improved,Seed_availability Drought_tolerance,,uuid:a4e1cd7e-4276-4eeb-b303-9dcd1faa4fdd,uuid:a4e1cd7e-4276-4eeb-b303-9dcd1faa4fdd/sclamp/Specify_Maize_Variety[1]
BH-540 ,Improved,Seed_availability Early_maturity High_yielding,,uuid:b869fd12-79c5-4c8c-bc4b-32354f67e9e5,uuid:b869fd12-79c5-4c8c-bc4b-32354f67e9e5/sclamp/Specify_Maize_Variety[1]
Pioner ,Improved,Seed_availability Drought_tolerance,,uuid:95c58a82-86b6-49fe-ad78-26897faa7e66,uuid:95c58a82-86b6-49fe-ad78-26897faa7e66/sclamp/Specify_Maize_Variety[1]
BH-540 ,Improved,Early_maturity Seed_availability,,uuid:bd3c4868-8172-42ff-be8b-fb45b705abaf,uuid:bd3c4868-8172-42ff-be8b-fb45b705abaf/sclamp/Specify_Maize_Variety[1]
BH-540 ,Improved,Seed_availability Early_maturity,,uuid:054f1402-d878-491f-8cb0-90a578fc43ce,uuid:054f1402-d878-491f-8cb0-90a578fc43ce/sclamp/Specify_Maize_Variety[1]
Bh540,Improved,High_yielding Seed_availability Early_maturity Drought_tolerance,,uuid:9d207b76-9aaf-4628-9e9e-18922587f91a,uuid:9d207b76-9aaf-4628-9e9e-18922587f91a/sclamp/Specify_Maize_Variety[1]
Bh540,Improved,Drought_tolerance Seed_availability High_yielding,,uuid:ac477cab-1ee7-413a-b50f-e70edf3e3e61,uuid:ac477cab-1ee7-413a-b50f-e70edf3e3e61/sclamp/Specify_Maize_Variety[1]
Bh540,Improved,Seed_availability,,uuid:b26de55c-1a49-45fc-b703-8d291edd17aa,uuid:b26de55c-1a49-45fc-b703-8d291edd17aa/sclamp/Specify_Maize_Variety[1]
Bh540,Improved,Seed_availability,,uuid:aedb1f36-02c0-48ff-b8ff-d3341d050458,uuid:aedb1f36-02c0-48ff-b8ff-d3341d050458/sclamp/Specify_Maize_Variety[1]
Bh540,Improved,Seed_availability High_yielding Disease_resistance Drought_tolerance Early_maturity,,uuid:d1a37876-85c7-41ac-bfc1-0bacbad3b4e9,uuid:d1a37876-85c7-41ac-bfc1-0bacbad3b4e9/sclamp/Specify_Maize_Variety[1]
Local ,Local,High_yielding Good_taste Easy_preparation,,uuid:7138881d-0d0e-4cd8-84bb-63a40c3d4dfb,uuid:7138881d-0d0e-4cd8-84bb-63a40c3d4dfb/sclamp/Specify_Maize_Variety[1]
Local ,Local,High_yielding Early_maturity Easy_preparation,,uuid:15d5f3ef-0959-49f0-a320-2dfbecd0382b,uuid:15d5f3ef-0959-49f0-a320-2dfbecd0382b/sclamp/Specify_Maize_Variety[1]
Local ,Local,High_yielding Seed_availability Early_maturity Good_taste,,uuid:0ffc6dee-f1a7-4d62-ae97-e3c17589fb44,uuid:0ffc6dee-f1a7-4d62-ae97-e3c17589fb44/sclamp/Specify_Maize_Variety[1]
BH-540 ,Improved,High_yielding Seed_availability Easy_preparation,,uuid:16af2608-a1a7-46fc-bd2b-6d59dbfda0bb,uuid:16af2608-a1a7-46fc-bd2b-6d59dbfda0bb/sclamp/Specify_Maize_Variety[1]
BH-540 ,Improved,High_yielding Seed_availability Easy_preparation,,uuid:2b101b96-e022-4221-9a6e-b757ca2c68e9,uuid:2b101b96-e022-4221-9a6e-b757ca2c68e9/sclamp/Specify_Maize_Variety[1]
Moshoriya,Local,Disease_resistance Seed_availability Good_taste,,uuid:97f02518-c0a4-4741-8260-8545a9dd0185,uuid:97f02518-c0a4-4741-8260-8545a9dd0185/sclamp/Specify_Maize_Variety[1]
B-H 540,Improved,Disease_resistance High_yielding Insect_pest_resistance Good_taste Good_price,,uuid:9ec8826d-4799-4d17-b4cc-35fcd77c2856,uuid:9ec8826d-4799-4d17-b4cc-35fcd77c2856/sclamp/Specify_Maize_Variety[1]
BH 540,Improved,High_yielding Seed_availability Good_taste Good_price,,uuid:89a2a445-504b-4296-8eb0-ac27c524d322,uuid:89a2a445-504b-4296-8eb0-ac27c524d322/sclamp/Specify_Maize_Variety[1]
Moshoriya,Local,Disease_resistance Good_price Drought_tolerance,,uuid:2873f56a-bf3e-4d90-934c-479ea3e4a12e,uuid:2873f56a-bf3e-4d90-934c-479ea3e4a12e/sclamp/Specify_Maize_Variety[1]
Gawuga,Local,Disease_resistance Drought_tolerance Good_price,,uuid:507d3025-8c45-45c7-ace8-083782b10b4e,uuid:507d3025-8c45-45c7-ace8-083782b10b4e/sclamp/Specify_Maize_Variety[1]
Local,Local,Disease_resistance Drought_tolerance Good_price,,uuid:a8a364b1-d574-4c41-b092-48137c5b25f9,uuid:a8a364b1-d574-4c41-b092-48137c5b25f9/sclamp/Specify_Maize_Variety[1]
BH_540,Improved,Disease_resistance High_yielding Early_maturity Drought_tolerance Good_taste,,uuid:475ff545-51c7-4ecc-bb31-104a995dbb24,uuid:475ff545-51c7-4ecc-bb31-104a995dbb24/sclamp/Specify_Maize_Variety[1]
BH_540,Improved,High_yielding Disease_resistance Insect_pest_resistance Early_maturity Good_taste Good_price Drought_tolerance,,uuid:52c79a6f-0990-4b4f-8f46-5cda95f16c7a,uuid:52c79a6f-0990-4b4f-8f46-5cda95f16c7a/sclamp/Specify_Maize_Variety[1]
BH _540,Improved,High_yielding Seed_availability Early_maturity Good_taste,,uuid:cd67ecb6-412f-4f44-98b9-988481d55a31,uuid:cd67ecb6-412f-4f44-98b9-988481d55a31/sclamp/Specify_Maize_Variety[1]
BH_540,Improved,Disease_resistance Insect_pest_resistance Early_maturity Good_taste High_yielding,,uuid:766284b0-a744-4207-b070-026fb36682df,uuid:766284b0-a744-4207-b070-026fb36682df/sclamp/Specify_Maize_Variety[1]
BH_540,Improved,Disease_resistance High_yielding Early_maturity Good_taste Drought_tolerance Good_price,,uuid:f4ed1bf9-56e5-40dc-82c6-86338001c1b3,uuid:f4ed1bf9-56e5-40dc-82c6-86338001c1b3/sclamp/Specify_Maize_Variety[1]
BH _540,Improved,Good_price Good_taste Early_maturity Drought_tolerance High_yielding Disease_resistance,,uuid:9174282f-f492-403f-a863-2a932c9b1a47,uuid:9174282f-f492-403f-a863-2a932c9b1a47/sclamp/Specify_Maize_Variety[1]
Bh540,Improved,Drought_tolerance Early_maturity Seed_availability High_yielding Disease_resistance,,uuid:216b83d5-19a5-4818-ab9f-ddcb6f816b01,uuid:216b83d5-19a5-4818-ab9f-ddcb6f816b01/sclamp/Specify_Maize_Variety[1]
Bh540,Improved,Drought_tolerance Seed_availability,,uuid:7b92d160-de26-4eb8-92ea-f233cf96c539,uuid:7b92d160-de26-4eb8-92ea-f233cf96c539/sclamp/Specify_Maize_Variety[1]
I don't know,Improved,Seed_availability High_yielding,,uuid:7de11a8a-e78b-4d76-90b3-9e28249348d2,uuid:7de11a8a-e78b-4d76-90b3-9e28249348d2/sclamp/Specify_Maize_Variety[1]
I don't know,Improved,Seed_availability Drought_tolerance,,uuid:70dd55a9-bad2-4440-9e8d-f4dc53032492,uuid:70dd55a9-bad2-4440-9e8d-f4dc53032492/sclamp/Specify_Maize_Variety[1]
Bh540,Improved,Seed_availability High_yielding,,uuid:1b4f5c81-d022-4cf9-bc76-a5bf22fb22fe,uuid:1b4f5c81-d022-4cf9-bc76-a5bf22fb22fe/sclamp/Specify_Maize_Variety[1]
I don't know,Improved,Seed_availability,,uuid:6762cd6d-f65d-40f5-baa6-94f3cab957e2,uuid:6762cd6d-f65d-40f5-baa6-94f3cab957e2/sclamp/Specify_Maize_Variety[1]
Local ,Local,other,High price of improved seed ,uuid:210f13af-d18e-4fc8-89e3-ac0c688d2aeb,uuid:210f13af-d18e-4fc8-89e3-ac0c688d2aeb/sclamp/Specify_Maize_Variety[1]
BH-540 ,Improved,Seed_availability High_yielding Early_maturity,,uuid:892d9fb9-ae38-4a62-8932-6f36d3ebcea9,uuid:892d9fb9-ae38-4a62-8932-6f36d3ebcea9/sclamp/Specify_Maize_Variety[1]
Local ,Local,Seed_availability,,uuid:1238a7fa-cfee-49c0-8177-38e6ab865a0d,uuid:1238a7fa-cfee-49c0-8177-38e6ab865a0d/sclamp/Specify_Maize_Variety[1]
Local ,Local,other,High price of improved seed ,uuid:c36e782d-86bb-49f3-b154-6f145c48219f,uuid:c36e782d-86bb-49f3-b154-6f145c48219f/sclamp/Specify_Maize_Variety[1]
BH-540 ,Improved,Seed_availability High_yielding Early_maturity,,uuid:62390282-72bc-4215-ad7c-c8002bf36b50,uuid:62390282-72bc-4215-ad7c-c8002bf36b50/sclamp/Specify_Maize_Variety[1]
BH-540 ,Improved,Seed_availability,,uuid:f1ab1703-7655-4ab4-b956-b0df20c45354,uuid:f1ab1703-7655-4ab4-b956-b0df20c45354/sclamp/Specify_Maize_Variety[1]
BH-540,Improved,Early_maturity Insect_pest_resistance Drought_tolerance High_yielding,,uuid:34735875-ea60-4794-81e7-118ae1391ce4,uuid:34735875-ea60-4794-81e7-118ae1391ce4/sclamp/Specify_Maize_Variety[1]
Pioner,Improved,Drought_tolerance High_yielding Insect_pest_resistance,,uuid:89671743-574b-4439-b8a6-7d9bb858a5b2,uuid:89671743-574b-4439-b8a6-7d9bb858a5b2/sclamp/Specify_Maize_Variety[1]
Local,Local,Seed_availability,,uuid:3102f7fe-afde-4e0a-8515-145891762c2e,uuid:3102f7fe-afde-4e0a-8515-145891762c2e/sclamp/Specify_Maize_Variety[1]
Local,Local,Seed_availability Easy_preparation Good_taste,,uuid:786577cf-d968-4fdc-bb04-f62957f23cd1,uuid:786577cf-d968-4fdc-bb04-f62957f23cd1/sclamp/Specify_Maize_Variety[1]
Local,Local,Seed_availability Easy_preparation,,uuid:0ff30313-3054-427a-a4f6-7c62e26c0ca9,uuid:0ff30313-3054-427a-a4f6-7c62e26c0ca9/sclamp/Specify_Maize_Variety[1]
Local,Local,Seed_availability Easy_preparation,,uuid:e005b917-60dd-4643-9f6c-6028e9cd970b,uuid:e005b917-60dd-4643-9f6c-6028e9cd970b/sclamp/Specify_Maize_Variety[1]
Moshoriya,Local,High_market_demand Good_taste Drought_tolerance Disease_resistance,,uuid:dc9d4733-b96b-4e80-8c22-4c32a8527142,uuid:dc9d4733-b96b-4e80-8c22-4c32a8527142/sclamp/Specify_Maize_Variety[1]
BH 540,Improved,Disease_resistance High_market_demand Early_maturity Easy_preparation,,uuid:ec90fa10-6250-4d66-84a5-4b1904f6e0bb,uuid:ec90fa10-6250-4d66-84a5-4b1904f6e0bb/sclamp/Specify_Maize_Variety[1]
Moshoriya,Local,Disease_resistance Seed_availability Good_price Good_taste,,uuid:0a48c965-6165-4f8e-839f-efa6d718b7df,uuid:0a48c965-6165-4f8e-839f-efa6d718b7df/sclamp/Specify_Maize_Variety[1]
BH 540,Improved,Disease_resistance High_yielding Good_price Good_taste,,uuid:1c3fb036-4aee-45d9-afc3-fe04c9d5285b,uuid:1c3fb036-4aee-45d9-afc3-fe04c9d5285b/sclamp/Specify_Maize_Variety[1]
B-H 540,Improved,High_yielding High_market_demand Good_taste Good_price,,uuid:d0419f50-496f-4653-8356-a65bb1d961db,uuid:d0419f50-496f-4653-8356-a65bb1d961db/sclamp/Specify_Maize_Variety[1]
B-H 540,Improved,High_yielding Seed_availability Good_price Good_taste,,uuid:d0ff3a7f-dc02-42d8-8669-9ac26e9eb034,uuid:d0ff3a7f-dc02-42d8-8669-9ac26e9eb034/sclamp/Specify_Maize_Variety[1]
Local ,Local,other,Money constraint ,uuid:8b4ee15d-35a5-4988-90b0-6909c0209143,uuid:8b4ee15d-35a5-4988-90b0-6909c0209143/sclamp/Specify_Maize_Variety[1]
Local ,Local,other,Money constraint ,uuid:500be44e-288c-45ae-87ad-d34308b56236,uuid:500be44e-288c-45ae-87ad-d34308b56236/sclamp/Specify_Maize_Variety[1]
HB,Improved,High_yielding Insect_pest_resistance Early_maturity Drought_tolerance,,uuid:feab1861-ed47-4ea0-9a9a-84b390ed985a,uuid:feab1861-ed47-4ea0-9a9a-84b390ed985a/sclamp/Specify_Maize_Variety[1]
HB,Improved,High_yielding Seed_availability Early_maturity Drought_tolerance Good_taste,,uuid:e45feabb-0773-464a-9726-721bc3354bac,uuid:e45feabb-0773-464a-9726-721bc3354bac/sclamp/Specify_Maize_Variety[1]
HB,Improved,High_yielding Seed_availability Early_maturity Drought_tolerance,,uuid:74cd1259-efc8-42b5-8530-02553cbc8068,uuid:74cd1259-efc8-42b5-8530-02553cbc8068/sclamp/Specify_Maize_Variety[1]
HB,Improved,High_yielding Seed_availability,,uuid:4cae0579-8ff8-4c9c-9747-c1bd8f0ac8c3,uuid:4cae0579-8ff8-4c9c-9747-c1bd8f0ac8c3/sclamp/Specify_Maize_Variety[1]
Local,Local,Seed_availability Disease_resistance Early_maturity Good_taste,,uuid:4b7b890d-0ac5-4daa-b127-b0eaf1725bff,uuid:4b7b890d-0ac5-4daa-b127-b0eaf1725bff/sclamp/Specify_Maize_Variety[1]
BH_540,Improved,Disease_resistance High_yielding Early_maturity Good_taste Good_price,,uuid:c71b693f-c143-4307-a45b-64361dba6f51,uuid:c71b693f-c143-4307-a45b-64361dba6f51/sclamp/Specify_Maize_Variety[1]
Local,Local,Disease_resistance Seed_availability Early_maturity Good_taste,,uuid:8161a92e-2d14-4497-9a56-266b0978c7b4,uuid:8161a92e-2d14-4497-9a56-266b0978c7b4/sclamp/Specify_Maize_Variety[1]
Local,Local,Seed_availability Disease_resistance Insect_pest_resistance Early_maturity Good_taste Drought_tolerance,,uuid:67f19546-8fa2-45d8-bda1-3f7816f2387c,uuid:67f19546-8fa2-45d8-bda1-3f7816f2387c/sclamp/Specify_Maize_Variety[1]
Local ,Local,Disease_resistance Early_maturity Seed_availability Good_taste,,uuid:52708376-4aa5-4736-9d8d-2ef75cbddc98,uuid:52708376-4aa5-4736-9d8d-2ef75cbddc98/sclamp/Specify_Maize_Variety[1]
BH_540,Improved,Disease_resistance High_yielding Early_maturity Drought_tolerance Good_taste,,uuid:07d8ebaa-6123-4bd7-ac53-2dd57b81bfb2,uuid:07d8ebaa-6123-4bd7-ac53-2dd57b81bfb2/sclamp/Specify_Maize_Variety[1]
Moshoriya,Local,High_yielding Seed_availability High_market_demand Good_taste,,uuid:ac5238f5-8c63-4378-ac2d-c965fdbc3833,uuid:ac5238f5-8c63-4378-ac2d-c965fdbc3833/sclamp/Specify_Maize_Variety[1]
B-H 540,Improved,Disease_resistance Early_maturity Good_price,,uuid:aed7ec83-711e-4f54-8452-3c3fd46ca518,uuid:aed7ec83-711e-4f54-8452-3c3fd46ca518/sclamp/Specify_Maize_Variety[1]
Moshoriya,Local,High_yielding Disease_resistance Good_price Good_taste,,uuid:2d8d344d-4f55-43d6-a779-5c5ef12bfcbb,uuid:2d8d344d-4f55-43d6-a779-5c5ef12bfcbb/sclamp/Specify_Maize_Variety[1]
Moshoriya,Local,High_yielding Disease_resistance Good_taste,,uuid:969a7c0e-248f-45d9-b86d-3e5c9faeb1cf,uuid:969a7c0e-248f-45d9-b86d-3e5c9faeb1cf/sclamp/Specify_Maize_Variety[1]
Moshoriya,Local,Disease_resistance Drought_tolerance Good_taste,,uuid:42bff14e-12ad-4cf9-b723-129d246db5f5,uuid:42bff14e-12ad-4cf9-b723-129d246db5f5/sclamp/Specify_Maize_Variety[1]
BH 540,Improved,Disease_resistance Early_maturity Good_taste Good_price,,uuid:8993a239-3f3d-4730-96f3-ff31f8147248,uuid:8993a239-3f3d-4730-96f3-ff31f8147248/sclamp/Specify_Maize_Variety[1]
BH-540,Improved,High_yielding Easy_preparation,,uuid:69945aaa-0aff-4bcc-9aa6-f5a1f376191e,uuid:69945aaa-0aff-4bcc-9aa6-f5a1f376191e/sclamp/Specify_Maize_Variety[1]
BH-540,Improved,Disease_resistance High_yielding Easy_preparation,,uuid:d5a840e0-1120-4651-bb40-cecfebbdacb9,uuid:d5a840e0-1120-4651-bb40-cecfebbdacb9/sclamp/Specify_Maize_Variety[1]
BH-140,Improved,High_yielding Easy_preparation,,uuid:634b9ced-e444-4faa-900e-895ec3e7a9ee,uuid:634b9ced-e444-4faa-900e-895ec3e7a9ee/sclamp/Specify_Maize_Variety[1]
BH-140,Improved,Easy_preparation High_yielding,,uuid:d14a2061-06d4-4428-b76e-604f1a9334fb,uuid:d14a2061-06d4-4428-b76e-604f1a9334fb/sclamp/Specify_Maize_Variety[1]
BH-140,Improved,Early_maturity Easy_preparation Good_taste High_yielding,,uuid:8f8fd779-bebf-4c5f-9524-ede719c6d27c,uuid:8f8fd779-bebf-4c5f-9524-ede719c6d27c/sclamp/Specify_Maize_Variety[1]
Pioner,Improved,Easy_preparation High_market_demand Good_price Early_maturity,,uuid:abd5a443-de66-4004-a340-e0dafcaf25c0,uuid:abd5a443-de66-4004-a340-e0dafcaf25c0/sclamp/Specify_Maize_Variety[1]
Don't know,Improved,High_yielding Seed_availability,,uuid:3955d0b7-43b2-4f68-aad9-929dc650d75e,uuid:3955d0b7-43b2-4f68-aad9-929dc650d75e/sclamp/Specify_Maize_Variety[1]
Bh540,Improved,Drought_tolerance High_yielding Early_maturity,,uuid:230a128c-2abf-448d-848a-50abaec5e52e,uuid:230a128c-2abf-448d-848a-50abaec5e52e/sclamp/Specify_Maize_Variety[1]
Bh540,Improved,High_yielding Disease_resistance Seed_availability Insect_pest_resistance Drought_tolerance,,uuid:281df583-0663-4d14-af22-7af60826674e,uuid:281df583-0663-4d14-af22-7af60826674e/sclamp/Specify_Maize_Variety[1]
I don't know,Improved,Seed_availability Early_maturity,,uuid:ad397656-60b9-4e6b-96ef-d940a90d79be,uuid:ad397656-60b9-4e6b-96ef-d940a90d79be/sclamp/Specify_Maize_Variety[1]
Bh540,Improved,Seed_availability High_yielding Early_maturity Drought_tolerance,,uuid:533fb915-637b-44a1-b5c6-b49547137b4a,uuid:533fb915-637b-44a1-b5c6-b49547137b4a/sclamp/Specify_Maize_Variety[1]
Bh540,Improved,Seed_availability High_yielding,,uuid:b69c80df-9cee-4697-89fe-b3b4718c615c,uuid:b69c80df-9cee-4697-89fe-b3b4718c615c/sclamp/Specify_Maize_Variety[1]
BH-540 ,Improved,High_yielding Early_maturity Easy_preparation Seed_availability,,uuid:97e6ba6c-044a-4f97-9343-365fb477700e,uuid:97e6ba6c-044a-4f97-9343-365fb477700e/sclamp/Specify_Maize_Variety[1]
BH-540 ,Improved,High_yielding Seed_availability Early_maturity,,uuid:998b726d-a4b1-4e97-8a21-1dc1995b89fe,uuid:998b726d-a4b1-4e97-8a21-1dc1995b89fe/sclamp/Specify_Maize_Variety[1]
Local ,Local,other,Money constraint ,uuid:f42fbce4-1cc7-4186-ba39-1c844467102c,uuid:f42fbce4-1cc7-4186-ba39-1c844467102c/sclamp/Specify_Maize_Variety[1]
BH-540 ,Improved,High_yielding Seed_availability,,uuid:96ac65f4-5bed-468f-b736-697c192e81b9,uuid:96ac65f4-5bed-468f-b736-697c192e81b9/sclamp/Specify_Maize_Variety[1]
Local ,Local,other,Money constraint ,uuid:323ef2b5-451d-4324-885d-53af99309d68,uuid:323ef2b5-451d-4324-885d-53af99309d68/sclamp/Specify_Maize_Variety[1]
BH-540 ,Improved,High_yielding Seed_availability,,uuid:c0452e7e-82e2-4266-8319-dc7e90754e41,uuid:c0452e7e-82e2-4266-8319-dc7e90754e41/sclamp/Specify_Maize_Variety[1]
BH-540 ,Improved,High_yielding Seed_availability Early_maturity,,uuid:658ef654-6a98-4aaf-b370-899b7185dbb1,uuid:658ef654-6a98-4aaf-b370-899b7185dbb1/sclamp/Specify_Maize_Variety[1]
BH-540,Improved,High_yielding Seed_availability Early_maturity,,uuid:d5b809d4-e60c-4604-8f84-f8e46076180b,uuid:d5b809d4-e60c-4604-8f84-f8e46076180b/sclamp/Specify_Maize_Variety[1]
Local,Local,other,High price of improved seed,uuid:56a66d73-3117-4d4c-b2cf-84b0756fcc18,uuid:56a66d73-3117-4d4c-b2cf-84b0756fcc18/sclamp/Specify_Maize_Variety[1]
Local,Local,other,High price of improved seed,uuid:41db1e6c-9cf2-4038-95d5-aef284dacfe2,uuid:41db1e6c-9cf2-4038-95d5-aef284dacfe2/sclamp/Specify_Maize_Variety[1]
Local,Local,other,High price of improved seed,uuid:cbbf31ae-307a-4e78-a8a7-238b188ac0ac,uuid:cbbf31ae-307a-4e78-a8a7-238b188ac0ac/sclamp/Specify_Maize_Variety[1]
Local,Local,other,High price of improved seed,uuid:ead0cd3f-2f2f-4ba8-ac3f-b6fc9f619c8e,uuid:ead0cd3f-2f2f-4ba8-ac3f-b6fc9f619c8e/sclamp/Specify_Maize_Variety[1]
Local,Local,other,Shortage of money,uuid:ef4261d2-2223-42c3-b136-cafba10016ed,uuid:ef4261d2-2223-42c3-b136-cafba10016ed/sclamp/Specify_Maize_Variety[1]
I don't know,Improved,Seed_availability,,uuid:84e66a03-20db-4f52-95ce-107797457683,uuid:84e66a03-20db-4f52-95ce-107797457683/sclamp/Specify_Maize_Variety[1]
Bh540,Improved,Seed_availability High_yielding,,uuid:b4ed47f0-8a4e-4eb1-87b4-ffd8c5c28ae0,uuid:b4ed47f0-8a4e-4eb1-87b4-ffd8c5c28ae0/sclamp/Specify_Maize_Variety[1]
Bh540,Improved,Seed_availability other,Suitable for our land,uuid:2770f049-6cd8-4e08-a644-dad2d08fe44b,uuid:2770f049-6cd8-4e08-a644-dad2d08fe44b/sclamp/Specify_Maize_Variety[1]
Bh 540,Improved,Seed_availability Early_maturity High_yielding,,uuid:4d6070ee-e108-42ce-b5cd-c8e005f324fd,uuid:4d6070ee-e108-42ce-b5cd-c8e005f324fd/sclamp/Specify_Maize_Variety[1]
Local,Local,Seed_availability,,uuid:4d6070ee-e108-42ce-b5cd-c8e005f324fd,uuid:4d6070ee-e108-42ce-b5cd-c8e005f324fd/sclamp/Specify_Maize_Variety[2]
Bh 540,Improved,Seed_availability,,uuid:953bb003-0309-4e8e-b809-7b0cbcf7b6f6,uuid:953bb003-0309-4e8e-b809-7b0cbcf7b6f6/sclamp/Specify_Maize_Variety[1]
BH-540,Improved,High_yielding Early_maturity,,uuid:56174e33-4ce2-4db7-8e29-86a80a7ee3ed,uuid:56174e33-4ce2-4db7-8e29-86a80a7ee3ed/sclamp/Specify_Maize_Variety[1]
BH-540,Improved,High_yielding Early_maturity Drought_tolerance Disease_resistance,,uuid:0619ce6e-c1ea-43ec-93d0-8d6940ecc450,uuid:0619ce6e-c1ea-43ec-93d0-8d6940ecc450/sclamp/Specify_Maize_Variety[1]
BH-540,Improved,High_yielding Early_maturity Drought_tolerance Disease_resistance,,uuid:8be0f84a-90ec-403e-ab5c-6bae76817a2b,uuid:8be0f84a-90ec-403e-ab5c-6bae76817a2b/sclamp/Specify_Maize_Variety[1]
BH-540,Improved,High_yielding Drought_tolerance Early_maturity Disease_resistance,,uuid:cfd7f149-d534-478b-83a0-74af55d35b93,uuid:cfd7f149-d534-478b-83a0-74af55d35b93/sclamp/Specify_Maize_Variety[1]
BH-540,Improved,High_yielding Drought_tolerance Early_maturity Disease_resistance,,uuid:c4093b32-2dae-42c8-bb55-0d437da5bd9e,uuid:c4093b32-2dae-42c8-bb55-0d437da5bd9e/sclamp/Specify_Maize_Variety[1]
BH-540,Improved,Drought_tolerance High_yielding Early_maturity,,uuid:d66fbe2e-5c1a-42bd-b662-59c872d1a9fd,uuid:d66fbe2e-5c1a-42bd-b662-59c872d1a9fd/sclamp/Specify_Maize_Variety[1]
Local,Local,Seed_availability,,uuid:93cc986d-1e5c-4e37-a7dd-00259500134e,uuid:93cc986d-1e5c-4e37-a7dd-00259500134e/sclamp/Specify_Maize_Variety[1]
BH-540,Improved,High_yielding Early_maturity Easy_preparation,,uuid:5a2c3ac5-8d07-426b-a26e-b00a96f069e3,uuid:5a2c3ac5-8d07-426b-a26e-b00a96f069e3/sclamp/Specify_Maize_Variety[1]
Local,Local,Seed_availability,,uuid:72a8c96f-9103-4f3e-a847-3e38825be045,uuid:72a8c96f-9103-4f3e-a847-3e38825be045/sclamp/Specify_Maize_Variety[1]
BH-540,Improved,High_yielding Early_maturity Drought_tolerance,,uuid:9a242df6-5891-40ed-98db-1a1419fb73e1,uuid:9a242df6-5891-40ed-98db-1a1419fb73e1/sclamp/Specify_Maize_Variety[1]
Local,Local,Disease_resistance Drought_tolerance Good_taste,,uuid:a67ed5a9-7381-48d1-8a5b-566135339009,uuid:a67ed5a9-7381-48d1-8a5b-566135339009/sclamp/Specify_Maize_Variety[1]
B- H 540,Improved,High_yielding High_market_demand Good_price Seed_availability,,uuid:71fea1b6-0a4e-4575-9f25-caeb96c706fe,uuid:71fea1b6-0a4e-4575-9f25-caeb96c706fe/sclamp/Specify_Maize_Variety[1]
Local,Local,Disease_resistance High_market_demand Drought_tolerance Easy_preparation,,uuid:1bd3c7f2-43a9-4575-973e-e5f24574cf8f,uuid:1bd3c7f2-43a9-4575-973e-e5f24574cf8f/sclamp/Specify_Maize_Variety[1]
Local,Local,Disease_resistance Good_taste Drought_tolerance Good_price,,uuid:3a307825-2ca1-4438-9a53-1b2154741de8,uuid:3a307825-2ca1-4438-9a53-1b2154741de8/sclamp/Specify_Maize_Variety[1]
Local,Local,Disease_resistance Early_maturity Good_taste Good_price,,uuid:f8c6e72c-d788-4ce6-accb-d3317aaf0235,uuid:f8c6e72c-d788-4ce6-accb-d3317aaf0235/sclamp/Specify_Maize_Variety[1]
B-H 540,Improved,Disease_resistance Good_taste Good_price,,uuid:47f7598e-065d-4001-ade4-3e581b017370,uuid:47f7598e-065d-4001-ade4-3e581b017370/sclamp/Specify_Maize_Variety[1]
B-H 540,Improved,Disease_resistance Drought_tolerance Early_maturity Insect_pest_resistance High_market_demand,,uuid:10f3f0fd-377f-4bbb-8f40-b76ab2cb1e2a,uuid:10f3f0fd-377f-4bbb-8f40-b76ab2cb1e2a/sclamp/Specify_Maize_Variety[1]
B- H 540,Improved,Disease_resistance High_yielding Good_taste Good_price,,uuid:7598ef6d-eb56-4791-876b-6ee9d8bf128c,uuid:7598ef6d-eb56-4791-876b-6ee9d8bf128c/sclamp/Specify_Maize_Variety[1]
Local,Local,Disease_resistance Drought_tolerance,,uuid:43ba09c3-7489-435f-aa38-789c6df3644e,uuid:43ba09c3-7489-435f-aa38-789c6df3644e/sclamp/Specify_Maize_Variety[1]
Local,Local,Disease_resistance Seed_availability,,uuid:d8bc0fae-ef04-45d5-81c8-a7b9a2fda39a,uuid:d8bc0fae-ef04-45d5-81c8-a7b9a2fda39a/sclamp/Specify_Maize_Variety[1]
B-H 540,Improved,High_yielding Insect_pest_resistance High_market_demand Good_taste Good_price,,uuid:0e547f17-90c4-4286-ae22-1eba4b4c22e1,uuid:0e547f17-90c4-4286-ae22-1eba4b4c22e1/sclamp/Specify_Maize_Variety[1]
BH-540,Improved,High_yielding,,uuid:653eba35-6f0e-4651-aeff-bccd51beb748,uuid:653eba35-6f0e-4651-aeff-bccd51beb748/sclamp/Specify_Maize_Variety[1]
BH-540 ,Improved,High_yielding Seed_availability,,uuid:09fe05a2-1d4c-4709-b6bc-d0a7f5693a80,uuid:09fe05a2-1d4c-4709-b6bc-d0a7f5693a80/sclamp/Specify_Maize_Variety[1]
BH-540 ,Improved,Seed_availability High_yielding,,uuid:107818cf-8f59-43f6-af93-c8cb4b6e74d8,uuid:107818cf-8f59-43f6-af93-c8cb4b6e74d8/sclamp/Specify_Maize_Variety[1]
BH-540 ,Improved,High_yielding Seed_availability,,uuid:d8e942a4-e04e-438f-8827-de2e8b42b9e4,uuid:d8e942a4-e04e-438f-8827-de2e8b42b9e4/sclamp/Specify_Maize_Variety[1]
BH-540,Improved,High_yielding Seed_availability Early_maturity,,uuid:6500c3fe-1afc-4d33-bf30-283fa37435f5,uuid:6500c3fe-1afc-4d33-bf30-283fa37435f5/sclamp/Specify_Maize_Variety[1]
BH-540,Improved,Seed_availability High_yielding Early_maturity,,uuid:b63dc68e-45c4-4bfd-b79f-0a9a1d489c5a,uuid:b63dc68e-45c4-4bfd-b79f-0a9a1d489c5a/sclamp/Specify_Maize_Variety[1]
Local ,Local,other,High price of improved seed ,uuid:59d76510-9773-448a-ab3a-34750d4a08e1,uuid:59d76510-9773-448a-ab3a-34750d4a08e1/sclamp/Specify_Maize_Variety[1]
BH-540 ,Improved,Seed_availability High_yielding,,uuid:fa7ae5f9-de40-499c-a000-16c55aeea893,uuid:fa7ae5f9-de40-499c-a000-16c55aeea893/sclamp/Specify_Maize_Variety[1]
BH-540 ,Improved,Seed_availability High_yielding Early_maturity,,uuid:594bfdaa-33c2-4edc-9a1e-26dd80754f5c,uuid:594bfdaa-33c2-4edc-9a1e-26dd80754f5c/sclamp/Specify_Maize_Variety[1]
BH-540,Improved,High_yielding Seed_availability,,uuid:3e1c030d-9abc-4659-b53c-13c04bdf29b8,uuid:3e1c030d-9abc-4659-b53c-13c04bdf29b8/sclamp/Specify_Maize_Variety[1]
BH -540,Improved,Seed_availability High_yielding,,uuid:f226b0d6-a5e7-4df9-be07-35be48bd8a23,uuid:f226b0d6-a5e7-4df9-be07-35be48bd8a23/sclamp/Specify_Maize_Variety[1]
BH-540 ,Improved,High_yielding Seed_availability,,uuid:baf8238f-ab6c-490c-ada4-de415e5f4774,uuid:baf8238f-ab6c-490c-ada4-de415e5f4774/sclamp/Specify_Maize_Variety[1]
BH-540 ,Improved,High_yielding Seed_availability,,uuid:8ab6b6d9-9499-4c52-b33c-1342dcf61576,uuid:8ab6b6d9-9499-4c52-b33c-1342dcf61576/sclamp/Specify_Maize_Variety[1]
BH-540,Improved,High_yielding Seed_availability,,uuid:526fa497-d47e-4033-8c4d-80da54f102f5,uuid:526fa497-d47e-4033-8c4d-80da54f102f5/sclamp/Specify_Maize_Variety[1]
BH-540 ,Improved,High_yielding Good_taste Early_maturity,,uuid:a88b79cd-e92d-4b29-a107-24bd6a94393a,uuid:a88b79cd-e92d-4b29-a107-24bd6a94393a/sclamp/Specify_Maize_Variety[1]
BH-540,Improved,High_yielding Seed_availability,,uuid:fc90fe01-7122-4dc0-859d-9a9326be6665,uuid:fc90fe01-7122-4dc0-859d-9a9326be6665/sclamp/Specify_Maize_Variety[1]
BH-540,Improved,High_yielding Seed_availability,,uuid:e9563b0b-b3a4-4c51-9daa-36de4eccf9e9,uuid:e9563b0b-b3a4-4c51-9daa-36de4eccf9e9/sclamp/Specify_Maize_Variety[1]
Local ,Local,other,Unavailable improved seed ,uuid:81cd8988-c89b-4c0a-a7d2-1c336ea90ce3,uuid:81cd8988-c89b-4c0a-a7d2-1c336ea90ce3/sclamp/Specify_Maize_Variety[1]
Local ,Local,other,Money constraint ,uuid:c8f12ce7-7995-420b-b38d-cb4fbcfa0e54,uuid:c8f12ce7-7995-420b-b38d-cb4fbcfa0e54/sclamp/Specify_Maize_Variety[1]
Local,Local,other,Money constraint,uuid:5fbcdeae-031b-47ad-b3f9-dc0a9f5c54df,uuid:5fbcdeae-031b-47ad-b3f9-dc0a9f5c54df/sclamp/Specify_Maize_Variety[1]
Local,Local,other,Money constraint,uuid:7da4c15f-555b-4751-a90e-e8021c4e45dc,uuid:7da4c15f-555b-4751-a90e-e8021c4e45dc/sclamp/Specify_Maize_Variety[1]
Local,Local,other,Unavailable improved seed,uuid:fbf2ad25-41bc-4389-9297-2f4375e534e2,uuid:fbf2ad25-41bc-4389-9297-2f4375e534e2/sclamp/Specify_Maize_Variety[1]
Local,Local,Seed_availability,,uuid:376824bc-b717-46e4-aaed-555869cb59ab,uuid:376824bc-b717-46e4-aaed-555869cb59ab/sclamp/Specify_Maize_Variety[1]
BH_540,Improved,High_yielding Disease_resistance Early_maturity Drought_tolerance Good_taste,,uuid:923bd057-5c75-4316-940f-a657b6069c45,uuid:923bd057-5c75-4316-940f-a657b6069c45/sclamp/Specify_Maize_Variety[1]
BH_540,Improved,High_yielding Disease_resistance Seed_availability Early_maturity Good_taste Drought_tolerance Good_price,,uuid:e216b7dd-0ff3-4355-9fa5-eca20f0ccbda,uuid:e216b7dd-0ff3-4355-9fa5-eca20f0ccbda/sclamp/Specify_Maize_Variety[1]
BH_540,Improved,High_yielding Seed_availability Early_maturity Drought_tolerance Good_taste Good_price,,uuid:1a16a3ad-b4ae-4749-9c5e-8fc62a39ac12,uuid:1a16a3ad-b4ae-4749-9c5e-8fc62a39ac12/sclamp/Specify_Maize_Variety[1]
BH_540,Improved,High_yielding Seed_availability Early_maturity Good_taste Drought_tolerance,,uuid:b09f20e3-9c76-4211-8b9b-22d7f6573e3d,uuid:b09f20e3-9c76-4211-8b9b-22d7f6573e3d/sclamp/Specify_Maize_Variety[1]
BH_540,Improved,Disease_resistance High_yielding Seed_availability Early_maturity Drought_tolerance Good_taste Good_price,,uuid:6348323a-f336-4cbb-9407-46baa058775d,uuid:6348323a-f336-4cbb-9407-46baa058775d/sclamp/Specify_Maize_Variety[1]
BH_540,Improved,High_yielding Seed_availability Early_maturity Good_taste Drought_tolerance,,uuid:0a82b76f-e1ee-4c04-9525-b839df021e63,uuid:0a82b76f-e1ee-4c04-9525-b839df021e63/sclamp/Specify_Maize_Variety[1]
Local,Local,Disease_resistance Seed_availability Early_maturity Good_taste,,uuid:ff4c40fd-e6a7-46cd-b390-75e5643bf676,uuid:ff4c40fd-e6a7-46cd-b390-75e5643bf676/sclamp/Specify_Maize_Variety[1]
Local,Local,Disease_resistance Good_taste Early_maturity Seed_availability,,uuid:f1f2392c-dc95-4966-be6b-b8c4b3451c2b,uuid:f1f2392c-dc95-4966-be6b-b8c4b3451c2b/sclamp/Specify_Maize_Variety[1]
Loca,Local,Disease_resistance Early_maturity Good_taste Seed_availability,,uuid:dd8abdb4-5800-410e-8da6-3c1b19c4aeb4,uuid:dd8abdb4-5800-410e-8da6-3c1b19c4aeb4/sclamp/Specify_Maize_Variety[1]
Local,Local,Disease_resistance Early_maturity Good_taste,,uuid:77b0a89b-632e-4696-a7a3-7b83b1cb1879,uuid:77b0a89b-632e-4696-a7a3-7b83b1cb1879/sclamp/Specify_Maize_Variety[1]
Local,Local,Disease_resistance Seed_availability Early_maturity Good_taste,,uuid:1eed75a8-e85f-4701-8787-ea2f25028593,uuid:1eed75a8-e85f-4701-8787-ea2f25028593/sclamp/Specify_Maize_Variety[1]
Local,Local,Seed_availability Early_maturity Good_taste,,uuid:b09de512-4f6a-4f3a-8f62-db05e5eb7a2d,uuid:b09de512-4f6a-4f3a-8f62-db05e5eb7a2d/sclamp/Specify_Maize_Variety[1]
Bh540,Improved,Seed_availability High_yielding Early_maturity,,uuid:566e72c7-73c0-4660-85c4-1e5c39531165,uuid:566e72c7-73c0-4660-85c4-1e5c39531165/sclamp/Specify_Maize_Variety[1]
Local ,Local,other,We didn't have improved Seeds easily ,uuid:df048984-c2e4-44f8-accf-f2e727b8634f,uuid:df048984-c2e4-44f8-accf-f2e727b8634f/sclamp/Specify_Maize_Variety[1]
Local,Local,Seed_availability,,uuid:53b4df1c-2384-40a9-a021-59ececd4b9cd,uuid:53b4df1c-2384-40a9-a021-59ececd4b9cd/sclamp/Specify_Maize_Variety[1]
Local,Local,Seed_availability Good_price,,uuid:c5517e73-83b1-47cc-aa6a-a915c1fb18b9,uuid:c5517e73-83b1-47cc-aa6a-a915c1fb18b9/sclamp/Specify_Maize_Variety[1]
Local,Local,other,No money to buy improved Seeds,uuid:1f949352-87b0-4209-bcaa-413d53b4bc61,uuid:1f949352-87b0-4209-bcaa-413d53b4bc61/sclamp/Specify_Maize_Variety[1]
Local,Local,other,Lack of money to buy improved  Seeds,uuid:df0cfe0a-dc0e-4cd2-9448-52965b67f9b0,uuid:df0cfe0a-dc0e-4cd2-9448-52965b67f9b0/sclamp/Specify_Maize_Variety[1]
Local ,Local,Good_price other,We didn't have any improved Seeds  dealers ,uuid:ff66a50d-1040-407d-9121-f2b5d613dbd6,uuid:ff66a50d-1040-407d-9121-f2b5d613dbd6/sclamp/Specify_Maize_Variety[1]
Local,Local,Seed_availability other,No money,uuid:e38361f5-f70a-498e-8229-ed6c9ed68efe,uuid:e38361f5-f70a-498e-8229-ed6c9ed68efe/sclamp/Specify_Maize_Variety[1]
BH-540,Improved,Seed_availability High_yielding Good_taste Good_price Early_maturity High_market_demand,,uuid:057a0865-2dec-406a-b8fe-fffbaee643a1,uuid:057a0865-2dec-406a-b8fe-fffbaee643a1/sclamp/Specify_Maize_Variety[1]
Local,Local,Seed_availability,,uuid:1cd6fd53-0a95-41dc-a18f-3f6e7cbb776c,uuid:1cd6fd53-0a95-41dc-a18f-3f6e7cbb776c/sclamp/Specify_Maize_Variety[1]
Local,Local,Seed_availability Early_maturity Easy_preparation Good_taste,,uuid:8a3c8c0c-20b9-423d-b1a8-306f27585379,uuid:8a3c8c0c-20b9-423d-b1a8-306f27585379/sclamp/Specify_Maize_Variety[1]
Local,Local,Seed_availability Early_maturity Good_taste,,uuid:9c31f4bc-b98f-4f27-a093-8f15d3ad43de,uuid:9c31f4bc-b98f-4f27-a093-8f15d3ad43de/sclamp/Specify_Maize_Variety[1]
Local,Local,Seed_availability Early_maturity,,uuid:02a7e501-004b-4b64-b09a-1f0a375e3c69,uuid:02a7e501-004b-4b64-b09a-1f0a375e3c69/sclamp/Specify_Maize_Variety[1]
Local,Local,Seed_availability Early_maturity,,uuid:16590861-dcf6-4d7b-b003-792e2d3edb4b,uuid:16590861-dcf6-4d7b-b003-792e2d3edb4b/sclamp/Specify_Maize_Variety[1]
BH-540,Improved,High_yielding Early_maturity Disease_resistance Good_taste,,uuid:0d76d8f7-b15c-4cf5-9e85-4d5ab22bbd5b,uuid:0d76d8f7-b15c-4cf5-9e85-4d5ab22bbd5b/sclamp/Specify_Maize_Variety[1]
Local,Improved,Seed_availability,,uuid:0068762b-02b2-4b86-9cca-c48f3392d6c9,uuid:0068762b-02b2-4b86-9cca-c48f3392d6c9/sclamp/Specify_Maize_Variety[1]
Local,Local,Seed_availability,,uuid:08ff4850-cae2-49ce-a61c-e31e8a18f018,uuid:08ff4850-cae2-49ce-a61c-e31e8a18f018/sclamp/Specify_Maize_Variety[1]
Local ,Local,other,High price of improved seed ,uuid:b84134f7-b8d1-4510-b6c5-bc03d563dd64,uuid:b84134f7-b8d1-4510-b6c5-bc03d563dd64/sclamp/Specify_Maize_Variety[1]
Local,Local,other,High price of improved seed,uuid:757448df-5130-4ce3-a016-58533711d6f7,uuid:757448df-5130-4ce3-a016-58533711d6f7/sclamp/Specify_Maize_Variety[1]
Local ,Local,other,High price of improved seed ,uuid:bf19b421-289e-47bf-8631-41f5b9b8d604,uuid:bf19b421-289e-47bf-8631-41f5b9b8d604/sclamp/Specify_Maize_Variety[1]
BH -540,Improved,Seed_availability High_yielding,,uuid:a0da42a9-95dc-4edf-895d-4ee402137efc,uuid:a0da42a9-95dc-4edf-895d-4ee402137efc/sclamp/Specify_Maize_Variety[1]
BH-540,Improved,Seed_availability Early_maturity High_yielding,,uuid:7029a782-c72b-4026-822e-160cf802e05c,uuid:7029a782-c72b-4026-822e-160cf802e05c/sclamp/Specify_Maize_Variety[1]
Local ,Local,other,Unavailable improved seed ,uuid:1f0d780c-a544-447f-82bb-f9729883280a,uuid:1f0d780c-a544-447f-82bb-f9729883280a/sclamp/Specify_Maize_Variety[1]
Local ,Local,other,Money constraint ,uuid:ba8d66eb-ed55-4672-a6aa-2ba6073a4258,uuid:ba8d66eb-ed55-4672-a6aa-2ba6073a4258/sclamp/Specify_Maize_Variety[1]
BH-660 ,Improved,High_yielding Seed_availability,,uuid:d46cfcaf-29f7-4f62-a02c-d07e34868c3e,uuid:d46cfcaf-29f7-4f62-a02c-d07e34868c3e/sclamp/Specify_Maize_Variety[1]
Local ,Local,other,Money constraints,uuid:38544c39-5f9e-424c-b72d-f2ee7156962b,uuid:38544c39-5f9e-424c-b72d-f2ee7156962b/sclamp/Specify_Maize_Variety[1]
BH-660,Improved,High_yielding Seed_availability Good_taste,,uuid:463cb1e8-618a-4679-b54a-3e897be06198,uuid:463cb1e8-618a-4679-b54a-3e897be06198/sclamp/Specify_Maize_Variety[1]
Local,Local,other,Improve seed unavailable,uuid:4b09bfa6-1364-46de-8707-b1a051792c5f,uuid:4b09bfa6-1364-46de-8707-b1a051792c5f/sclamp/Specify_Maize_Variety[1]
Local,Local,Disease_resistance Insect_pest_resistance Early_maturity Drought_tolerance,,uuid:c7537579-8189-4342-a24b-79ccaaef2585,uuid:c7537579-8189-4342-a24b-79ccaaef2585/sclamp/Specify_Maize_Variety[1]
Local,Local,Disease_resistance Seed_availability Good_taste,,uuid:07493926-1be7-42b2-8311-ade7a64c4c59,uuid:07493926-1be7-42b2-8311-ade7a64c4c59/sclamp/Specify_Maize_Variety[1]
Local,Local,Disease_resistance Seed_availability Good_taste Good_price,,uuid:1d3e5fe7-18f2-4bb1-a49f-5f595c70461a,uuid:1d3e5fe7-18f2-4bb1-a49f-5f595c70461a/sclamp/Specify_Maize_Variety[1]
Local,Local,Seed_availability Good_taste Disease_resistance Early_maturity Drought_tolerance,,uuid:b903506a-6b27-4ed7-a5c4-8f34046bef61,uuid:b903506a-6b27-4ed7-a5c4-8f34046bef61/sclamp/Specify_Maize_Variety[1]
Local,Local,Good_taste Insect_pest_resistance Disease_resistance,,uuid:13e05321-3ad1-477a-898a-f2ae74f4d31b,uuid:13e05321-3ad1-477a-898a-f2ae74f4d31b/sclamp/Specify_Maize_Variety[1]
Local,Local,Seed_availability Disease_resistance Early_maturity Good_taste other,Maize variety expensive ,uuid:b5610044-6636-4773-b86b-09f8e1912e57,uuid:b5610044-6636-4773-b86b-09f8e1912e57/sclamp/Specify_Maize_Variety[1]
Local,Local,Seed_availability Insect_pest_resistance Good_taste,,uuid:455c8386-fb71-4c73-bf12-b45f99661f78,uuid:455c8386-fb71-4c73-bf12-b45f99661f78/sclamp/Specify_Maize_Variety[1]
Local,Local,Disease_resistance Early_maturity Good_taste other,Maize variety is very expensive ,uuid:67ef9b63-3e0e-440e-8ce8-2475ca31a7d6,uuid:67ef9b63-3e0e-440e-8ce8-2475ca31a7d6/sclamp/Specify_Maize_Variety[1]
Local,Local,Early_maturity Good_taste Seed_availability,,uuid:4774c80c-c241-41fd-8bd7-6b8305260892,uuid:4774c80c-c241-41fd-8bd7-6b8305260892/sclamp/Specify_Maize_Variety[1]
Local,Local,Disease_resistance Seed_availability Good_taste,,uuid:b9025b2b-caa2-45a1-8ea7-21586ae13822,uuid:b9025b2b-caa2-45a1-8ea7-21586ae13822/sclamp/Specify_Maize_Variety[1]
Local,Local,Early_maturity Good_taste Seed_availability other,Maize variety Very expensive ,uuid:d605fb7f-d17e-4f19-aeea-6510cfa7a2b4,uuid:d605fb7f-d17e-4f19-aeea-6510cfa7a2b4/sclamp/Specify_Maize_Variety[1]
B-H 540,Improved,High_yielding High_market_demand Early_maturity Good_taste,,uuid:55c1fb07-2bde-48ab-b3a7-8869c3324478,uuid:55c1fb07-2bde-48ab-b3a7-8869c3324478/sclamp/Specify_Maize_Variety[1]
Local,Local,Early_maturity Drought_tolerance,,uuid:2a3def89-a320-4d41-8b40-74bd63cab3e1,uuid:2a3def89-a320-4d41-8b40-74bd63cab3e1/sclamp/Specify_Maize_Variety[1]
Local,Local,Drought_tolerance Disease_resistance,,uuid:6d1aab0f-4ca4-4729-b0a6-329eb52ffa01,uuid:6d1aab0f-4ca4-4729-b0a6-329eb52ffa01/sclamp/Specify_Maize_Variety[1]
Local,Local,Seed_availability Good_taste,,uuid:b45c8070-bf4e-477f-b7d3-fb3857e96693,uuid:b45c8070-bf4e-477f-b7d3-fb3857e96693/sclamp/Specify_Maize_Variety[1]
Local,Local,Good_taste Disease_resistance,,uuid:7cdde280-a2c4-4192-96f0-128b1bd46165,uuid:7cdde280-a2c4-4192-96f0-128b1bd46165/sclamp/Specify_Maize_Variety[1]
Local ,Local,other,High price of improved seed ,uuid:f62af55d-b570-4e1d-8df8-6b350a8dba64,uuid:f62af55d-b570-4e1d-8df8-6b350a8dba64/sclamp/Specify_Maize_Variety[1]
BH-540,Improved,High_yielding Early_maturity,,uuid:228971f6-97ee-406b-9ace-f84a795e49f0,uuid:228971f6-97ee-406b-9ace-f84a795e49f0/sclamp/Specify_Maize_Variety[1]
BH -540,Improved,Seed_availability High_yielding,,uuid:dfcf2dfa-9c94-4f8f-9761-411de8640ffc,uuid:dfcf2dfa-9c94-4f8f-9761-411de8640ffc/sclamp/Specify_Maize_Variety[1]
Local ,Local,other,High price of fertilizer  to use improved seed (local  seed no need fertilizer),uuid:083e78e8-d166-4a73-a805-7bbae10a725d,uuid:083e78e8-d166-4a73-a805-7bbae10a725d/sclamp/Specify_Maize_Variety[1]
Local,Local,Seed_availability Early_maturity Good_taste,,uuid:7de654f9-7d97-4dd2-9580-fe378ba28caa,uuid:7de654f9-7d97-4dd2-9580-fe378ba28caa/sclamp/Specify_Maize_Variety[1]
BH_540,Improved,Early_maturity Good_taste Seed_availability High_yielding Drought_tolerance,,uuid:f54cb2eb-ec09-4515-babd-1def87a4fa23,uuid:f54cb2eb-ec09-4515-babd-1def87a4fa23/sclamp/Specify_Maize_Variety[1]
Local,Local,Disease_resistance Early_maturity Good_taste Seed_availability,,uuid:08d6ed29-8496-4177-a17f-df29fde9b399,uuid:08d6ed29-8496-4177-a17f-df29fde9b399/sclamp/Specify_Maize_Variety[1]
Local,Local,Seed_availability Early_maturity Good_taste,,uuid:c101093c-7b22-4fa0-bde8-faf20c711a99,uuid:c101093c-7b22-4fa0-bde8-faf20c711a99/sclamp/Specify_Maize_Variety[1]
Local,Local,Seed_availability Early_maturity Good_taste,,uuid:25d63d8e-2db7-44f1-af9a-bd83564760c2,uuid:25d63d8e-2db7-44f1-af9a-bd83564760c2/sclamp/Specify_Maize_Variety[1]
Local ,Local,Seed_availability,,uuid:81d5d5bb-48a6-45fd-989f-4ccafcec1198,uuid:81d5d5bb-48a6-45fd-989f-4ccafcec1198/sclamp/Specify_Maize_Variety[1]
Bh540,Improved,Seed_availability High_yielding Good_taste,,uuid:81d5d5bb-48a6-45fd-989f-4ccafcec1198,uuid:81d5d5bb-48a6-45fd-989f-4ccafcec1198/sclamp/Specify_Maize_Variety[2]
Local,Local,other,Suitable for our environment,uuid:eb82f24e-d4cd-4f3c-be41-7edf0a9a8a5a,uuid:eb82f24e-d4cd-4f3c-be41-7edf0a9a8a5a/sclamp/Specify_Maize_Variety[1]
Bh 540,Improved,Seed_availability,,uuid:1ad9a45a-af6b-4166-af88-595f4f4d99a8,uuid:1ad9a45a-af6b-4166-af88-595f4f4d99a8/sclamp/Specify_Maize_Variety[1]
Bh540,Improved,Seed_availability Good_price High_yielding Drought_tolerance,,uuid:aa9b389b-2f82-40f9-9d31-ad21265fe6ab,uuid:aa9b389b-2f82-40f9-9d31-ad21265fe6ab/sclamp/Specify_Maize_Variety[1]
BH-540,Improved,High_yielding Good_price Easy_preparation Early_maturity,,uuid:6f008acd-72f5-4090-972e-6792d582a070,uuid:6f008acd-72f5-4090-972e-6792d582a070/sclamp/Specify_Maize_Variety[1]
BH-660 ,Local,High_yielding Early_maturity Good_taste Good_price,,uuid:9366504c-075d-410f-b08b-c5955287367b,uuid:9366504c-075d-410f-b08b-c5955287367b/sclamp/Specify_Maize_Variety[1]
BH-660 ,Local,High_yielding Seed_availability Early_maturity,,uuid:0ccaf4e7-0b51-4734-825d-3faf9626b940,uuid:0ccaf4e7-0b51-4734-825d-3faf9626b940/sclamp/Specify_Maize_Variety[1]
Local ,Local,High_yielding,,uuid:33c2acc9-fded-4592-918e-188debdf39af,uuid:33c2acc9-fded-4592-918e-188debdf39af/sclamp/Specify_Maize_Variety[1]
Local ,Local,other,No unavailable improved seed ,uuid:91267268-8ab7-4726-8f92-6bad2b3f3e41,uuid:91267268-8ab7-4726-8f92-6bad2b3f3e41/sclamp/Specify_Maize_Variety[1]
Local ,Local,High_yielding Seed_availability,,uuid:682aa77a-1ef3-4e34-9f02-b49ffc1e9426,uuid:682aa77a-1ef3-4e34-9f02-b49ffc1e9426/sclamp/Specify_Maize_Variety[1]
Local ,Local,other,Not improved  seed  available ,uuid:acbb5ece-f5f3-4317-bb62-2807f8833c4b,uuid:acbb5ece-f5f3-4317-bb62-2807f8833c4b/sclamp/Specify_Maize_Variety[1]
BH-660 ,Improved,High_yielding Seed_availability Easy_preparation Good_taste,,uuid:fa54f281-74cb-40e3-9b5f-e9698802d402,uuid:fa54f281-74cb-40e3-9b5f-e9698802d402/sclamp/Specify_Maize_Variety[1]
BH-660 ,Improved,High_yielding Seed_availability Easy_preparation Good_taste,,uuid:738e7111-4356-4302-a3d1-699569630ea0,uuid:738e7111-4356-4302-a3d1-699569630ea0/sclamp/Specify_Maize_Variety[1]
BH-660 ,Improved,High_yielding Seed_availability,,uuid:9bcac9d7-1e1b-4b90-b695-695ec8a540d6,uuid:9bcac9d7-1e1b-4b90-b695-695ec8a540d6/sclamp/Specify_Maize_Variety[1]
BH-660,Improved,High_yielding Seed_availability Good_price,,uuid:556d0da5-17c8-4ed9-92b6-ea94af05d10e,uuid:556d0da5-17c8-4ed9-92b6-ea94af05d10e/sclamp/Specify_Maize_Variety[1]
BH-660,Improved,High_yielding Seed_availability Early_maturity,,uuid:569bc411-3a5a-4c06-a2d7-51719f7b5e7e,uuid:569bc411-3a5a-4c06-a2d7-51719f7b5e7e/sclamp/Specify_Maize_Variety[1]
BH-660,Improved,Seed_availability High_yielding,,uuid:baa4427f-2131-4311-928d-8774aede9500,uuid:baa4427f-2131-4311-928d-8774aede9500/sclamp/Specify_Maize_Variety[1]
Local,Local,other,Not seed available ,uuid:cfea33a9-855a-43e2-a673-d8deba46ee80,uuid:cfea33a9-855a-43e2-a673-d8deba46ee80/sclamp/Specify_Maize_Variety[1]
Local,Local,Disease_resistance Drought_tolerance Good_taste,,uuid:f8da8ca1-7f96-4265-8306-899f8aadcb6e,uuid:f8da8ca1-7f96-4265-8306-899f8aadcb6e/sclamp/Specify_Maize_Variety[1]
Local,Local,High_yielding Good_taste,,uuid:63fa9f5b-c41f-4a15-a20f-e4c99e8da922,uuid:63fa9f5b-c41f-4a15-a20f-e4c99e8da922/sclamp/Specify_Maize_Variety[1]
Local,Local,Disease_resistance Good_taste Seed_availability,,uuid:fb387cf3-aed4-4981-a3fc-c5271579e2d0,uuid:fb387cf3-aed4-4981-a3fc-c5271579e2d0/sclamp/Specify_Maize_Variety[1]
Local,Local,Disease_resistance Drought_tolerance Easy_preparation,,uuid:e3726e42-495f-4a0a-9562-094c7e7a62ef,uuid:e3726e42-495f-4a0a-9562-094c7e7a62ef/sclamp/Specify_Maize_Variety[1]
Local,Local,Insect_pest_resistance Disease_resistance Good_taste,,uuid:e8456076-a5a4-4652-8968-37a318fc252b,uuid:e8456076-a5a4-4652-8968-37a318fc252b/sclamp/Specify_Maize_Variety[1]
Local,Local,Disease_resistance Good_taste,,uuid:bbdd87b8-6449-431a-ab0b-5d30d0a97165,uuid:bbdd87b8-6449-431a-ab0b-5d30d0a97165/sclamp/Specify_Maize_Variety[1]
Local,Local,Disease_resistance Insect_pest_resistance Good_taste,,uuid:1c8479e7-d31f-4037-94f1-8e542d47180f,uuid:1c8479e7-d31f-4037-94f1-8e542d47180f/sclamp/Specify_Maize_Variety[1]
Local,Local,High_yielding Seed_availability Early_maturity Easy_preparation Good_taste,,uuid:759099eb-d182-4da6-906c-d60a273d5014,uuid:759099eb-d182-4da6-906c-d60a273d5014/sclamp/Specify_Maize_Variety[1]
Local,Local,Disease_resistance Drought_tolerance Good_taste,,uuid:d4652ca1-3175-4744-b457-fd204e7e3db9,uuid:d4652ca1-3175-4744-b457-fd204e7e3db9/sclamp/Specify_Maize_Variety[1]
Local,Local,Good_taste Drought_tolerance High_yielding,,uuid:557d2f98-07f5-4e6d-b55f-f9aa014328b9,uuid:557d2f98-07f5-4e6d-b55f-f9aa014328b9/sclamp/Specify_Maize_Variety[1]
Local,Local,Disease_resistance Early_maturity Seed_availability,,uuid:3a40b436-42ec-4bd7-9f89-7f79fa98d6f0,uuid:3a40b436-42ec-4bd7-9f89-7f79fa98d6f0/sclamp/Specify_Maize_Variety[1]
Local,Local,Seed_availability Insect_pest_resistance,,uuid:03600ba2-9305-4a67-a196-63e6cca64098,uuid:03600ba2-9305-4a67-a196-63e6cca64098/sclamp/Specify_Maize_Variety[1]
B-H 540,Improved,High_yielding Insect_pest_resistance Good_taste Good_price,,uuid:67f555f1-bc8d-43df-9e33-3547f1e1c126,uuid:67f555f1-bc8d-43df-9e33-3547f1e1c126/sclamp/Specify_Maize_Variety[1]
Local,Local,Disease_resistance Insect_pest_resistance Early_maturity Good_taste,,uuid:99be6756-da95-43d3-bd0a-936896632ee4,uuid:99be6756-da95-43d3-bd0a-936896632ee4/sclamp/Specify_Maize_Variety[1]
Local,Local,Early_maturity Good_taste Seed_availability,,uuid:83137bc7-5360-4591-b91b-836e79022318,uuid:83137bc7-5360-4591-b91b-836e79022318/sclamp/Specify_Maize_Variety[1]
Local,Local,Disease_resistance Early_maturity Good_taste,,uuid:8ace5b90-e6a6-414f-9af8-5aad477e244f,uuid:8ace5b90-e6a6-414f-9af8-5aad477e244f/sclamp/Specify_Maize_Variety[1]
Local,Local,Disease_resistance Early_maturity Good_taste,,uuid:34744fe9-b017-420d-ae5d-de5495be414e,uuid:34744fe9-b017-420d-ae5d-de5495be414e/sclamp/Specify_Maize_Variety[1]
Local,Local,Disease_resistance Early_maturity Good_taste Easy_preparation,,uuid:32285e8d-aa5a-4fd7-b4aa-6b8ae9cc6266,uuid:32285e8d-aa5a-4fd7-b4aa-6b8ae9cc6266/sclamp/Specify_Maize_Variety[1]
Local,Local,Good_taste Disease_resistance Early_maturity,,uuid:6f5b8152-4123-442a-864f-6218d546b739,uuid:6f5b8152-4123-442a-864f-6218d546b739/sclamp/Specify_Maize_Variety[1]
Local ,Local,Seed_availability,,uuid:fa7ad795-633f-458f-a7d5-6e3016bbd179,uuid:fa7ad795-633f-458f-a7d5-6e3016bbd179/sclamp/Specify_Maize_Variety[1]
Local ,Local,other,High price of improved seed ,uuid:654dba66-6331-45f7-9447-20b78b53eb27,uuid:654dba66-6331-45f7-9447-20b78b53eb27/sclamp/Specify_Maize_Variety[1]
Local ,Local,other,High price of improved seed ,uuid:76b676cf-4645-4205-82d1-6bb86a23d7b7,uuid:76b676cf-4645-4205-82d1-6bb86a23d7b7/sclamp/Specify_Maize_Variety[1]
Local ,Local,Seed_availability,,uuid:1a98d9d5-33b3-4e26-b901-c94efcf02207,uuid:1a98d9d5-33b3-4e26-b901-c94efcf02207/sclamp/Specify_Maize_Variety[1]
Local,Local,other,High price of improved seed,uuid:22aefda9-67b9-4ad4-bfcf-b2da61d35613,uuid:22aefda9-67b9-4ad4-bfcf-b2da61d35613/sclamp/Specify_Maize_Variety[1]
Local,Local,other,High price of improved seed,uuid:ee9d9d14-4bf3-4ce0-ac46-1c72c6417b3d,uuid:ee9d9d14-4bf3-4ce0-ac46-1c72c6417b3d/sclamp/Specify_Maize_Variety[1]
Local,Local,other,High price of improved,uuid:94434273-b5da-493b-8179-b1d17ccd3b52,uuid:94434273-b5da-493b-8179-b1d17ccd3b52/sclamp/Specify_Maize_Variety[1]
Local,Local,other,High price of improved seed,uuid:0523c3cf-f505-4ef2-a80e-63c294ad0be8,uuid:0523c3cf-f505-4ef2-a80e-63c294ad0be8/sclamp/Specify_Maize_Variety[1]
Local,Local,other,High price of improved seed,uuid:54b1f438-f6d5-4f71-8d96-ebb8db523b02,uuid:54b1f438-f6d5-4f71-8d96-ebb8db523b02/sclamp/Specify_Maize_Variety[1]
Local,Local,Good_price,,uuid:f45330f3-84eb-4b17-a3a1-9e527ba68915,uuid:f45330f3-84eb-4b17-a3a1-9e527ba68915/sclamp/Specify_Maize_Variety[1]
Lacal,Local,other,High price of improved seed,uuid:87551d34-57dd-475f-ac0e-c82e74cc464e,uuid:87551d34-57dd-475f-ac0e-c82e74cc464e/sclamp/Specify_Maize_Variety[1]
Local,Local,other,High price of improved seed,uuid:b13551ec-30b6-476b-bc6f-f6b8c417825e,uuid:b13551ec-30b6-476b-bc6f-f6b8c417825e/sclamp/Specify_Maize_Variety[1]
Local,Local,other,High price of improved  seed,uuid:d400aac4-934d-4a92-9463-21e0c8816878,uuid:d400aac4-934d-4a92-9463-21e0c8816878/sclamp/Specify_Maize_Variety[1]
Local,Local,Seed_availability,,uuid:1664f131-1fd5-4c53-85fd-11f1ab63a8c0,uuid:1664f131-1fd5-4c53-85fd-11f1ab63a8c0/sclamp/Specify_Maize_Variety[1]
Local,Local,Seed_availability,,uuid:c6526d4e-1b9c-4767-af32-0a20eba32a85,uuid:c6526d4e-1b9c-4767-af32-0a20eba32a85/sclamp/Specify_Maize_Variety[1]
Local,Local,Seed_availability,,uuid:6e2ba670-0c99-4904-8426-41c71bc7cc7d,uuid:6e2ba670-0c99-4904-8426-41c71bc7cc7d/sclamp/Specify_Maize_Variety[1]
Local,Improved,other,Improved seed is too expensive to buy,uuid:6cd40c30-935b-42a6-a10f-6cfb8c3beb89,uuid:6cd40c30-935b-42a6-a10f-6cfb8c3beb89/sclamp/Specify_Maize_Variety[1]
Local,Local,Seed_availability,,uuid:506cd10d-893b-4d32-98bc-a8e929fd539b,uuid:506cd10d-893b-4d32-98bc-a8e929fd539b/sclamp/Specify_Maize_Variety[1]
Local,Local,Seed_availability,,uuid:bc0079c2-a307-4585-8bb9-1571a8a6d15d,uuid:bc0079c2-a307-4585-8bb9-1571a8a6d15d/sclamp/Specify_Maize_Variety[1]
Local,Local,Seed_availability,,uuid:0855e719-f822-4927-b68d-89b03321040f,uuid:0855e719-f822-4927-b68d-89b03321040f/sclamp/Specify_Maize_Variety[1]
Local,Local,Seed_availability,,uuid:49d6e826-eb6c-4944-b722-2c8c11ddd68b,uuid:49d6e826-eb6c-4944-b722-2c8c11ddd68b/sclamp/Specify_Maize_Variety[1]
Local,Local,Seed_availability,,uuid:6e05f380-9241-43d9-9325-6d19f24a6212,uuid:6e05f380-9241-43d9-9325-6d19f24a6212/sclamp/Specify_Maize_Variety[1]
Local,Local,Seed_availability,,uuid:32868d6c-7705-4c0e-b941-32ae95cb8b8d,uuid:32868d6c-7705-4c0e-b941-32ae95cb8b8d/sclamp/Specify_Maize_Variety[1]
Local,Local,Seed_availability other,It's not costy,uuid:dfb6b447-cf8e-4546-9c54-642af0dbb640,uuid:dfb6b447-cf8e-4546-9c54-642af0dbb640/sclamp/Specify_Maize_Variety[1]
Bh540,Improved,Seed_availability Drought_tolerance,,uuid:ca5c8be2-aad1-452c-a6cc-385bc41a49ab,uuid:ca5c8be2-aad1-452c-a6cc-385bc41a49ab/sclamp/Specify_Maize_Variety[1]
Local ,Local,Seed_availability,,uuid:b30122aa-7bb6-4cd4-b4d3-fbe1463e2b28,uuid:b30122aa-7bb6-4cd4-b4d3-fbe1463e2b28/sclamp/Specify_Maize_Variety[1]
Local,Local,Early_maturity Seed_availability,,uuid:ea6e450a-49ef-443b-9aa3-abff3a992274,uuid:ea6e450a-49ef-443b-9aa3-abff3a992274/sclamp/Specify_Maize_Variety[1]
Local ,Local,Seed_availability,,uuid:277c27a6-4561-45b5-ab69-03934e5cb774,uuid:277c27a6-4561-45b5-ab69-03934e5cb774/sclamp/Specify_Maize_Variety[1]
Local,Local,Seed_availability other,Improved one is costy,uuid:b0b72f5e-c3c0-4fdf-a9a3-900724b85bdf,uuid:b0b72f5e-c3c0-4fdf-a9a3-900724b85bdf/sclamp/Specify_Maize_Variety[1]
Local,Local,Early_maturity,,uuid:a9c68765-2a84-4eed-baae-e0ddf3c817c0,uuid:a9c68765-2a84-4eed-baae-e0ddf3c817c0/sclamp/Specify_Maize_Variety[1]
Local,Local,other,Lack of money to buy improved one,uuid:90c7089e-a70c-404d-aab6-868436eee3cf,uuid:90c7089e-a70c-404d-aab6-868436eee3cf/sclamp/Specify_Maize_Variety[1]
Locals,Local,other,Lack of money to buy improved Seeds,uuid:2839b9c2-d235-4d04-945f-3dee312eefcb,uuid:2839b9c2-d235-4d04-945f-3dee312eefcb/sclamp/Specify_Maize_Variety[1]
Local,Local,Early_maturity Good_taste,,uuid:3f87c363-1ab5-4116-ac01-e6aa3cc41509,uuid:3f87c363-1ab5-4116-ac01-e6aa3cc41509/sclamp/Specify_Maize_Variety[1]
Local,Local,Good_taste Early_maturity Disease_resistance Insect_pest_resistance,,uuid:a3156cfd-3482-427d-8675-38e95e19b401,uuid:a3156cfd-3482-427d-8675-38e95e19b401/sclamp/Specify_Maize_Variety[1]
Local,Local,Good_taste Early_maturity Disease_resistance,,uuid:8531982f-ccc1-49ba-8d1b-fe1491511101,uuid:8531982f-ccc1-49ba-8d1b-fe1491511101/sclamp/Specify_Maize_Variety[1]
Local,Local,Good_taste Early_maturity Disease_resistance Insect_pest_resistance,,uuid:f7b2d0ad-3651-40f2-af46-755f0ba0e5c9,uuid:f7b2d0ad-3651-40f2-af46-755f0ba0e5c9/sclamp/Specify_Maize_Variety[1]
Local,Local,Early_maturity Good_taste Easy_preparation,,uuid:b1d2f952-c8e5-4883-91b8-5c9f625b0096,uuid:b1d2f952-c8e5-4883-91b8-5c9f625b0096/sclamp/Specify_Maize_Variety[1]
Fao,Improved,High_yielding Seed_availability Early_maturity,,uuid:8fa2a291-b047-492c-86fe-7e98ae2fe822,uuid:8fa2a291-b047-492c-86fe-7e98ae2fe822/sclamp/Specify_Maize_Variety[1]
Local,Local,Early_maturity Good_taste Easy_preparation,,uuid:48a7c57c-e180-4fc4-8608-31fec19b310d,uuid:48a7c57c-e180-4fc4-8608-31fec19b310d/sclamp/Specify_Maize_Variety[1]
