Support_received_Fall_Armyworm_ml,Institutions_provided_support_Fall_Armyworm_ml,other_institutions_provided_support_for_Fall_Armyworm_ml,PARENT_KEY,KEY
Training_on_Pest_and_disease_mngt,Send_A_Cow,,uuid:e1086ef3-11c3-475b-a57f-3ad0241a27de,uuid:e1086ef3-11c3-475b-a57f-3ad0241a27de/sclamp/FAW_Support[1]
Improved_seed,Send_A_Cow,,uuid:e1086ef3-11c3-475b-a57f-3ad0241a27de,uuid:e1086ef3-11c3-475b-a57f-3ad0241a27de/sclamp/FAW_Support[2]
Improved_seed,Send_A_Cow,,uuid:035b24ba-0bdf-492b-a542-30f44106a6d1,uuid:035b24ba-0bdf-492b-a542-30f44106a6d1/sclamp/FAW_Support[1]
Training_on_Pest_and_disease_mngt,Send_A_Cow,,uuid:035b24ba-0bdf-492b-a542-30f44106a6d1,uuid:035b24ba-0bdf-492b-a542-30f44106a6d1/sclamp/FAW_Support[2]
Training_on_Pest_and_disease_mngt,Send_A_Cow,,uuid:2c6c5e88-97d2-45cc-86dc-3e9212305830,uuid:2c6c5e88-97d2-45cc-86dc-3e9212305830/sclamp/FAW_Support[1]
Improved_seed,Send_A_Cow,,uuid:2c6c5e88-97d2-45cc-86dc-3e9212305830,uuid:2c6c5e88-97d2-45cc-86dc-3e9212305830/sclamp/FAW_Support[2]
Improved_seed,Send_A_Cow,,uuid:a8f8d673-7c36-48bb-989b-539955fcfe47,uuid:a8f8d673-7c36-48bb-989b-539955fcfe47/sclamp/FAW_Support[1]
Training_on_Pest_and_disease_mngt,Send_A_Cow,,uuid:a8f8d673-7c36-48bb-989b-539955fcfe47,uuid:a8f8d673-7c36-48bb-989b-539955fcfe47/sclamp/FAW_Support[2]
PPT_Desmodium_Bracheria_Seed,Send_A_Cow,,uuid:b729a7fb-c130-4504-a7d5-ab3236159598,uuid:b729a7fb-c130-4504-a7d5-ab3236159598/sclamp/FAW_Support[1]
Training_on_Pest_and_disease_mngt,Send_A_Cow,,uuid:b729a7fb-c130-4504-a7d5-ab3236159598,uuid:b729a7fb-c130-4504-a7d5-ab3236159598/sclamp/FAW_Support[2]
Improved_seed,Send_A_Cow,,uuid:b729a7fb-c130-4504-a7d5-ab3236159598,uuid:b729a7fb-c130-4504-a7d5-ab3236159598/sclamp/FAW_Support[3]
Training_on_Pest_and_disease_mngt,Send_A_Cow,,uuid:1bedca8a-9666-48f7-89f5-63e99c1efa63,uuid:1bedca8a-9666-48f7-89f5-63e99c1efa63/sclamp/FAW_Support[1]
Improved_seed,Send_A_Cow,,uuid:1bedca8a-9666-48f7-89f5-63e99c1efa63,uuid:1bedca8a-9666-48f7-89f5-63e99c1efa63/sclamp/FAW_Support[2]
Training_on_Pest_and_disease_mngt,Send_A_Cow,,uuid:7fd55c16-fbfe-46fc-8c31-1f397dc8d322,uuid:7fd55c16-fbfe-46fc-8c31-1f397dc8d322/sclamp/FAW_Support[1]
Improved_seed,Send_A_Cow,,uuid:7fd55c16-fbfe-46fc-8c31-1f397dc8d322,uuid:7fd55c16-fbfe-46fc-8c31-1f397dc8d322/sclamp/FAW_Support[2]
PPT_Desmodium_Bracheria_Seed,Send_A_Cow,,uuid:dbe47f29-b975-4115-8cfe-2dc00043c784,uuid:dbe47f29-b975-4115-8cfe-2dc00043c784/sclamp/FAW_Support[1]
Training_on_Pest_and_disease_mngt,Send_A_Cow,,uuid:dbe47f29-b975-4115-8cfe-2dc00043c784,uuid:dbe47f29-b975-4115-8cfe-2dc00043c784/sclamp/FAW_Support[2]
Improved_seed,Send_A_Cow,,uuid:dbe47f29-b975-4115-8cfe-2dc00043c784,uuid:dbe47f29-b975-4115-8cfe-2dc00043c784/sclamp/FAW_Support[3]
Training_on_Pest_and_disease_mngt,Send_A_Cow,,uuid:d3a05404-9532-4dc4-85e8-41be64c35be6,uuid:d3a05404-9532-4dc4-85e8-41be64c35be6/sclamp/FAW_Support[1]
Training_on_Pest_and_disease_mngt,Send_A_Cow,,uuid:d2fba6a2-3290-4c28-acb1-b05d36a3579b,uuid:d2fba6a2-3290-4c28-acb1-b05d36a3579b/sclamp/FAW_Support[1]
Training_on_Pest_and_disease_mngt,Send_A_Cow,,uuid:bac7d2c0-4216-4d00-8091-fc9358083e98,uuid:bac7d2c0-4216-4d00-8091-fc9358083e98/sclamp/FAW_Support[1]
Training_on_Pest_and_disease_mngt,Send_A_Cow,,uuid:4932b5df-d5a3-47ba-8d75-d6145e13a0f3,uuid:4932b5df-d5a3-47ba-8d75-d6145e13a0f3/sclamp/FAW_Support[1]
Training_on_Pest_and_disease_mngt,Send_A_Cow,,uuid:3fe2ba49-981b-41ed-89ca-e3cf8432a1ac,uuid:3fe2ba49-981b-41ed-89ca-e3cf8432a1ac/sclamp/FAW_Support[1]
PPT_Desmodium_Bracheria_Seed,Send_A_Cow,,uuid:3fe2ba49-981b-41ed-89ca-e3cf8432a1ac,uuid:3fe2ba49-981b-41ed-89ca-e3cf8432a1ac/sclamp/FAW_Support[2]
Training_on_Pest_and_disease_mngt,Send_A_Cow,,uuid:7f771b19-3def-4387-a5e7-383878bb483a,uuid:7f771b19-3def-4387-a5e7-383878bb483a/sclamp/FAW_Support[1]
PPT_Desmodium_Bracheria_Seed,Send_A_Cow,,uuid:8440e6c4-bb26-482c-b1c4-7846eb324499,uuid:8440e6c4-bb26-482c-b1c4-7846eb324499/sclamp/FAW_Support[1]
Training_on_Pest_and_disease_mngt,Send_A_Cow,,uuid:f2d92076-2cdc-4345-b1a8-fc992b47adb8,uuid:f2d92076-2cdc-4345-b1a8-fc992b47adb8/sclamp/FAW_Support[1]
Training_on_Pest_and_disease_mngt,Send_A_Cow,,uuid:9e32acea-a7ad-4764-bb6c-2fb9c2d5dce5,uuid:9e32acea-a7ad-4764-bb6c-2fb9c2d5dce5/sclamp/FAW_Support[1]
Training_on_Pest_and_disease_mngt,Govt_extension_agent,,uuid:0ee0fee0-8f7a-4a55-8641-7b61ef523a4d,uuid:0ee0fee0-8f7a-4a55-8641-7b61ef523a4d/sclamp/FAW_Support[1]
Training_on_Pest_and_disease_mngt,Govt_extension_agent,,uuid:96c51c9a-ca68-4e52-a39d-91da7e06569d,uuid:96c51c9a-ca68-4e52-a39d-91da7e06569d/sclamp/FAW_Support[1]
Training_on_Pest_and_disease_mngt,Govt_extension_agent,,uuid:0de1fd37-fe0b-47cf-8e26-b536716cbf39,uuid:0de1fd37-fe0b-47cf-8e26-b536716cbf39/sclamp/FAW_Support[1]
Training_on_Pest_and_disease_mngt,Send_A_Cow,,uuid:b8dd8d86-4b81-4a1c-824a-cb39933822c8,uuid:b8dd8d86-4b81-4a1c-824a-cb39933822c8/sclamp/FAW_Support[1]
Mechanically_Remove_The_Insect,Send_A_Cow,,uuid:b8dd8d86-4b81-4a1c-824a-cb39933822c8,uuid:b8dd8d86-4b81-4a1c-824a-cb39933822c8/sclamp/FAW_Support[2]
Mechanically_Remove_The_Insect,Govt_extension_agent,,uuid:b8dd8d86-4b81-4a1c-824a-cb39933822c8,uuid:b8dd8d86-4b81-4a1c-824a-cb39933822c8/sclamp/FAW_Support[3]
Training_on_Pest_and_disease_mngt,Send_A_Cow,,uuid:63b43d1c-e6bd-4af6-b880-49fa3264b602,uuid:63b43d1c-e6bd-4af6-b880-49fa3264b602/sclamp/FAW_Support[1]
Mechanically_Remove_The_Insect,Send_A_Cow,,uuid:63b43d1c-e6bd-4af6-b880-49fa3264b602,uuid:63b43d1c-e6bd-4af6-b880-49fa3264b602/sclamp/FAW_Support[2]
Improved_seed,Send_A_Cow,,uuid:63b43d1c-e6bd-4af6-b880-49fa3264b602,uuid:63b43d1c-e6bd-4af6-b880-49fa3264b602/sclamp/FAW_Support[3]
Mechanically_Remove_The_Insect,Govt_extension_agent,,uuid:63b43d1c-e6bd-4af6-b880-49fa3264b602,uuid:63b43d1c-e6bd-4af6-b880-49fa3264b602/sclamp/FAW_Support[4]
Mechanically_Remove_The_Insect,Send_A_Cow,,uuid:e974be06-f0df-49d6-9010-f41c152e6acd,uuid:e974be06-f0df-49d6-9010-f41c152e6acd/sclamp/FAW_Support[1]
Training_on_Pest_and_disease_mngt,Send_A_Cow,,uuid:e974be06-f0df-49d6-9010-f41c152e6acd,uuid:e974be06-f0df-49d6-9010-f41c152e6acd/sclamp/FAW_Support[2]
Mechanically_Remove_The_Insect,Fellow_farmers,,uuid:e9dfabfc-3382-4720-aa78-78172f5cee28,uuid:e9dfabfc-3382-4720-aa78-78172f5cee28/sclamp/FAW_Support[1]
Mechanically_Remove_The_Insect,Fellow_farmers,,uuid:dc3ed333-6de6-4e18-bb09-251a576b2ba4,uuid:dc3ed333-6de6-4e18-bb09-251a576b2ba4/sclamp/FAW_Support[1]
Improved_seed,Fellow_farmers,,uuid:dc3ed333-6de6-4e18-bb09-251a576b2ba4,uuid:dc3ed333-6de6-4e18-bb09-251a576b2ba4/sclamp/FAW_Support[2]
Training_on_Pest_and_disease_mngt,Send_A_Cow,,uuid:1e224ed1-60fb-4385-9a38-b827006ca013,uuid:1e224ed1-60fb-4385-9a38-b827006ca013/sclamp/FAW_Support[1]
Mechanically_Remove_The_Insect,Send_A_Cow,,uuid:1e224ed1-60fb-4385-9a38-b827006ca013,uuid:1e224ed1-60fb-4385-9a38-b827006ca013/sclamp/FAW_Support[2]
Mechanically_Remove_The_Insect,Govt_extension_agent,,uuid:1e224ed1-60fb-4385-9a38-b827006ca013,uuid:1e224ed1-60fb-4385-9a38-b827006ca013/sclamp/FAW_Support[3]
Training_on_Pest_and_disease_mngt,Send_A_Cow,,uuid:0c278629-b16e-45bf-a46c-451e0cfceba9,uuid:0c278629-b16e-45bf-a46c-451e0cfceba9/sclamp/FAW_Support[1]
Mechanically_Remove_The_Insect,Send_A_Cow,,uuid:0c278629-b16e-45bf-a46c-451e0cfceba9,uuid:0c278629-b16e-45bf-a46c-451e0cfceba9/sclamp/FAW_Support[2]
Mechanically_Remove_The_Insect,Govt_extension_agent,,uuid:0c278629-b16e-45bf-a46c-451e0cfceba9,uuid:0c278629-b16e-45bf-a46c-451e0cfceba9/sclamp/FAW_Support[3]
Field_hygiene,Send_A_Cow,,uuid:0c278629-b16e-45bf-a46c-451e0cfceba9,uuid:0c278629-b16e-45bf-a46c-451e0cfceba9/sclamp/FAW_Support[4]
Mechanically_Remove_The_Insect,Send_A_Cow,,uuid:438faa98-e01e-4b67-95c1-8de8434fc01b,uuid:438faa98-e01e-4b67-95c1-8de8434fc01b/sclamp/FAW_Support[1]
Training_on_Pest_and_disease_mngt,Govt_extension_agent,,uuid:f1a95cbc-bce6-4bcd-be2a-00b7f46f721c,uuid:f1a95cbc-bce6-4bcd-be2a-00b7f46f721c/sclamp/FAW_Support[1]
Training_on_Pest_and_disease_mngt,Send_A_Cow,,uuid:ac347952-7307-4b06-8876-90cfc2acf30d,uuid:ac347952-7307-4b06-8876-90cfc2acf30d/sclamp/FAW_Support[1]
Mechanically_Remove_The_Insect,Send_A_Cow,,uuid:7a0ce6d5-fb74-4c23-8b12-4fae6da90e22,uuid:7a0ce6d5-fb74-4c23-8b12-4fae6da90e22/sclamp/FAW_Support[1]
Mechanically_Remove_The_Insect,Govt_extension_agent,,uuid:e4ccdd0f-73c6-4e03-b724-680fd441ae8b,uuid:e4ccdd0f-73c6-4e03-b724-680fd441ae8b/sclamp/FAW_Support[1]
Mechanically_Remove_The_Insect,Govt_extension_agent,,uuid:89e7996d-6093-494e-86ec-1662dfaac2e7,uuid:89e7996d-6093-494e-86ec-1662dfaac2e7/sclamp/FAW_Support[1]
Training_on_Pest_and_disease_mngt,Send_A_Cow,,uuid:4b3c6050-ea8b-4433-8055-2c1560f8f13b,uuid:4b3c6050-ea8b-4433-8055-2c1560f8f13b/sclamp/FAW_Support[1]
Mechanically_Remove_The_Insect,Govt_extension_agent,,uuid:51d83881-e07e-42b1-beac-feb9a59aa0b2,uuid:51d83881-e07e-42b1-beac-feb9a59aa0b2/sclamp/FAW_Support[1]
Training_on_Pest_and_disease_mngt,Send_A_Cow,,uuid:5763f7de-391a-4f68-aa74-360721cbc326,uuid:5763f7de-391a-4f68-aa74-360721cbc326/sclamp/FAW_Support[1]
PPT_Desmodium_Bracheria_Seed,Send_A_Cow,,uuid:5763f7de-391a-4f68-aa74-360721cbc326,uuid:5763f7de-391a-4f68-aa74-360721cbc326/sclamp/FAW_Support[2]
Training_on_Pest_and_disease_mngt,Send_A_Cow,,uuid:7ab2fcc0-ba17-4744-b22a-86d48fe20546,uuid:7ab2fcc0-ba17-4744-b22a-86d48fe20546/sclamp/FAW_Support[1]
Mechanically_Remove_The_Insect,Send_A_Cow,,uuid:52b338f5-f18a-4284-a7e4-72219808d211,uuid:52b338f5-f18a-4284-a7e4-72219808d211/sclamp/FAW_Support[1]
Training_on_Pest_and_disease_mngt,Send_A_Cow,,uuid:52b338f5-f18a-4284-a7e4-72219808d211,uuid:52b338f5-f18a-4284-a7e4-72219808d211/sclamp/FAW_Support[2]
Training_on_Pest_and_disease_mngt,Send_A_Cow,,uuid:8ba370b6-ab11-4901-bd42-c757449ee23b,uuid:8ba370b6-ab11-4901-bd42-c757449ee23b/sclamp/FAW_Support[1]
Mechanically_Remove_The_Insect,Send_A_Cow,,uuid:8ba370b6-ab11-4901-bd42-c757449ee23b,uuid:8ba370b6-ab11-4901-bd42-c757449ee23b/sclamp/FAW_Support[2]
Training_on_Pest_and_disease_mngt,Send_A_Cow,,uuid:a6cba3a0-1acf-4ad4-90f1-de91f100a017,uuid:a6cba3a0-1acf-4ad4-90f1-de91f100a017/sclamp/FAW_Support[1]
Mechanically_Remove_The_Insect,Send_A_Cow,,uuid:a6cba3a0-1acf-4ad4-90f1-de91f100a017,uuid:a6cba3a0-1acf-4ad4-90f1-de91f100a017/sclamp/FAW_Support[2]
Mechanically_Remove_The_Insect,Govt_extension_agent,,uuid:a6cba3a0-1acf-4ad4-90f1-de91f100a017,uuid:a6cba3a0-1acf-4ad4-90f1-de91f100a017/sclamp/FAW_Support[3]
Mechanically_Remove_The_Insect,Govt_extension_agent,,uuid:304182c1-5f68-4a01-afd1-b7bfb101e3fa,uuid:304182c1-5f68-4a01-afd1-b7bfb101e3fa/sclamp/FAW_Support[1]
Mechanically_Remove_The_Insect,Govt_extension_agent,,uuid:d8f07092-7719-43a4-a243-b16f97ce58fb,uuid:d8f07092-7719-43a4-a243-b16f97ce58fb/sclamp/FAW_Support[1]
Mechanically_Remove_The_Insect,Govt_extension_agent,,uuid:5af1b817-8710-44dc-841f-8ab7d047f375,uuid:5af1b817-8710-44dc-841f-8ab7d047f375/sclamp/FAW_Support[1]
Mechanically_Remove_The_Insect,Govt_extension_agent,,uuid:a74d5975-0830-4e50-bc3d-5bd41cbdb223,uuid:a74d5975-0830-4e50-bc3d-5bd41cbdb223/sclamp/FAW_Support[1]
Mechanically_Remove_The_Insect,Govt_extension_agent,,uuid:c2fc5a7d-3248-45b5-95b6-d34fcb582928,uuid:c2fc5a7d-3248-45b5-95b6-d34fcb582928/sclamp/FAW_Support[1]
Training_on_Pest_and_disease_mngt,Govt_extension_agent,,uuid:fc73dc43-4cdc-402c-b5fc-50b8887c1b5c,uuid:fc73dc43-4cdc-402c-b5fc-50b8887c1b5c/sclamp/FAW_Support[1]
Mechanically_Remove_The_Insect,Govt_extension_agent,,uuid:efbd2d35-10fd-4ecc-8a49-227dd95779f2,uuid:efbd2d35-10fd-4ecc-8a49-227dd95779f2/sclamp/FAW_Support[1]
Mechanically_Remove_The_Insect,Govt_extension_agent,,uuid:68ad7043-2786-45b2-9888-9c9e577ea10a,uuid:68ad7043-2786-45b2-9888-9c9e577ea10a/sclamp/FAW_Support[1]
Training_on_Pest_and_disease_mngt,Govt_extension_agent,,uuid:ba582319-e6f4-423d-8955-f0cc81c877fb,uuid:ba582319-e6f4-423d-8955-f0cc81c877fb/sclamp/FAW_Support[1]
PPT_Desmodium_Bracheria_Seed,Send_A_Cow,,uuid:79f25286-c5e4-48f2-aec6-d6c5010a60b7,uuid:79f25286-c5e4-48f2-aec6-d6c5010a60b7/sclamp/FAW_Support[1]
Improved_seed,Send_A_Cow,,uuid:79f25286-c5e4-48f2-aec6-d6c5010a60b7,uuid:79f25286-c5e4-48f2-aec6-d6c5010a60b7/sclamp/FAW_Support[2]
Training_on_Pest_and_disease_mngt,Send_A_Cow,,uuid:79f25286-c5e4-48f2-aec6-d6c5010a60b7,uuid:79f25286-c5e4-48f2-aec6-d6c5010a60b7/sclamp/FAW_Support[3]
other,Send_A_Cow,,uuid:0f04ab28-b044-418a-b358-c6cf0868b02a,uuid:0f04ab28-b044-418a-b358-c6cf0868b02a/sclamp/FAW_Support[1]
Training_on_Pest_and_disease_mngt,Send_A_Cow,,uuid:3c6ca8d5-5775-4616-82a2-e0cc629cbbd9,uuid:3c6ca8d5-5775-4616-82a2-e0cc629cbbd9/sclamp/FAW_Support[1]
other,Govt_extension_agent,,uuid:3c6ca8d5-5775-4616-82a2-e0cc629cbbd9,uuid:3c6ca8d5-5775-4616-82a2-e0cc629cbbd9/sclamp/FAW_Support[2]
Training_on_Pest_and_disease_mngt,Send_A_Cow,,uuid:5de54179-90a4-4982-9304-b5ff4b334f69,uuid:5de54179-90a4-4982-9304-b5ff4b334f69/sclamp/FAW_Support[1]
Training_on_Pest_and_disease_mngt,Govt_extension_agent,,uuid:2f1c22a9-3288-4408-b7b7-5fa1fd425962,uuid:2f1c22a9-3288-4408-b7b7-5fa1fd425962/sclamp/FAW_Support[1]
Training_on_Pest_and_disease_mngt,Govt_extension_agent,,uuid:84ba7ca8-b6a7-4dff-b33c-6833195b30a5,uuid:84ba7ca8-b6a7-4dff-b33c-6833195b30a5/sclamp/FAW_Support[1]
Training_on_Pest_and_disease_mngt,Send_A_Cow,,uuid:84ba7ca8-b6a7-4dff-b33c-6833195b30a5,uuid:84ba7ca8-b6a7-4dff-b33c-6833195b30a5/sclamp/FAW_Support[2]
Training_on_Pest_and_disease_mngt,Send_A_Cow,,uuid:5432177a-99a4-4316-b8cf-d686fabde5fa,uuid:5432177a-99a4-4316-b8cf-d686fabde5fa/sclamp/FAW_Support[1]
Training_on_Pest_and_disease_mngt,Govt_extension_agent,,uuid:5432177a-99a4-4316-b8cf-d686fabde5fa,uuid:5432177a-99a4-4316-b8cf-d686fabde5fa/sclamp/FAW_Support[2]
Training_on_Pest_and_disease_mngt,Send_A_Cow,,uuid:17530587-ad5c-43a5-80d0-cfff2f0d4be6,uuid:17530587-ad5c-43a5-80d0-cfff2f0d4be6/sclamp/FAW_Support[1]
Training_on_Pest_and_disease_mngt,Govt_extension_agent,,uuid:17530587-ad5c-43a5-80d0-cfff2f0d4be6,uuid:17530587-ad5c-43a5-80d0-cfff2f0d4be6/sclamp/FAW_Support[2]
Training_on_Pest_and_disease_mngt,Send_A_Cow,,uuid:4b667436-3999-4a28-ae41-de2e7eef7251,uuid:4b667436-3999-4a28-ae41-de2e7eef7251/sclamp/FAW_Support[1]
Mechanically_Remove_The_Insect,Send_A_Cow,,uuid:4b667436-3999-4a28-ae41-de2e7eef7251,uuid:4b667436-3999-4a28-ae41-de2e7eef7251/sclamp/FAW_Support[2]
Training_on_Pest_and_disease_mngt,Send_A_Cow,,uuid:00e25fb6-0bf6-4df0-8bb7-2c3cfb9c6619,uuid:00e25fb6-0bf6-4df0-8bb7-2c3cfb9c6619/sclamp/FAW_Support[1]
Training_on_Pest_and_disease_mngt,Send_A_Cow,,uuid:ebdd33b0-1214-4554-bd10-fdf4e43e63bf,uuid:ebdd33b0-1214-4554-bd10-fdf4e43e63bf/sclamp/FAW_Support[1]
PPT_Desmodium_Bracheria_Seed,Send_A_Cow,,uuid:3e47eab3-9e23-4360-a452-431f4b6af3f5,uuid:3e47eab3-9e23-4360-a452-431f4b6af3f5/sclamp/FAW_Support[1]
Training_on_Pest_and_disease_mngt,Send_A_Cow,,uuid:3e47eab3-9e23-4360-a452-431f4b6af3f5,uuid:3e47eab3-9e23-4360-a452-431f4b6af3f5/sclamp/FAW_Support[2]
Training_on_Pest_and_disease_mngt,Send_A_Cow,,uuid:d702c6f2-b9e7-4b5f-bc02-1365158a54a5,uuid:d702c6f2-b9e7-4b5f-bc02-1365158a54a5/sclamp/FAW_Support[1]
None,None,,uuid:ce6d7cb9-d60d-4394-9852-b14123f2c8c1,uuid:ce6d7cb9-d60d-4394-9852-b14123f2c8c1/sclamp/FAW_Support[1]
Training_on_Pest_and_disease_mngt,Send_A_Cow,,uuid:515f1d7d-e61f-4338-a6d0-16e4499d3624,uuid:515f1d7d-e61f-4338-a6d0-16e4499d3624/sclamp/FAW_Support[1]
Mechanically_Remove_The_Insect,Send_A_Cow,,uuid:515f1d7d-e61f-4338-a6d0-16e4499d3624,uuid:515f1d7d-e61f-4338-a6d0-16e4499d3624/sclamp/FAW_Support[2]
Mechanically_Remove_The_Insect,Govt_extension_agent,,uuid:515f1d7d-e61f-4338-a6d0-16e4499d3624,uuid:515f1d7d-e61f-4338-a6d0-16e4499d3624/sclamp/FAW_Support[3]
Training_on_Pest_and_disease_mngt,Send_A_Cow,,uuid:ee296227-d961-4726-a964-236b30ff4b58,uuid:ee296227-d961-4726-a964-236b30ff4b58/sclamp/FAW_Support[1]
Mechanically_Remove_The_Insect,Send_A_Cow,,uuid:ee296227-d961-4726-a964-236b30ff4b58,uuid:ee296227-d961-4726-a964-236b30ff4b58/sclamp/FAW_Support[2]
Improved_seed,Send_A_Cow,,uuid:ee296227-d961-4726-a964-236b30ff4b58,uuid:ee296227-d961-4726-a964-236b30ff4b58/sclamp/FAW_Support[3]
Mechanically_Remove_The_Insect,Govt_extension_agent,,uuid:ee296227-d961-4726-a964-236b30ff4b58,uuid:ee296227-d961-4726-a964-236b30ff4b58/sclamp/FAW_Support[4]
Training_on_Pest_and_disease_mngt,Send_A_Cow,,uuid:94213dc1-005b-4489-aae8-86db0f9eb554,uuid:94213dc1-005b-4489-aae8-86db0f9eb554/sclamp/FAW_Support[1]
Mechanically_Remove_The_Insect,Send_A_Cow,,uuid:94213dc1-005b-4489-aae8-86db0f9eb554,uuid:94213dc1-005b-4489-aae8-86db0f9eb554/sclamp/FAW_Support[2]
Mechanically_Remove_The_Insect,Govt_extension_agent,,uuid:94213dc1-005b-4489-aae8-86db0f9eb554,uuid:94213dc1-005b-4489-aae8-86db0f9eb554/sclamp/FAW_Support[3]
Training_on_Pest_and_disease_mngt,Send_A_Cow,,uuid:40c97b53-22f7-4021-95d5-a4fa01989a7d,uuid:40c97b53-22f7-4021-95d5-a4fa01989a7d/sclamp/FAW_Support[1]
Mechanically_Remove_The_Insect,Send_A_Cow,,uuid:40c97b53-22f7-4021-95d5-a4fa01989a7d,uuid:40c97b53-22f7-4021-95d5-a4fa01989a7d/sclamp/FAW_Support[2]
Mechanically_Remove_The_Insect,Govt_extension_agent,,uuid:40c97b53-22f7-4021-95d5-a4fa01989a7d,uuid:40c97b53-22f7-4021-95d5-a4fa01989a7d/sclamp/FAW_Support[3]
Training_on_Pest_and_disease_mngt,Govt_extension_agent,,uuid:43d88ed3-5908-46cb-9789-3dde2cd308e1,uuid:43d88ed3-5908-46cb-9789-3dde2cd308e1/sclamp/FAW_Support[1]
Improved_seed,Govt_extension_agent,,uuid:43d88ed3-5908-46cb-9789-3dde2cd308e1,uuid:43d88ed3-5908-46cb-9789-3dde2cd308e1/sclamp/FAW_Support[2]
Training_on_Pest_and_disease_mngt,Send_A_Cow,,uuid:ee95e5f7-42ee-4266-a0d3-10ddc1881e44,uuid:ee95e5f7-42ee-4266-a0d3-10ddc1881e44/sclamp/FAW_Support[1]
Mechanically_Remove_The_Insect,Send_A_Cow,,uuid:ee95e5f7-42ee-4266-a0d3-10ddc1881e44,uuid:ee95e5f7-42ee-4266-a0d3-10ddc1881e44/sclamp/FAW_Support[2]
Mechanically_Remove_The_Insect,Govt_extension_agent,,uuid:ee95e5f7-42ee-4266-a0d3-10ddc1881e44,uuid:ee95e5f7-42ee-4266-a0d3-10ddc1881e44/sclamp/FAW_Support[3]
Mechanically_Remove_The_Insect,Govt_extension_agent,,uuid:e917f2f1-082c-4139-94a5-2f166e29cfc1,uuid:e917f2f1-082c-4139-94a5-2f166e29cfc1/sclamp/FAW_Support[1]
Mechanically_Remove_The_Insect,Govt_extension_agent,,uuid:50b579ab-4d91-4f39-aa95-6aef70492dd8,uuid:50b579ab-4d91-4f39-aa95-6aef70492dd8/sclamp/FAW_Support[1]
Training_on_Pest_and_disease_mngt,Send_A_Cow,,uuid:be7f2dc9-92e8-4c1c-8ad0-aadc102306dd,uuid:be7f2dc9-92e8-4c1c-8ad0-aadc102306dd/sclamp/FAW_Support[1]
Field_hygiene,Send_A_Cow,,uuid:69c66396-ea65-462d-8df2-63d9d238b7e1,uuid:69c66396-ea65-462d-8df2-63d9d238b7e1/sclamp/FAW_Support[1]
Training_on_Pest_and_disease_mngt,Govt_extension_agent,,uuid:87986548-b11d-414b-9ad9-58787de18834,uuid:87986548-b11d-414b-9ad9-58787de18834/sclamp/FAW_Support[1]
Training_on_Pest_and_disease_mngt,Send_A_Cow,,uuid:9d207b76-9aaf-4628-9e9e-18922587f91a,uuid:9d207b76-9aaf-4628-9e9e-18922587f91a/sclamp/FAW_Support[1]
Training_on_Pest_and_disease_mngt,Send_A_Cow,,uuid:ac477cab-1ee7-413a-b50f-e70edf3e3e61,uuid:ac477cab-1ee7-413a-b50f-e70edf3e3e61/sclamp/FAW_Support[1]
PPT_Desmodium_Bracheria_Seed,Send_A_Cow,,uuid:ac477cab-1ee7-413a-b50f-e70edf3e3e61,uuid:ac477cab-1ee7-413a-b50f-e70edf3e3e61/sclamp/FAW_Support[2]
PPT_Desmodium_Bracheria_Seed,Send_A_Cow,,uuid:b26de55c-1a49-45fc-b703-8d291edd17aa,uuid:b26de55c-1a49-45fc-b703-8d291edd17aa/sclamp/FAW_Support[1]
Training_on_Pest_and_disease_mngt,Send_A_Cow,,uuid:b26de55c-1a49-45fc-b703-8d291edd17aa,uuid:b26de55c-1a49-45fc-b703-8d291edd17aa/sclamp/FAW_Support[2]
Training_on_Pest_and_disease_mngt,Send_A_Cow,,uuid:aedb1f36-02c0-48ff-b8ff-d3341d050458,uuid:aedb1f36-02c0-48ff-b8ff-d3341d050458/sclamp/FAW_Support[1]
Mechanically_Remove_The_Insect,Govt_extension_agent,,uuid:aedb1f36-02c0-48ff-b8ff-d3341d050458,uuid:aedb1f36-02c0-48ff-b8ff-d3341d050458/sclamp/FAW_Support[2]
Training_on_Pest_and_disease_mngt,Send_A_Cow,,uuid:d1a37876-85c7-41ac-bfc1-0bacbad3b4e9,uuid:d1a37876-85c7-41ac-bfc1-0bacbad3b4e9/sclamp/FAW_Support[1]
PPT_Desmodium_Bracheria_Seed,Send_A_Cow,,uuid:d1a37876-85c7-41ac-bfc1-0bacbad3b4e9,uuid:d1a37876-85c7-41ac-bfc1-0bacbad3b4e9/sclamp/FAW_Support[2]
Training_on_Pest_and_disease_mngt,Send_A_Cow,,uuid:2b101b96-e022-4221-9a6e-b757ca2c68e9,uuid:2b101b96-e022-4221-9a6e-b757ca2c68e9/sclamp/FAW_Support[1]
Training_on_Pest_and_disease_mngt,Send_A_Cow,,uuid:97f02518-c0a4-4741-8260-8545a9dd0185,uuid:97f02518-c0a4-4741-8260-8545a9dd0185/sclamp/FAW_Support[1]
Mechanically_Remove_The_Insect,Govt_extension_agent,,uuid:9ec8826d-4799-4d17-b4cc-35fcd77c2856,uuid:9ec8826d-4799-4d17-b4cc-35fcd77c2856/sclamp/FAW_Support[1]
Mechanically_Remove_The_Insect,Govt_extension_agent,,uuid:89a2a445-504b-4296-8eb0-ac27c524d322,uuid:89a2a445-504b-4296-8eb0-ac27c524d322/sclamp/FAW_Support[1]
Mechanically_Remove_The_Insect,Send_A_Cow,,uuid:507d3025-8c45-45c7-ace8-083782b10b4e,uuid:507d3025-8c45-45c7-ace8-083782b10b4e/sclamp/FAW_Support[1]
Mechanically_Remove_The_Insect,Govt_extension_agent,,uuid:a8a364b1-d574-4c41-b092-48137c5b25f9,uuid:a8a364b1-d574-4c41-b092-48137c5b25f9/sclamp/FAW_Support[1]
Training_on_Pest_and_disease_mngt,Send_A_Cow,,uuid:216b83d5-19a5-4818-ab9f-ddcb6f816b01,uuid:216b83d5-19a5-4818-ab9f-ddcb6f816b01/sclamp/FAW_Support[1]
Training_on_Pest_and_disease_mngt,Send_A_Cow,,uuid:7b92d160-de26-4eb8-92ea-f233cf96c539,uuid:7b92d160-de26-4eb8-92ea-f233cf96c539/sclamp/FAW_Support[1]
Training_on_Pest_and_disease_mngt,Send_A_Cow,,uuid:7de11a8a-e78b-4d76-90b3-9e28249348d2,uuid:7de11a8a-e78b-4d76-90b3-9e28249348d2/sclamp/FAW_Support[1]
Training_on_Pest_and_disease_mngt,Send_A_Cow,,uuid:70dd55a9-bad2-4440-9e8d-f4dc53032492,uuid:70dd55a9-bad2-4440-9e8d-f4dc53032492/sclamp/FAW_Support[1]
Training_on_Pest_and_disease_mngt,Send_A_Cow,,uuid:1b4f5c81-d022-4cf9-bc76-a5bf22fb22fe,uuid:1b4f5c81-d022-4cf9-bc76-a5bf22fb22fe/sclamp/FAW_Support[1]
Training_on_Pest_and_disease_mngt,Send_A_Cow,,uuid:6762cd6d-f65d-40f5-baa6-94f3cab957e2,uuid:6762cd6d-f65d-40f5-baa6-94f3cab957e2/sclamp/FAW_Support[1]
Training_on_Pest_and_disease_mngt,Send_A_Cow,,uuid:210f13af-d18e-4fc8-89e3-ac0c688d2aeb,uuid:210f13af-d18e-4fc8-89e3-ac0c688d2aeb/sclamp/FAW_Support[1]
Mechanically_Remove_The_Insect,Send_A_Cow,,uuid:210f13af-d18e-4fc8-89e3-ac0c688d2aeb,uuid:210f13af-d18e-4fc8-89e3-ac0c688d2aeb/sclamp/FAW_Support[2]
Training_on_Pest_and_disease_mngt,Send_A_Cow,,uuid:892d9fb9-ae38-4a62-8932-6f36d3ebcea9,uuid:892d9fb9-ae38-4a62-8932-6f36d3ebcea9/sclamp/FAW_Support[1]
Chemicals,Govt_extension_agent,,uuid:892d9fb9-ae38-4a62-8932-6f36d3ebcea9,uuid:892d9fb9-ae38-4a62-8932-6f36d3ebcea9/sclamp/FAW_Support[2]
Mechanically_Remove_The_Insect,Send_A_Cow,,uuid:892d9fb9-ae38-4a62-8932-6f36d3ebcea9,uuid:892d9fb9-ae38-4a62-8932-6f36d3ebcea9/sclamp/FAW_Support[3]
Training_on_Pest_and_disease_mngt,Send_A_Cow,,uuid:62390282-72bc-4215-ad7c-c8002bf36b50,uuid:62390282-72bc-4215-ad7c-c8002bf36b50/sclamp/FAW_Support[1]
Mechanically_Remove_The_Insect,Send_A_Cow,,uuid:62390282-72bc-4215-ad7c-c8002bf36b50,uuid:62390282-72bc-4215-ad7c-c8002bf36b50/sclamp/FAW_Support[2]
Training_on_Pest_and_disease_mngt,Send_A_Cow,,uuid:89671743-574b-4439-b8a6-7d9bb858a5b2,uuid:89671743-574b-4439-b8a6-7d9bb858a5b2/sclamp/FAW_Support[1]
Mechanically_Remove_The_Insect,Send_A_Cow,,uuid:89671743-574b-4439-b8a6-7d9bb858a5b2,uuid:89671743-574b-4439-b8a6-7d9bb858a5b2/sclamp/FAW_Support[2]
Mechanically_Remove_The_Insect,Govt_extension_agent,,uuid:89671743-574b-4439-b8a6-7d9bb858a5b2,uuid:89671743-574b-4439-b8a6-7d9bb858a5b2/sclamp/FAW_Support[3]
Training_on_Pest_and_disease_mngt,Send_A_Cow,,uuid:786577cf-d968-4fdc-bb04-f62957f23cd1,uuid:786577cf-d968-4fdc-bb04-f62957f23cd1/sclamp/FAW_Support[1]
Mechanically_Remove_The_Insect,Send_A_Cow,,uuid:786577cf-d968-4fdc-bb04-f62957f23cd1,uuid:786577cf-d968-4fdc-bb04-f62957f23cd1/sclamp/FAW_Support[2]
Mechanically_Remove_The_Insect,Govt_extension_agent,,uuid:786577cf-d968-4fdc-bb04-f62957f23cd1,uuid:786577cf-d968-4fdc-bb04-f62957f23cd1/sclamp/FAW_Support[3]
Mechanically_Remove_The_Insect,Govt_extension_agent,,uuid:0ff30313-3054-427a-a4f6-7c62e26c0ca9,uuid:0ff30313-3054-427a-a4f6-7c62e26c0ca9/sclamp/FAW_Support[1]
Field_hygiene,Govt_extension_agent,,uuid:0ff30313-3054-427a-a4f6-7c62e26c0ca9,uuid:0ff30313-3054-427a-a4f6-7c62e26c0ca9/sclamp/FAW_Support[2]
Mechanically_Remove_The_Insect,Send_A_Cow,,uuid:ec90fa10-6250-4d66-84a5-4b1904f6e0bb,uuid:ec90fa10-6250-4d66-84a5-4b1904f6e0bb/sclamp/FAW_Support[1]
Mechanically_Remove_The_Insect,Govt_extension_agent,,uuid:0a48c965-6165-4f8e-839f-efa6d718b7df,uuid:0a48c965-6165-4f8e-839f-efa6d718b7df/sclamp/FAW_Support[1]
Training_on_Pest_and_disease_mngt,Send_A_Cow,,uuid:1c3fb036-4aee-45d9-afc3-fe04c9d5285b,uuid:1c3fb036-4aee-45d9-afc3-fe04c9d5285b/sclamp/FAW_Support[1]
Mechanically_Remove_The_Insect,Govt_extension_agent,,uuid:d0419f50-496f-4653-8356-a65bb1d961db,uuid:d0419f50-496f-4653-8356-a65bb1d961db/sclamp/FAW_Support[1]
Mechanically_Remove_The_Insect,Send_A_Cow,,uuid:d0ff3a7f-dc02-42d8-8669-9ac26e9eb034,uuid:d0ff3a7f-dc02-42d8-8669-9ac26e9eb034/sclamp/FAW_Support[1]
Mechanically_Remove_The_Insect,Send_A_Cow,,uuid:8161a92e-2d14-4497-9a56-266b0978c7b4,uuid:8161a92e-2d14-4497-9a56-266b0978c7b4/sclamp/FAW_Support[1]
Mechanically_Remove_The_Insect,Govt_extension_agent,,uuid:07d8ebaa-6123-4bd7-ac53-2dd57b81bfb2,uuid:07d8ebaa-6123-4bd7-ac53-2dd57b81bfb2/sclamp/FAW_Support[1]
Mechanically_Remove_The_Insect,Govt_extension_agent,,uuid:ac5238f5-8c63-4378-ac2d-c965fdbc3833,uuid:ac5238f5-8c63-4378-ac2d-c965fdbc3833/sclamp/FAW_Support[1]
Mechanically_Remove_The_Insect,Send_A_Cow,,uuid:aed7ec83-711e-4f54-8452-3c3fd46ca518,uuid:aed7ec83-711e-4f54-8452-3c3fd46ca518/sclamp/FAW_Support[1]
Training_on_Pest_and_disease_mngt,Send_A_Cow,,uuid:969a7c0e-248f-45d9-b86d-3e5c9faeb1cf,uuid:969a7c0e-248f-45d9-b86d-3e5c9faeb1cf/sclamp/FAW_Support[1]
Training_on_Pest_and_disease_mngt,Send_A_Cow,,uuid:69945aaa-0aff-4bcc-9aa6-f5a1f376191e,uuid:69945aaa-0aff-4bcc-9aa6-f5a1f376191e/sclamp/FAW_Support[1]
Mechanically_Remove_The_Insect,Send_A_Cow,,uuid:69945aaa-0aff-4bcc-9aa6-f5a1f376191e,uuid:69945aaa-0aff-4bcc-9aa6-f5a1f376191e/sclamp/FAW_Support[2]
Training_on_Pest_and_disease_mngt,Govt_extension_agent,,uuid:69945aaa-0aff-4bcc-9aa6-f5a1f376191e,uuid:69945aaa-0aff-4bcc-9aa6-f5a1f376191e/sclamp/FAW_Support[3]
Mechanically_Remove_The_Insect,Govt_extension_agent,,uuid:69945aaa-0aff-4bcc-9aa6-f5a1f376191e,uuid:69945aaa-0aff-4bcc-9aa6-f5a1f376191e/sclamp/FAW_Support[4]
Field_hygiene,Govt_extension_agent,,uuid:69945aaa-0aff-4bcc-9aa6-f5a1f376191e,uuid:69945aaa-0aff-4bcc-9aa6-f5a1f376191e/sclamp/FAW_Support[5]
Training_on_Pest_and_disease_mngt,Send_A_Cow,,uuid:d5a840e0-1120-4651-bb40-cecfebbdacb9,uuid:d5a840e0-1120-4651-bb40-cecfebbdacb9/sclamp/FAW_Support[1]
Mechanically_Remove_The_Insect,Send_A_Cow,,uuid:d5a840e0-1120-4651-bb40-cecfebbdacb9,uuid:d5a840e0-1120-4651-bb40-cecfebbdacb9/sclamp/FAW_Support[2]
Training_on_Pest_and_disease_mngt,Govt_extension_agent,,uuid:d5a840e0-1120-4651-bb40-cecfebbdacb9,uuid:d5a840e0-1120-4651-bb40-cecfebbdacb9/sclamp/FAW_Support[3]
Mechanically_Remove_The_Insect,Govt_extension_agent,,uuid:d5a840e0-1120-4651-bb40-cecfebbdacb9,uuid:d5a840e0-1120-4651-bb40-cecfebbdacb9/sclamp/FAW_Support[4]
Training_on_Pest_and_disease_mngt,Send_A_Cow,,uuid:634b9ced-e444-4faa-900e-895ec3e7a9ee,uuid:634b9ced-e444-4faa-900e-895ec3e7a9ee/sclamp/FAW_Support[1]
Mechanically_Remove_The_Insect,Send_A_Cow,,uuid:634b9ced-e444-4faa-900e-895ec3e7a9ee,uuid:634b9ced-e444-4faa-900e-895ec3e7a9ee/sclamp/FAW_Support[2]
Training_on_Pest_and_disease_mngt,Govt_extension_agent,,uuid:634b9ced-e444-4faa-900e-895ec3e7a9ee,uuid:634b9ced-e444-4faa-900e-895ec3e7a9ee/sclamp/FAW_Support[3]
Mechanically_Remove_The_Insect,Govt_extension_agent,,uuid:634b9ced-e444-4faa-900e-895ec3e7a9ee,uuid:634b9ced-e444-4faa-900e-895ec3e7a9ee/sclamp/FAW_Support[4]
Training_on_Pest_and_disease_mngt,Send_A_Cow,,uuid:abd5a443-de66-4004-a340-e0dafcaf25c0,uuid:abd5a443-de66-4004-a340-e0dafcaf25c0/sclamp/FAW_Support[1]
Mechanically_Remove_The_Insect,Send_A_Cow,,uuid:abd5a443-de66-4004-a340-e0dafcaf25c0,uuid:abd5a443-de66-4004-a340-e0dafcaf25c0/sclamp/FAW_Support[2]
Field_hygiene,Send_A_Cow,,uuid:abd5a443-de66-4004-a340-e0dafcaf25c0,uuid:abd5a443-de66-4004-a340-e0dafcaf25c0/sclamp/FAW_Support[3]
None,None,,uuid:230a128c-2abf-448d-848a-50abaec5e52e,uuid:230a128c-2abf-448d-848a-50abaec5e52e/sclamp/FAW_Support[1]
Training_on_Pest_and_disease_mngt,Send_A_Cow,,uuid:281df583-0663-4d14-af22-7af60826674e,uuid:281df583-0663-4d14-af22-7af60826674e/sclamp/FAW_Support[1]
Training_on_Pest_and_disease_mngt,Send_A_Cow,,uuid:41db1e6c-9cf2-4038-95d5-aef284dacfe2,uuid:41db1e6c-9cf2-4038-95d5-aef284dacfe2/sclamp/FAW_Support[1]
Mechanically_Remove_The_Insect,Send_A_Cow,,uuid:41db1e6c-9cf2-4038-95d5-aef284dacfe2,uuid:41db1e6c-9cf2-4038-95d5-aef284dacfe2/sclamp/FAW_Support[2]
Training_on_Pest_and_disease_mngt,Send_A_Cow,,uuid:ead0cd3f-2f2f-4ba8-ac3f-b6fc9f619c8e,uuid:ead0cd3f-2f2f-4ba8-ac3f-b6fc9f619c8e/sclamp/FAW_Support[1]
Mechanically_Remove_The_Insect,Send_A_Cow,,uuid:ead0cd3f-2f2f-4ba8-ac3f-b6fc9f619c8e,uuid:ead0cd3f-2f2f-4ba8-ac3f-b6fc9f619c8e/sclamp/FAW_Support[2]
None,None,,uuid:ead0cd3f-2f2f-4ba8-ac3f-b6fc9f619c8e,uuid:ead0cd3f-2f2f-4ba8-ac3f-b6fc9f619c8e/sclamp/FAW_Support[3]
Training_on_Pest_and_disease_mngt,Send_A_Cow,,uuid:ef4261d2-2223-42c3-b136-cafba10016ed,uuid:ef4261d2-2223-42c3-b136-cafba10016ed/sclamp/FAW_Support[1]
PPT_Desmodium_Bracheria_Seed,Send_A_Cow,,uuid:84e66a03-20db-4f52-95ce-107797457683,uuid:84e66a03-20db-4f52-95ce-107797457683/sclamp/FAW_Support[1]
Training_on_Pest_and_disease_mngt,Send_A_Cow,,uuid:84e66a03-20db-4f52-95ce-107797457683,uuid:84e66a03-20db-4f52-95ce-107797457683/sclamp/FAW_Support[2]
PPT_Desmodium_Bracheria_Seed,Send_A_Cow,,uuid:b4ed47f0-8a4e-4eb1-87b4-ffd8c5c28ae0,uuid:b4ed47f0-8a4e-4eb1-87b4-ffd8c5c28ae0/sclamp/FAW_Support[1]
Training_on_Pest_and_disease_mngt,Send_A_Cow,,uuid:b4ed47f0-8a4e-4eb1-87b4-ffd8c5c28ae0,uuid:b4ed47f0-8a4e-4eb1-87b4-ffd8c5c28ae0/sclamp/FAW_Support[2]
PPT_Desmodium_Bracheria_Seed,Send_A_Cow,,uuid:2770f049-6cd8-4e08-a644-dad2d08fe44b,uuid:2770f049-6cd8-4e08-a644-dad2d08fe44b/sclamp/FAW_Support[1]
Training_on_Pest_and_disease_mngt,Send_A_Cow,,uuid:2770f049-6cd8-4e08-a644-dad2d08fe44b,uuid:2770f049-6cd8-4e08-a644-dad2d08fe44b/sclamp/FAW_Support[2]
Mechanically_Remove_The_Insect,Govt_extension_agent,,uuid:2770f049-6cd8-4e08-a644-dad2d08fe44b,uuid:2770f049-6cd8-4e08-a644-dad2d08fe44b/sclamp/FAW_Support[3]
Training_on_Pest_and_disease_mngt,Send_A_Cow,,uuid:4d6070ee-e108-42ce-b5cd-c8e005f324fd,uuid:4d6070ee-e108-42ce-b5cd-c8e005f324fd/sclamp/FAW_Support[1]
Mechanically_Remove_The_Insect,Govt_extension_agent,,uuid:4d6070ee-e108-42ce-b5cd-c8e005f324fd,uuid:4d6070ee-e108-42ce-b5cd-c8e005f324fd/sclamp/FAW_Support[2]
PPT_Desmodium_Bracheria_Seed,Send_A_Cow,,uuid:953bb003-0309-4e8e-b809-7b0cbcf7b6f6,uuid:953bb003-0309-4e8e-b809-7b0cbcf7b6f6/sclamp/FAW_Support[1]
Training_on_Pest_and_disease_mngt,Send_A_Cow,,uuid:953bb003-0309-4e8e-b809-7b0cbcf7b6f6,uuid:953bb003-0309-4e8e-b809-7b0cbcf7b6f6/sclamp/FAW_Support[2]
Mechanically_Remove_The_Insect,Govt_extension_agent,,uuid:953bb003-0309-4e8e-b809-7b0cbcf7b6f6,uuid:953bb003-0309-4e8e-b809-7b0cbcf7b6f6/sclamp/FAW_Support[3]
other,Govt_extension_agent,,uuid:953bb003-0309-4e8e-b809-7b0cbcf7b6f6,uuid:953bb003-0309-4e8e-b809-7b0cbcf7b6f6/sclamp/FAW_Support[4]
Mechanically_Remove_The_Insect,Fellow_farmers,,uuid:56174e33-4ce2-4db7-8e29-86a80a7ee3ed,uuid:56174e33-4ce2-4db7-8e29-86a80a7ee3ed/sclamp/FAW_Support[1]
Mechanically_Remove_The_Insect,Govt_extension_agent,,uuid:0619ce6e-c1ea-43ec-93d0-8d6940ecc450,uuid:0619ce6e-c1ea-43ec-93d0-8d6940ecc450/sclamp/FAW_Support[1]
Training_on_Pest_and_disease_mngt,Govt_extension_agent,,uuid:0619ce6e-c1ea-43ec-93d0-8d6940ecc450,uuid:0619ce6e-c1ea-43ec-93d0-8d6940ecc450/sclamp/FAW_Support[2]
Training_on_Pest_and_disease_mngt,Govt_extension_agent,,uuid:8be0f84a-90ec-403e-ab5c-6bae76817a2b,uuid:8be0f84a-90ec-403e-ab5c-6bae76817a2b/sclamp/FAW_Support[1]
Mechanically_Remove_The_Insect,Govt_extension_agent,,uuid:8be0f84a-90ec-403e-ab5c-6bae76817a2b,uuid:8be0f84a-90ec-403e-ab5c-6bae76817a2b/sclamp/FAW_Support[2]
Training_on_Pest_and_disease_mngt,Send_A_Cow,,uuid:c4093b32-2dae-42c8-bb55-0d437da5bd9e,uuid:c4093b32-2dae-42c8-bb55-0d437da5bd9e/sclamp/FAW_Support[1]
Improved_seed,Send_A_Cow,,uuid:c4093b32-2dae-42c8-bb55-0d437da5bd9e,uuid:c4093b32-2dae-42c8-bb55-0d437da5bd9e/sclamp/FAW_Support[2]
Mechanically_Remove_The_Insect,Send_A_Cow,,uuid:c4093b32-2dae-42c8-bb55-0d437da5bd9e,uuid:c4093b32-2dae-42c8-bb55-0d437da5bd9e/sclamp/FAW_Support[3]
Mechanically_Remove_The_Insect,Govt_extension_agent,,uuid:d66fbe2e-5c1a-42bd-b662-59c872d1a9fd,uuid:d66fbe2e-5c1a-42bd-b662-59c872d1a9fd/sclamp/FAW_Support[1]
Training_on_Pest_and_disease_mngt,Govt_extension_agent,,uuid:d66fbe2e-5c1a-42bd-b662-59c872d1a9fd,uuid:d66fbe2e-5c1a-42bd-b662-59c872d1a9fd/sclamp/FAW_Support[2]
Mechanically_Remove_The_Insect,Govt_extension_agent,,uuid:93cc986d-1e5c-4e37-a7dd-00259500134e,uuid:93cc986d-1e5c-4e37-a7dd-00259500134e/sclamp/FAW_Support[1]
Mechanically_Remove_The_Insect,Govt_extension_agent,,uuid:9a242df6-5891-40ed-98db-1a1419fb73e1,uuid:9a242df6-5891-40ed-98db-1a1419fb73e1/sclamp/FAW_Support[1]
Improved_seed,Govt_extension_agent,,uuid:9a242df6-5891-40ed-98db-1a1419fb73e1,uuid:9a242df6-5891-40ed-98db-1a1419fb73e1/sclamp/FAW_Support[2]
Training_on_Pest_and_disease_mngt,Send_A_Cow,,uuid:a67ed5a9-7381-48d1-8a5b-566135339009,uuid:a67ed5a9-7381-48d1-8a5b-566135339009/sclamp/FAW_Support[1]
PPT_Desmodium_Bracheria_Seed,Send_A_Cow,,uuid:71fea1b6-0a4e-4575-9f25-caeb96c706fe,uuid:71fea1b6-0a4e-4575-9f25-caeb96c706fe/sclamp/FAW_Support[1]
Mechanically_Remove_The_Insect,Send_A_Cow,,uuid:1bd3c7f2-43a9-4575-973e-e5f24574cf8f,uuid:1bd3c7f2-43a9-4575-973e-e5f24574cf8f/sclamp/FAW_Support[1]
Mechanically_Remove_The_Insect,Send_A_Cow,,uuid:3a307825-2ca1-4438-9a53-1b2154741de8,uuid:3a307825-2ca1-4438-9a53-1b2154741de8/sclamp/FAW_Support[1]
Improved_seed,Send_A_Cow,,uuid:f8c6e72c-d788-4ce6-accb-d3317aaf0235,uuid:f8c6e72c-d788-4ce6-accb-d3317aaf0235/sclamp/FAW_Support[1]
Mechanically_Remove_The_Insect,Govt_extension_agent,,uuid:47f7598e-065d-4001-ade4-3e581b017370,uuid:47f7598e-065d-4001-ade4-3e581b017370/sclamp/FAW_Support[1]
Improved_seed,Farmer_group,,uuid:10f3f0fd-377f-4bbb-8f40-b76ab2cb1e2a,uuid:10f3f0fd-377f-4bbb-8f40-b76ab2cb1e2a/sclamp/FAW_Support[1]
Training_on_Pest_and_disease_mngt,Govt_extension_agent,,uuid:7598ef6d-eb56-4791-876b-6ee9d8bf128c,uuid:7598ef6d-eb56-4791-876b-6ee9d8bf128c/sclamp/FAW_Support[1]
Training_on_Pest_and_disease_mngt,Govt_extension_agent,,uuid:d8bc0fae-ef04-45d5-81c8-a7b9a2fda39a,uuid:d8bc0fae-ef04-45d5-81c8-a7b9a2fda39a/sclamp/FAW_Support[1]
Training_on_Pest_and_disease_mngt,NGO,,uuid:0e547f17-90c4-4286-ae22-1eba4b4c22e1,uuid:0e547f17-90c4-4286-ae22-1eba4b4c22e1/sclamp/FAW_Support[1]
Mechanically_Remove_The_Insect,Send_A_Cow,,uuid:107818cf-8f59-43f6-af93-c8cb4b6e74d8,uuid:107818cf-8f59-43f6-af93-c8cb4b6e74d8/sclamp/FAW_Support[1]
PPT_Desmodium_Bracheria_Seed,Send_A_Cow,,uuid:107818cf-8f59-43f6-af93-c8cb4b6e74d8,uuid:107818cf-8f59-43f6-af93-c8cb4b6e74d8/sclamp/FAW_Support[2]
Training_on_Pest_and_disease_mngt,Send_A_Cow,,uuid:107818cf-8f59-43f6-af93-c8cb4b6e74d8,uuid:107818cf-8f59-43f6-af93-c8cb4b6e74d8/sclamp/FAW_Support[3]
PPT_Desmodium_Bracheria_Seed,Send_A_Cow,,uuid:d8e942a4-e04e-438f-8827-de2e8b42b9e4,uuid:d8e942a4-e04e-438f-8827-de2e8b42b9e4/sclamp/FAW_Support[1]
Mechanically_Remove_The_Insect,Send_A_Cow,,uuid:d8e942a4-e04e-438f-8827-de2e8b42b9e4,uuid:d8e942a4-e04e-438f-8827-de2e8b42b9e4/sclamp/FAW_Support[2]
Training_on_Pest_and_disease_mngt,Send_A_Cow,,uuid:d8e942a4-e04e-438f-8827-de2e8b42b9e4,uuid:d8e942a4-e04e-438f-8827-de2e8b42b9e4/sclamp/FAW_Support[3]
Mechanically_Remove_The_Insect,Send_A_Cow,,uuid:6500c3fe-1afc-4d33-bf30-283fa37435f5,uuid:6500c3fe-1afc-4d33-bf30-283fa37435f5/sclamp/FAW_Support[1]
Training_on_Pest_and_disease_mngt,Send_A_Cow,,uuid:b63dc68e-45c4-4bfd-b79f-0a9a1d489c5a,uuid:b63dc68e-45c4-4bfd-b79f-0a9a1d489c5a/sclamp/FAW_Support[1]
PPT_Desmodium_Bracheria_Seed,Send_A_Cow,,uuid:b63dc68e-45c4-4bfd-b79f-0a9a1d489c5a,uuid:b63dc68e-45c4-4bfd-b79f-0a9a1d489c5a/sclamp/FAW_Support[2]
Improved_seed,Send_A_Cow,,uuid:b63dc68e-45c4-4bfd-b79f-0a9a1d489c5a,uuid:b63dc68e-45c4-4bfd-b79f-0a9a1d489c5a/sclamp/FAW_Support[3]
Training_on_Pest_and_disease_mngt,Send_A_Cow,,uuid:8ab6b6d9-9499-4c52-b33c-1342dcf61576,uuid:8ab6b6d9-9499-4c52-b33c-1342dcf61576/sclamp/FAW_Support[1]
Training_on_Pest_and_disease_mngt,Govt_extension_agent,,uuid:526fa497-d47e-4033-8c4d-80da54f102f5,uuid:526fa497-d47e-4033-8c4d-80da54f102f5/sclamp/FAW_Support[1]
Training_on_Pest_and_disease_mngt,Send_A_Cow,,uuid:a88b79cd-e92d-4b29-a107-24bd6a94393a,uuid:a88b79cd-e92d-4b29-a107-24bd6a94393a/sclamp/FAW_Support[1]
Training_on_Pest_and_disease_mngt,Govt_extension_agent,,uuid:6348323a-f336-4cbb-9407-46baa058775d,uuid:6348323a-f336-4cbb-9407-46baa058775d/sclamp/FAW_Support[1]
Mechanically_Remove_The_Insect,Govt_extension_agent,,uuid:6348323a-f336-4cbb-9407-46baa058775d,uuid:6348323a-f336-4cbb-9407-46baa058775d/sclamp/FAW_Support[2]
None,None,,uuid:0a82b76f-e1ee-4c04-9525-b839df021e63,uuid:0a82b76f-e1ee-4c04-9525-b839df021e63/sclamp/FAW_Support[1]
Training_on_Pest_and_disease_mngt,Send_A_Cow,,uuid:df048984-c2e4-44f8-accf-f2e727b8634f,uuid:df048984-c2e4-44f8-accf-f2e727b8634f/sclamp/FAW_Support[1]
PPT_Desmodium_Bracheria_Seed,Send_A_Cow,,uuid:53b4df1c-2384-40a9-a021-59ececd4b9cd,uuid:53b4df1c-2384-40a9-a021-59ececd4b9cd/sclamp/FAW_Support[1]
Training_on_Pest_and_disease_mngt,Send_A_Cow,,uuid:53b4df1c-2384-40a9-a021-59ececd4b9cd,uuid:53b4df1c-2384-40a9-a021-59ececd4b9cd/sclamp/FAW_Support[2]
Mechanically_Remove_The_Insect,Govt_extension_agent,,uuid:53b4df1c-2384-40a9-a021-59ececd4b9cd,uuid:53b4df1c-2384-40a9-a021-59ececd4b9cd/sclamp/FAW_Support[3]
Training_on_Pest_and_disease_mngt,Send_A_Cow,,uuid:c5517e73-83b1-47cc-aa6a-a915c1fb18b9,uuid:c5517e73-83b1-47cc-aa6a-a915c1fb18b9/sclamp/FAW_Support[1]
Mechanically_Remove_The_Insect,Govt_extension_agent,,uuid:c5517e73-83b1-47cc-aa6a-a915c1fb18b9,uuid:c5517e73-83b1-47cc-aa6a-a915c1fb18b9/sclamp/FAW_Support[2]
Training_on_Pest_and_disease_mngt,Send_A_Cow,,uuid:1f949352-87b0-4209-bcaa-413d53b4bc61,uuid:1f949352-87b0-4209-bcaa-413d53b4bc61/sclamp/FAW_Support[1]
Mechanically_Remove_The_Insect,Govt_extension_agent,,uuid:1f949352-87b0-4209-bcaa-413d53b4bc61,uuid:1f949352-87b0-4209-bcaa-413d53b4bc61/sclamp/FAW_Support[2]
Training_on_Pest_and_disease_mngt,Send_A_Cow,,uuid:df0cfe0a-dc0e-4cd2-9448-52965b67f9b0,uuid:df0cfe0a-dc0e-4cd2-9448-52965b67f9b0/sclamp/FAW_Support[1]
Training_on_Pest_and_disease_mngt,Send_A_Cow,,uuid:df0cfe0a-dc0e-4cd2-9448-52965b67f9b0,uuid:df0cfe0a-dc0e-4cd2-9448-52965b67f9b0/sclamp/FAW_Support[2]
PPT_Desmodium_Bracheria_Seed,Send_A_Cow,,uuid:ff66a50d-1040-407d-9121-f2b5d613dbd6,uuid:ff66a50d-1040-407d-9121-f2b5d613dbd6/sclamp/FAW_Support[1]
Training_on_Pest_and_disease_mngt,Send_A_Cow,,uuid:ff66a50d-1040-407d-9121-f2b5d613dbd6,uuid:ff66a50d-1040-407d-9121-f2b5d613dbd6/sclamp/FAW_Support[2]
Mechanically_Remove_The_Insect,Send_A_Cow,,uuid:ff66a50d-1040-407d-9121-f2b5d613dbd6,uuid:ff66a50d-1040-407d-9121-f2b5d613dbd6/sclamp/FAW_Support[3]
Training_on_Pest_and_disease_mngt,Send_A_Cow,,uuid:e38361f5-f70a-498e-8229-ed6c9ed68efe,uuid:e38361f5-f70a-498e-8229-ed6c9ed68efe/sclamp/FAW_Support[1]
PPT_Desmodium_Bracheria_Seed,Send_A_Cow,,uuid:e38361f5-f70a-498e-8229-ed6c9ed68efe,uuid:e38361f5-f70a-498e-8229-ed6c9ed68efe/sclamp/FAW_Support[2]
Mechanically_Remove_The_Insect,Govt_extension_agent,,uuid:057a0865-2dec-406a-b8fe-fffbaee643a1,uuid:057a0865-2dec-406a-b8fe-fffbaee643a1/sclamp/FAW_Support[1]
Mechanically_Remove_The_Insect,Govt_extension_agent,,uuid:1cd6fd53-0a95-41dc-a18f-3f6e7cbb776c,uuid:1cd6fd53-0a95-41dc-a18f-3f6e7cbb776c/sclamp/FAW_Support[1]
Mechanically_Remove_The_Insect,Govt_extension_agent,,uuid:9c31f4bc-b98f-4f27-a093-8f15d3ad43de,uuid:9c31f4bc-b98f-4f27-a093-8f15d3ad43de/sclamp/FAW_Support[1]
Training_on_Pest_and_disease_mngt,Govt_extension_agent,,uuid:9c31f4bc-b98f-4f27-a093-8f15d3ad43de,uuid:9c31f4bc-b98f-4f27-a093-8f15d3ad43de/sclamp/FAW_Support[2]
Mechanically_Remove_The_Insect,Govt_extension_agent,,uuid:02a7e501-004b-4b64-b09a-1f0a375e3c69,uuid:02a7e501-004b-4b64-b09a-1f0a375e3c69/sclamp/FAW_Support[1]
Training_on_Pest_and_disease_mngt,Send_A_Cow,,uuid:0068762b-02b2-4b86-9cca-c48f3392d6c9,uuid:0068762b-02b2-4b86-9cca-c48f3392d6c9/sclamp/FAW_Support[1]
Mechanically_Remove_The_Insect,Send_A_Cow,,uuid:0068762b-02b2-4b86-9cca-c48f3392d6c9,uuid:0068762b-02b2-4b86-9cca-c48f3392d6c9/sclamp/FAW_Support[2]
PPT_Desmodium_Bracheria_Seed,Send_A_Cow,,uuid:b84134f7-b8d1-4510-b6c5-bc03d563dd64,uuid:b84134f7-b8d1-4510-b6c5-bc03d563dd64/sclamp/FAW_Support[1]
PPT_Desmodium_Bracheria_Seed,Send_A_Cow,,uuid:757448df-5130-4ce3-a016-58533711d6f7,uuid:757448df-5130-4ce3-a016-58533711d6f7/sclamp/FAW_Support[1]
Training_on_Pest_and_disease_mngt,Send_A_Cow,,uuid:bf19b421-289e-47bf-8631-41f5b9b8d604,uuid:bf19b421-289e-47bf-8631-41f5b9b8d604/sclamp/FAW_Support[1]
Mechanically_Remove_The_Insect,Send_A_Cow,,uuid:bf19b421-289e-47bf-8631-41f5b9b8d604,uuid:bf19b421-289e-47bf-8631-41f5b9b8d604/sclamp/FAW_Support[2]
Training_on_Pest_and_disease_mngt,Send_A_Cow,,uuid:a0da42a9-95dc-4edf-895d-4ee402137efc,uuid:a0da42a9-95dc-4edf-895d-4ee402137efc/sclamp/FAW_Support[1]
PPT_Desmodium_Bracheria_Seed,Send_A_Cow,,uuid:a0da42a9-95dc-4edf-895d-4ee402137efc,uuid:a0da42a9-95dc-4edf-895d-4ee402137efc/sclamp/FAW_Support[2]
PPT_Desmodium_Bracheria_Seed,Send_A_Cow,,uuid:7029a782-c72b-4026-822e-160cf802e05c,uuid:7029a782-c72b-4026-822e-160cf802e05c/sclamp/FAW_Support[1]
Improved_seed,Send_A_Cow,,uuid:c7537579-8189-4342-a24b-79ccaaef2585,uuid:c7537579-8189-4342-a24b-79ccaaef2585/sclamp/FAW_Support[1]
PPT_Desmodium_Bracheria_Seed,Send_A_Cow,,uuid:07493926-1be7-42b2-8311-ade7a64c4c59,uuid:07493926-1be7-42b2-8311-ade7a64c4c59/sclamp/FAW_Support[1]
Training_on_Pest_and_disease_mngt,Send_A_Cow,,uuid:1d3e5fe7-18f2-4bb1-a49f-5f595c70461a,uuid:1d3e5fe7-18f2-4bb1-a49f-5f595c70461a/sclamp/FAW_Support[1]
Mechanically_Remove_The_Insect,Send_A_Cow,,uuid:b903506a-6b27-4ed7-a5c4-8f34046bef61,uuid:b903506a-6b27-4ed7-a5c4-8f34046bef61/sclamp/FAW_Support[1]
PPT_Desmodium_Bracheria_Seed,Send_A_Cow,,uuid:13e05321-3ad1-477a-898a-f2ae74f4d31b,uuid:13e05321-3ad1-477a-898a-f2ae74f4d31b/sclamp/FAW_Support[1]
Training_on_Pest_and_disease_mngt,Send_A_Cow,,uuid:55c1fb07-2bde-48ab-b3a7-8869c3324478,uuid:55c1fb07-2bde-48ab-b3a7-8869c3324478/sclamp/FAW_Support[1]
Training_on_Pest_and_disease_mngt,Fellow_farmers,,uuid:2a3def89-a320-4d41-8b40-74bd63cab3e1,uuid:2a3def89-a320-4d41-8b40-74bd63cab3e1/sclamp/FAW_Support[1]
Training_on_Pest_and_disease_mngt,Send_A_Cow,,uuid:b45c8070-bf4e-477f-b7d3-fb3857e96693,uuid:b45c8070-bf4e-477f-b7d3-fb3857e96693/sclamp/FAW_Support[1]
Mechanically_Remove_The_Insect,Send_A_Cow,,uuid:f62af55d-b570-4e1d-8df8-6b350a8dba64,uuid:f62af55d-b570-4e1d-8df8-6b350a8dba64/sclamp/FAW_Support[1]
Training_on_Pest_and_disease_mngt,Send_A_Cow,,uuid:228971f6-97ee-406b-9ace-f84a795e49f0,uuid:228971f6-97ee-406b-9ace-f84a795e49f0/sclamp/FAW_Support[1]
Mechanically_Remove_The_Insect,Send_A_Cow,,uuid:228971f6-97ee-406b-9ace-f84a795e49f0,uuid:228971f6-97ee-406b-9ace-f84a795e49f0/sclamp/FAW_Support[2]
Improved_seed,Send_A_Cow,,uuid:228971f6-97ee-406b-9ace-f84a795e49f0,uuid:228971f6-97ee-406b-9ace-f84a795e49f0/sclamp/FAW_Support[3]
Mechanically_Remove_The_Insect,Send_A_Cow,,uuid:083e78e8-d166-4a73-a805-7bbae10a725d,uuid:083e78e8-d166-4a73-a805-7bbae10a725d/sclamp/FAW_Support[1]
Improved_seed,Send_A_Cow,,uuid:083e78e8-d166-4a73-a805-7bbae10a725d,uuid:083e78e8-d166-4a73-a805-7bbae10a725d/sclamp/FAW_Support[2]
Training_on_Pest_and_disease_mngt,Send_A_Cow,,uuid:083e78e8-d166-4a73-a805-7bbae10a725d,uuid:083e78e8-d166-4a73-a805-7bbae10a725d/sclamp/FAW_Support[3]
Training_on_Pest_and_disease_mngt,Send_A_Cow,,uuid:81d5d5bb-48a6-45fd-989f-4ccafcec1198,uuid:81d5d5bb-48a6-45fd-989f-4ccafcec1198/sclamp/FAW_Support[1]
Training_on_Pest_and_disease_mngt,Send_A_Cow,,uuid:eb82f24e-d4cd-4f3c-be41-7edf0a9a8a5a,uuid:eb82f24e-d4cd-4f3c-be41-7edf0a9a8a5a/sclamp/FAW_Support[1]
Training_on_Pest_and_disease_mngt,Send_A_Cow,,uuid:1ad9a45a-af6b-4166-af88-595f4f4d99a8,uuid:1ad9a45a-af6b-4166-af88-595f4f4d99a8/sclamp/FAW_Support[1]
Training_on_Pest_and_disease_mngt,Send_A_Cow,,uuid:aa9b389b-2f82-40f9-9d31-ad21265fe6ab,uuid:aa9b389b-2f82-40f9-9d31-ad21265fe6ab/sclamp/FAW_Support[1]
Mechanically_Remove_The_Insect,Send_A_Cow,,uuid:e3726e42-495f-4a0a-9562-094c7e7a62ef,uuid:e3726e42-495f-4a0a-9562-094c7e7a62ef/sclamp/FAW_Support[1]
Mechanically_Remove_The_Insect,Send_A_Cow,,uuid:fa7ad795-633f-458f-a7d5-6e3016bbd179,uuid:fa7ad795-633f-458f-a7d5-6e3016bbd179/sclamp/FAW_Support[1]
Training_on_Pest_and_disease_mngt,Send_A_Cow,,uuid:b13551ec-30b6-476b-bc6f-f6b8c417825e,uuid:b13551ec-30b6-476b-bc6f-f6b8c417825e/sclamp/FAW_Support[1]
None,None,,uuid:b13551ec-30b6-476b-bc6f-f6b8c417825e,uuid:b13551ec-30b6-476b-bc6f-f6b8c417825e/sclamp/FAW_Support[2]
None,None,,uuid:b13551ec-30b6-476b-bc6f-f6b8c417825e,uuid:b13551ec-30b6-476b-bc6f-f6b8c417825e/sclamp/FAW_Support[3]
None,None,,uuid:d400aac4-934d-4a92-9463-21e0c8816878,uuid:d400aac4-934d-4a92-9463-21e0c8816878/sclamp/FAW_Support[1]
Training_on_Pest_and_disease_mngt,Send_A_Cow,,uuid:49d6e826-eb6c-4944-b722-2c8c11ddd68b,uuid:49d6e826-eb6c-4944-b722-2c8c11ddd68b/sclamp/FAW_Support[1]
PPT_Desmodium_Bracheria_Seed,Send_A_Cow,,uuid:49d6e826-eb6c-4944-b722-2c8c11ddd68b,uuid:49d6e826-eb6c-4944-b722-2c8c11ddd68b/sclamp/FAW_Support[2]
Training_on_Pest_and_disease_mngt,Send_A_Cow,,uuid:ca5c8be2-aad1-452c-a6cc-385bc41a49ab,uuid:ca5c8be2-aad1-452c-a6cc-385bc41a49ab/sclamp/FAW_Support[1]
Training_on_Pest_and_disease_mngt,Send_A_Cow,,uuid:b30122aa-7bb6-4cd4-b4d3-fbe1463e2b28,uuid:b30122aa-7bb6-4cd4-b4d3-fbe1463e2b28/sclamp/FAW_Support[1]
Training_on_Pest_and_disease_mngt,Send_A_Cow,,uuid:ea6e450a-49ef-443b-9aa3-abff3a992274,uuid:ea6e450a-49ef-443b-9aa3-abff3a992274/sclamp/FAW_Support[1]
Training_on_Pest_and_disease_mngt,Send_A_Cow,,uuid:b0b72f5e-c3c0-4fdf-a9a3-900724b85bdf,uuid:b0b72f5e-c3c0-4fdf-a9a3-900724b85bdf/sclamp/FAW_Support[1]
Training_on_Pest_and_disease_mngt,Send_A_Cow,,uuid:a9c68765-2a84-4eed-baae-e0ddf3c817c0,uuid:a9c68765-2a84-4eed-baae-e0ddf3c817c0/sclamp/FAW_Support[1]
Training_on_Pest_and_disease_mngt,Send_A_Cow,,uuid:90c7089e-a70c-404d-aab6-868436eee3cf,uuid:90c7089e-a70c-404d-aab6-868436eee3cf/sclamp/FAW_Support[1]
Mechanically_Remove_The_Insect,Govt_extension_agent,,uuid:90c7089e-a70c-404d-aab6-868436eee3cf,uuid:90c7089e-a70c-404d-aab6-868436eee3cf/sclamp/FAW_Support[2]
Training_on_Pest_and_disease_mngt,Send_A_Cow,,uuid:2839b9c2-d235-4d04-945f-3dee312eefcb,uuid:2839b9c2-d235-4d04-945f-3dee312eefcb/sclamp/FAW_Support[1]
Mechanically_Remove_The_Insect,Govt_extension_agent,,uuid:2839b9c2-d235-4d04-945f-3dee312eefcb,uuid:2839b9c2-d235-4d04-945f-3dee312eefcb/sclamp/FAW_Support[2]
